carat,depth,table,price,x,y,z,volume_xyz,area_xy,area_xz,area_yz,price_per_carat,length_width_ratio,depth_ratio,table_depth_ratio,carat_per_volume,price_per_volume,mean_dimension,dimension_cv,class
-0.609,61.5,57,3326 €,6.32,6.36,3.9,156.76128,40.1952,24.648,24.804,3464.583333,0.9937106918,0.6151419558,0.9268292683,0.006123961223,21.21697399,5.526666667,0.2081440791,Ideal
0.56,60.7,57,2318 €,5.39,5.35,3.26,94.00699,28.8365,17.5714,17.441,4139.285714,1.007476636,0.6070763501,0.9390444811,0.005957003836,24.65774088,4.666666667,0.2131709097,Premium
1.05,61,58,7879 €,6.6,6.55,4.01,173.3523,43.23,26.466,26.2655,7503.809524,1.007633588,0.6098859316,0.9508196721,0.006057029529,45.45079586,5.72,0.2114204337,Premium
0.5,61.1,60,1654 €,5.12,5.1,3.12,81.46944,26.112,15.9744,15.912,3308,1.003921569,0.6105675147,0.9819967267,0.006137270613,20.30209119,4.446666667,0.210973882,Premium
2.25,60.5,56,16575 €,8.49,8.54,5.15,373.39869,72.5046,43.7235,43.981,7366.666667,0.9941451991,0.6048150323,0.9256198347,0.006025730835,44.38955048,7.393333333,0.2145727063,Ideal
1.21,62.1,57,5226 €,6.8,6.85,4.24,197.4992,46.58,28.832,29.044,4319.008264,0.9927007299,0.6212454212,0.9178743961,0.006126607095,26.46086668,5.963333333,0.2043742266,Ideal
0.71,62.2,57,3234 €,5.7,5.74,3.56,116.47608,32.718,20.292,20.4344,4554.929577,0.9930313589,0.6223776224,0.9163987138,0.006095672176,27.76535749,5,0.2036729404,Ideal
0.5,62.2,54,1746 €,5.11,5.08,3.17,82.289396,25.9588,16.1987,16.1036,3492,1.005905512,0.6221786065,0.8681672026,0.006076117025,21.21780065,4.453333333,0.203788102,Ideal
0.74,61.3,55,2604 €,5.82,5.89,3.59,123.064482,34.2798,20.8938,21.1451,3518.918919,0.9881154499,0.6131511529,0.8972267537,0.006013107827,21.1596389,5.1,0.2094340396,Ideal
0.59,62,58,1982 €,5.38,5.36,3.33,96.026544,28.8368,17.9154,17.8488,3359.322034,1.003731343,0.6201117318,0.935483871,0.00614413448,20.64012634,4.69,0.2050532801,Premium
0.59,62.1,57,2551 €,5.37,5.38,3.34,96.494604,28.8906,17.9358,17.9692,4323.728814,0.9981412639,0.6213953488,0.9178743961,0.006114331533,26.43671142,4.696666667,0.2042548375,Ideal
1.31,59.4,60,5446 €,7.06,7.12,4.21,211.624912,50.2672,29.7226,29.9752,4157.251908,0.9915730337,0.5937940762,1.01010101,0.006190197494,25.73421035,6.13,0.2215115779,Premium
1.54,62.4,59,6640 €,7.33,7.35,4.58,246.74979,53.8755,33.5714,33.663,4311.688312,0.9972789116,0.6239782016,0.9455128205,0.006241140063,26.90985066,6.42,0.202663878,Premium
1.08,62.4,58,,6.56,6.49,4.07,173.277808,42.5744,26.6992,26.4143,4861.111111,1.010785824,0.6237547893,0.9294871795,0.006232765825,30.29816721,5.706666667,0.2028593828,Premium
1.22,62.1,59,4509 €,6.82,6.77,4.22,194.843308,46.1714,28.7804,28.5694,3695.901639,1.007385524,0.6210448859,0.9500805153,0.00626144163,23.14167238,5.936666667,0.2044983027,Premium
0.31,60.8,59,489 €,4.37,4.41,2.67,51.455439,19.2717,11.6679,11.7747,1577.419355,0.9909297052,0.6082004556,0.9703947368,0.00602463036,9.503368536,3.816666667,0.2124838959,Premium
0.4,61.5,56,1397 €,4.73,4.7,2.9,64.4699,22.231,13.717,13.63,3492.5,1.006382979,0.6150583245,0.9105691057,0.006204445796,21.66902694,4.11,0.208196316,Ideal
,61.8,55,1151 €,4.76,4.78,2.95,67.12076,22.7528,14.042,14.101,2807.317073,0.9958158996,0.6184486373,0.8899676375,0.00610839329,17.14819677,4.163333333,0.2060836859,Ideal
0.55,60.8,56.9,2064 €,5.27,5.31,3.22,1039.007704,27.9837,16.9694,17.0982,3752.727273,0.9924670433,0.6086956522,0.9358552632,0.006103819488,22.90596986,4.6,0.2121617364,Ideal
0.34,61.7,57,537 €,4.46,4.48,2.76,55.147008,19.9808,12.3096,12.3648,1579.411765,0.9955357143,0.6174496644,0.9238249595,0.006165339015,9.737608974,3.9,0.206703354,Ideal
0.58,61,57,1634 €,5.41,5.34,3.28,94.757232,28.8894,17.7448,17.5152,2817.241379,1.013108614,0.6102325581,0.9344262295,0.00612090484,17.24406639,4.676666667,0.2112628328,Premium
1.22,62,60,9581 €,6.74,6.79,4.22,193.126612,45.7646,28.4428,28.6538,7853.278689,0.9926362297,0.6237989653,0.9677419355,0.006317099375,49.6099419,5.916666667,0.2027996863,Premium
0.38,62.7,58,700 €,4.6,4.62,2.89,61.41828,21.252,13.294,13.3518,1842.105263,0.9956709957,0.6268980477,0.9250398724,0.006187083064,11.39725828,4.036666667,0.2008728866,Premium
1.25,61.9,54.4,6779 €,6.9,6.93,4.28,204.65676,47.817,29.532,29.6604,5423.2,0.9956709957,0.6189443239,0.8788368336,0.006107787497,33.12375316,6.036666667,0.2057776847,Ideal
0.5,60.8,55,1768 €,5.19,5.16,3.15,84.35826,26.7804,16.3485,16.254,3536,1.005813953,0.6086956522,0.9046052632,0.005927101863,20.95823219,4.5,0.2121494931,Ideal
0.38,61.4,61,855 €,4.66,4.62,2.85,61.35822,21.5292,13.281,13.167,2250,1.008658009,0.6142241379,0.993485342,0.00619313924,13.93456329,4.043333333,0.2087317618,Premium
,61.3,60,898 €,4.65,4.62,2.84,61.01172,21.483,13.206,13.1208,2363.157895,1.006493506,0.6127292341,0.9787928222,0.006228311544,14.7184836,4.036666667,0.2096432068,Premium
1.28,61.7,55,9342 €,6.97,7.02,4.32,211.375008,48.9294,30.1104,30.3264,7298.4375,0.9928774929,0.6175839886,0.8914100486,0.00605558818,44.19633186,6.103333333,0.2066366402,Ideal
0.55,61.5,61,1645 €,5.27,5.23,3.23,89.025583,27.5621,17.0221,16.8929,2990.909091,1.007648184,0.6152380952,0.9918699187,0.006177999418,18.47783462,4.576666667,0.2080940589,Premium
1.09,62.3,55,5219 €,6.61,6.58,4.11,178.759518,43.4938,27.1671,27.0438,4788.073394,1.004559271,0.6231993935,0.8828250401,0.006097577417,29.1956482,5.766666667,0.2031510271,Ideal
0.4,62.1,62,855 €,4.73,4.7,2.93,65.13683,22.231,13.8589,13.771,2137.5,1.006382979,0.6214209968,0.998389694,0.006140919047,13.12621446,4.12,0.2042587854,Premium
1.32,61.7,56,11584 €,7.04,7.07,4.35,216.51168,49.7728,30.624,30.7545,8775.757576,0.9957567185,0.616583983,0.9076175041,0.00609666878,53.50288723,6.153333333,0.207238577,Ideal
0.5,61.4,59,1845 €,5.15,5.11,3.15,82.896975,26.3165,16.2225,16.0965,3690,1.007827789,0.6140350877,0.9609120521,0.006031583179,22.25654193,4.47,0.2088420112,Premium
0.43,62,55,1207 €,4.82,4.85,3,70.131,23.377,14.46,14.55,2806.976744,0.993814433,0.620475698,0.8870967742,0.006131382698,17.21064864,4.223333333,0.2048415139,Ideal
0.36,61.1,59,770 €,4.59,4.55,2.79,58.267755,20.8845,12.8061,12.6945,2138.888889,1.008791209,0.6105032823,0.9656301146,0.0061783743,13.21485614,3.976666667,0.2110458338,Premium
0.38,62,55,1067 €,4.64,4.68,2.89,62.756928,21.7152,13.4096,13.5252,2807.894737,0.9914529915,0.6201716738,0.8870967742,0.00605510837,17.00210692,4.07,0.2050481043,Ideal
1.22,60,58,11003 €,6.95,6.99,4.18,203.06649,48.5805,29.051,29.2182,9018.852459,0.9942775393,0.599713056,0.9666666667,0.006007884413,54.18422311,6.04,0.2177682097,Ideal
1.12,62.4,58,4321 €,6.63,6.59,4.13,180.446721,43.6917,27.3819,27.2167,3858.035714,1.006069803,0.6248108926,0.9294871795,0.006206818244,23.94612646,5.783333333,0.2021666724,Premium
1.1,61.6,57,4829 €,6.68,6.64,4.1,181.85632,44.3552,27.388,27.224,4390,1.006024096,0.6156156156,0.9253246753,0.006048731218,26.55393005,5.806666667,0.2078483445,Ideal
0.32,62.8,54,828 €,4.41,4.38,2.76,53.311608,19.3158,12.1716,12.0888,2587.5,1.006849315,0.6279863481,0.8598726115,0.006002445096,15.53132669,3.85,0.2002191412,Ideal
1.75,62.2,59,10619 €,7.74,7.7,4.8,286.0704,59.598,37.152,36.96,6068,1.005194805,0.621761658,0.9485530547,0.006117375303,37.12023334,6.746666667,0.2040412146,Premium
0.3,60.8,57,710 €,4.33,4.38,2.65,50.25831,18.9654,11.4745,11.607,2366.666667,0.9885844749,0.6084959816,0.9375,0.005969162115,14.127017,3.786666667,0.2123249655,Ideal
0.71,62.5,57,2604 €,5.67,5.69,3.55,114.531165,32.2623,20.1285,20.1995,3667.605634,0.9964850615,0.625,0.912,0.006199186047,22.73616967,4.97,0.2020371884,Ideal
0.71,60.5,56,2776 €,5.8,5.76,3.5,116.928,33.408,20.3,20.16,3909.859155,1.006944444,0.6055363322,0.9256198347,0.006072112753,23.74110564,5.02,0.2141287558,Ideal
0.58,62.1,55,1332 €,5.38,5.35,3.33,95.84739,28.783,17.9154,17.8155,2296.551724,1.005607477,0.6206896552,0.885668277,0.006051286321,13.89709203,4.686666667,0.2047054861,Premium
1.33,62.5,56,5996 €,7.05,6.99,4.39,216.337005,49.2795,30.9495,30.6861,4508.270677,1.008583691,0.6253561254,0.896,0.006147815534,27.7160165,6.143333333,0.2018506525,Ideal
1.52,62,62,8810 €,7.2,7.13,4.44,227.93184,51.336,31.968,31.6572,5796.052632,1.009817672,0.6196789951,1,0.006668660245,38.65190576,6.256666667,0.2053641695,Premium
0.42,61.7,58,737 €,4.76,4.8,2.95,67.4016,22.848,14.042,14.16,1754.761905,0.9916666667,0.6171548117,0.9400324149,0.006231306082,10.93445853,4.17,0.2069124264,Premium
0.53,60,57,1908 €,5.3,5.27,3.17,88.54127,27.931,16.801,16.7059,3600,1.0056926,0.5998107852,0.95,0.00598590917,21.54927301,4.58,0.2177065028,Ideal
0.54,62.1,57,1385 €,5.22,5.24,3.25,88.8966,27.3528,16.965,17.03,2564.814815,0.9961832061,0.621414914,0.9178743961,0.006074473039,15.57989844,4.57,0.2042487227,Ideal
1.27,62.1,56,5154 €,6.92,6.96,4.31,207.583392,48.1632,29.8252,29.9976,4058.267717,0.9942528736,0.621037464,0.9017713366,0.006118023161,24.82857588,6.063333333,0.2044917146,Ideal
1.6,62.6,59,7903 €,7.51,7.4,4.66,258.97484,55.574,34.9966,34.484,4939.375,1.014864865,0.6250838364,0.9424920128,0.006178206346,30.51647797,6.523333333,0.2020961739,Premium
0.31,62.4,56,1028 €,4.37,4.35,2.72,51.70584,19.0095,11.8864,11.832,3316.129032,1.004597701,0.623853211,0.8974358974,0.005995454285,19.88170002,3.813333333,0.2027482157,Ideal
1.21,59.5,62,5556 €,6.65,6.57,3.84,167.77152,43.6905,25.536,25.2288,4591.735537,1.01217656,0.5809379728,1.042016807,0.00721218953,33.11646697,5.686666667,0.2296949993,Premium
0.7,60.4,56,1926 €,5.71,5.74,3.46,113.402884,32.7754,19.7566,19.8604,2751.428571,0.9947735192,0.6043668122,0.9271523179,0.006172682522,16.98369505,4.97,0.2148493923,Ideal
1.51,61.6,54,9891 €,7.38,7.42,4.57,250.251372,54.7596,33.7266,33.9094,6550.331126,0.9946091644,0.6175675676,0.8766233766,0.006033932953,39.52425883,6.456666667,0.2066352196,Ideal
1.51,61.9,56,10781 €,7.36,7.31,4.54,244.259264,53.8016,33.4144,33.1874,7139.735099,1.006839945,0.6189502386,0.9046849758,0.006181955907,44.13752757,6.403333333,0.205788716,Ideal
0.41,62.4,60,,4.73,4.7,2.94,65.35914,22.231,13.9062,13.818,2587.804878,1.006382979,0.6235418876,0.9615384615,0.006273032356,16.23338373,4.123333333,0.2029505221,Premium
0.57,61.7,54,2095 €,5.32,5.41,3.31,95.265772,28.7812,17.6092,17.9071,3675.438596,0.9833641405,0.6169617894,0.8752025932,0.005983261228,21.99110925,4.68,0.2071437658,Ideal
0.36,59.6,58,851 €,4.65,4.61,2.76,59.16474,21.4365,12.834,12.7236,2363.888889,1.00867679,0.596112311,0.9731543624,0.006084705181,14.38356697,4.006666667,0.220052669,Premium
0.4,61.3,56,1252 €,4.76,4.8,2.93,66.94464,22.848,13.9468,14.064,3130,0.9916666667,0.6129707113,0.9135399674,0.00597508628,18.70202006,4.163333333,0.2095079034,Ideal
0.39,61.8,55,711 €,4.66,4.71,2.9,63.65094,21.9486,13.514,13.659,1823.076923,0.9893842887,0.6189967983,0.8899676375,0.006127167957,11.17029851,4.09,0.2057957505,Ideal
0.71,60.4,58,2297 €,5.8,5.83,3.51,118.68714,33.814,20.358,20.4633,3235.211268,0.9948542024,0.60361135,0.9602649007,0.005982113985,19.35340257,5.046666667,0.2153216199,Premium
1.04,62,56,6996 €,6.53,6.46,4.03,170.000714,42.1838,26.3159,26.0338,6726.923077,1.010835913,0.6204772902,0.9032258065,0.006117621365,41.15276833,5.673333333,0.2048819317,Premium
0.62,61.1,59,1579 €,5.53,5.5,3.37,102.49855,30.415,18.6361,18.535,2546.774194,1.005454545,0.6110607434,0.9656301146,0.006048866057,15.40509597,4.8,0.2106743472,Premium
0.55,61.9,58,1185 €,5.2,5.24,3.23,88.01104,27.248,16.796,16.9252,2154.545455,0.9923664122,0.6187739464,0.9369951535,0.006249216007,13.46421994,4.556666667,0.2059042687,Premium
0.33,61.3,56,463 €,4.44,4.47,2.73,54.181764,19.8468,12.1212,12.2031,1403.030303,0.9932885906,0.6127946128,0.9135399674,0.006090610117,8.545310559,3.88,0.2096043877,Ideal
0.42,62.2,59,1181 €,4.79,4.76,2.97,67.717188,22.8004,14.2263,14.1372,2811.904762,1.006302521,0.6219895288,0.9485530547,0.006202265812,17.44018077,4.173333333,0.20390734,Premium
0.9,62,57,4318 €,6.21,6.25,3.86,149.81625,38.8125,23.9706,24.125,4797.777778,0.9936,0.6195826645,0.9193548387,0.006007359015,28.82197358,5.44,0.2053948623,Ideal
0.51,61.8,58,1443 €,5.15,5.11,3.17,83.423305,26.3165,16.3255,16.1987,2829.411765,1.007827789,0.6179337232,0.9385113269,0.006113399607,17.29732477,4.476666667,0.2064252771,Premium
1.04,60.7,62,5311 €,6.57,6.51,3.97,169.799679,42.7707,26.0829,25.8447,5106.730769,1.00921659,0.6070336391,1.021416804,0.006124864347,31.27803322,5.683333333,0.2132124137,Premium
1.59,61.5,57,10832 €,7.53,7.59,4.65,265.760055,57.1527,35.0145,35.2935,6812.578616,0.9920948617,0.6150793651,0.9268292683,0.005982840423,40.75857073,6.59,0.2081951185,Ideal
0.92,62.1,57,4011 €,6.2,6.26,3.87,150.20244,38.812,23.994,24.2262,4359.782609,0.9904153355,0.621187801,0.9178743961,0.006125066943,26.70396034,5.443333333,0.2044306728,Ideal
0.32,62,54,523 €,4.41,4.43,2.74,53.529462,19.5363,12.0834,12.1382,1634.375,0.9954853273,0.6199095023,0.8709677419,0.005978016368,9.770320501,3.86,0.2051817833,Ideal
0.32,62,60,910 €,4.37,4.4,2.72,52.30016,19.228,11.8864,11.968,2843.75,0.9931818182,0.6202964652,0.9677419355,0.006118528127,17.39956436,3.83,0.2049566779,Premium
1.14,61.8,59,4022 €,6.74,6.62,4.13,184.275644,44.6188,27.8362,27.3406,3528.070175,1.018126888,0.6182634731,0.9546925566,0.006186384566,21.82599888,5.83,0.2063600999,Premium
0.25,60.7,59,435 €,4.11,4.13,2.5,42.43575,16.9743,10.275,10.325,1740,0.995157385,0.6067961165,0.9719934102,0.005891259139,10.2507909,3.58,0.2133293215,Premium
0.44,62.8,60,832 €,4.86,4.82,3.04,71.212608,23.4252,14.7744,14.6528,1890.909091,1.008298755,0.6280991736,0.9554140127,0.006178681168,11.68332439,4.24,0.2001616174,Premium
0.78,62.8,60,3494 €,5.86,5.79,3.66,124.181604,33.9294,21.4476,21.1914,4479.487179,1.01208981,0.6283261803,0.9554140127,0.006281123571,28.13621251,5.103333333,0.2000635149,Premium
0.31,61.7,55.1,429 €,4.36,4.39,2.7,51.67908,19.1404,11.772,11.853,1383.870968,0.993166287,0.6171428571,0.8930307942,0.005998558798,8.301231369,3.816666667,0.2069076553,Ideal
0.38,63,54,929 €,4.61,4.66,2.92,62.729192,21.4826,13.4612,13.6072,2444.736842,0.9892703863,0.6299892125,0.8571428571,0.006057785664,14.80969179,4.063333333,0.1990278271,Ideal
0.3,61.1,57,1000 €,4.34,4.36,2.66,50.333584,18.9224,11.5444,11.5976,3333.333333,0.995412844,0.6114942529,0.9328968903,0.005960235218,19.86745073,3.786666667,0.2104002147,Ideal
1.32,61.7,55,5721 €,7.07,7.03,4.35,216.204135,49.7021,30.7545,30.5805,4334.090909,1.0056899,0.6170212766,0.8914100486,0.00610534114,26.46110353,6.15,0.2069751152,Ideal
1.12,62.2,60,5363 €,6.65,6.59,4.12,180.55282,43.8235,27.398,27.1508,4788.392857,1.009104704,0.6223564955,0.9646302251,0.006203170906,29.70321926,5.786666667,0.203703773,Premium
0.52,60.4,57,1872 €,5.23,5.2,3.15,85.6674,27.196,16.4745,16.38,3600,1.005769231,0.6040268456,0.9437086093,0.00606998695,21.85195302,4.526666667,0.2150649583,Ideal
1.33,58.6,61,9682 €,7.21,7.17,4.21,217.638897,51.6957,30.3541,30.1857,7279.699248,1.005578801,0.5855354659,1.040955631,0.006111039976,44.48653312,6.196666667,0.2267155001,Premium
1.52,61.3,56,11797 €,7.39,7.44,4.54,249.616464,54.9816,33.5506,33.7776,7761.184211,0.9932795699,0.6122724208,0.9135399674,0.006089341927,47.26050442,6.456666667,0.2099290203,Ideal
0.54,60.8,56,34554.51665 €,5.28,5.37,3.24,91.865664,28.3536,17.1072,17.3988,3090.740741,0.9832402235,0.6084507042,0.9210526316,0.005878148336,18.16783254,4.63,0.2124330334,Ideal
0.5,61.8,59,1420 €,5.07,5.02,3.12,79.408368,25.4514,15.8184,15.6624,2840,1.009960159,0.6184340932,0.9546925566,0.006296565621,17.88224636,4.403333333,0.2061354853,Premium
0.72,61.8,59,2931 €,5.71,5.74,3.54,116.024916,32.7754,20.2134,20.3196,4070.833333,0.9947735192,0.6183406114,0.9546925566,0.006205563639,25.26181532,4.996666667,0.2061557751,Ideal
0.91,61.8,56,3557 €,6.21,6.24,3.85,149.18904,38.7504,23.9085,24.024,3908.791209,0.9951923077,0.6184738956,0.9061488673,0.006099643781,23.84223399,5.433333333,0.2060710535,Ideal
0.46,62.3,56,974 €,4.96,4.93,3.08,75.314624,24.4528,15.2768,15.1844,2117.391304,1.006085193,0.622851365,0.8988764045,0.006107711565,12.93241536,4.323333333,0.2033742641,Ideal
0.5,61.1,59,1610 €,5.08,5.04,3.09,1039.007704,25.6032,15.6972,15.5736,3220,1.007936508,0.6106719368,0.9656301146,0.00632000288,20.35040927,4.403333333,0.2109334905,Premium
0.81,62.2,57,2323 €,5.95,5.98,3.71,132.00551,35.581,22.0745,22.1858,2867.901235,0.9949832776,0.6219614417,0.9163987138,0.0061361075,17.59775028,5.213333333,0.2039170868,Ideal
1.2,62.2,58,5154 €,6.8,6.7,4.2,191.352,45.56,28.56,28.14,4295,1.014925373,0.6222222222,0.9324758842,0.006271165182,26.93465446,5.9,0.2038600966,Premium
0.32,62.1,55,702 €,4.36,4.4,2.72,52.18048,19.184,11.8592,11.968,2193.75,0.9909090909,0.6210045662,0.885668277,0.006132561448,13.45330668,3.826666667,0.204538817,Ideal
1.02,60.8,58,4633 €,6.46,6.5,3.94,165.4406,41.99,25.4524,25.61,4542.156863,0.9938461538,0.6080246914,0.9539473684,0.006165354816,28.00400869,5.633333333,0.212570207,Premium
0.31,60,59,942 €,4.42,4.38,2.64,51.109344,19.3596,11.6688,11.5632,3038.709677,1.00913242,0.6,0.9833333333,0.006065427097,18.43107202,3.813333333,0.2176134564,Premium
1.17,58.5,62,5831 €,6.95,6.9,4.05,194.21775,47.955,28.1475,27.945,4983.760684,1.007246377,0.5848375451,1.05982906,0.006024166174,30.02300253,5.966666667,0.2271690012,Premium
0.63,62.6,56,2442 €,5.45,5.48,3.42,102.14172,29.866,18.639,18.7416,3876.190476,0.9945255474,0.6258005489,0.8945686901,0.006167900834,23.90795847,4.783333333,0.2015540155,Ideal
1.34,62.2,56,11640 €,7.11,7.04,4.4,220.23936,50.0544,31.284,30.976,8686.567164,1.009943182,0.6219081272,0.9003215434,0.006084289384,52.85158838,6.183333333,0.2039888194,Ideal
0.42,62.1,57,992 €,4.8,4.76,2.97,67.85856,22.848,14.256,14.1372,2361.904762,1.008403361,0.6213389121,0.9178743961,0.006189344425,14.61864207,4.176666667,0.2043252438,Premium
1.12,62.1,58,5952 €,6.64,6.6,4.11,180.11664,43.824,27.2904,27.126,5314.285714,1.006060606,0.6208459215,0.9339774557,0.006218192833,33.04525334,5.783333333,0.2046117628,Premium
0.73,62.1,55,2822 €,5.75,5.78,3.58,118.9813,33.235,20.585,20.6924,3865.753425,0.9948096886,0.6209887251,0.885668277,0.006135417919,23.71801283,5.036666667,0.2045185353,Ideal
0.48,62,54,841 €,5.04,5.06,3.13,79.822512,25.5024,15.7752,15.8378,1752.083333,0.9960474308,0.6198019802,0.8709677419,0.006013341199,10.53587489,4.41,0.2052456933,Ideal
0.35,60.8,55,872 €,4.58,4.61,2.79,58.907502,21.1138,12.7782,12.8619,2491.428571,0.9934924078,0.6071817193,0.9046052632,0.005941518281,14.8028684,3.993333333,0.2130984889,Ideal
0.91,63,56,5708 €,6.17,6.12,3.87,146.132748,37.7604,23.8779,23.6844,6272.527473,1.008169935,0.6297803092,0.8888888889,0.006227214724,39.06037543,5.386666667,0.1991286251,Premium
0.51,61.7,58,1781 €,5.15,5.12,3.17,83.58656,26.368,16.3255,16.2304,3492.156863,1.005859375,0.6173320351,0.9400324149,0.006101459373,21.30725322,4.48,0.206783671,Premium
0.9,61.5,59,3770 €,6.2,6.23,3.82,147.55132,38.626,23.684,23.7986,4188.888889,0.9951845907,0.6146419952,0.9593495935,0.006099572677,25.55043222,5.416666667,0.2084455855,Premium
0.53,60.8,58,1914 €,5.25,5.18,3.17,86.20815,27.195,16.6425,16.4206,3611.320755,1.013513514,0.6078619367,0.9539473684,0.006147910609,22.20207718,4.533333333,0.2127453804,Premium
1.07,62.3,57,10061 €,6.56,6.58,4.09,176.544032,43.1648,26.8304,26.9122,9402.803738,0.9969604863,0.6225266362,0.9149277689,0.006060810937,56.98861574,5.743333333,0.2035597894,Ideal
0.71,61.9,56,2178 €,5.7,5.73,3.54,115.61994,32.661,20.178,20.2842,3067.605634,0.9947643979,0.6194225722,0.9046849758,0.006140809276,18.83758113,4.99,0.205486569,Ideal
0.3,61.4,54,911 €,4.34,4.33,2.66,49.987252,18.7922,11.5444,11.5178,3036.666667,1.002309469,0.6136101499,0.8794788274,0.00600153015,18.22464656,3.776666667,0.2090767324,Ideal
0.91,62.2,57,3816 €,6.17,6.12,3.82,144.244728,37.7604,23.5694,23.3784,4193.406593,1.008169935,0.6216436127,0.9163987138,0.00630872277,26.45503966,5.37,0.2041351167,Premium
0.47,62.7,58,931 €,4.97,4.99,3.12,77.376936,24.8003,15.5064,15.5688,1980.851064,0.995991984,0.6265060241,0.9250398724,0.006074161427,12.03200912,4.36,0.2011124826,Premium
0.7,63.1,54,2142 €,5.61,5.67,3.56,113.238972,31.8087,19.9716,20.1852,3060,0.9894179894,0.6312056738,0.8557844691,0.006181617403,18.91574925,4.946666667,0.1982804546,Ideal
1.12,62.7,55,4064 €,6.65,6.61,4.16,182.85904,43.9565,27.664,27.4976,3628.571429,1.006051437,0.6274509804,0.8771929825,0.006124936454,22.22476942,5.806666667,0.2005425382,Premium
1.57,61.7,56,14283 €,7.42,7.49,4.6,255.64868,55.5758,34.132,34.454,9097.452229,0.9906542056,0.6170355466,0.9076175041,0.006141240393,55.8696411,6.503333333,0.2069958901,Ideal
0.67,61,57,2050 €,5.68,5.63,3.45,110.32548,31.9784,19.596,19.4235,3059.701493,1.008880995,0.6100795756,0.9344262295,0.006072939814,18.58138301,4.92,0.2113104423,Premium
0.6,62.3,53.8,2137 €,5.41,5.45,3.38,99.65761,29.4845,18.2858,18.421,3561.666667,0.9926605505,0.6224677716,0.8635634029,0.00602061398,21.44342013,4.746666667,0.2036202029,Ideal
0.54,61.4,57,1684 €,5.23,5.2,3.2,87.0272,27.196,16.736,16.64,3118.518519,1.005769231,0.6136145733,0.9283387622,0.006204956611,19.3502721,4.543333333,0.2090885686,Ideal
0.33,62.3,55,868 €,4.43,4.46,2.77,54.729106,19.7578,12.2711,12.3542,2630.30303,0.9932735426,0.6231721035,0.8828250401,0.006029698347,15.85993383,3.886666667,0.2031811881,Ideal
0.77,62.1,59,3218 €,5.85,5.87,3.64,124.99578,34.3395,21.294,21.3668,4179.220779,0.996592845,0.6211604096,0.9500805153,0.006160207969,25.74486915,5.12,0.2044042749,Premium
0.58,60.9,57,1421 €,5.38,5.33,3.26,93.481804,28.6754,17.5388,17.3758,2450,1.009380863,0.6087768441,0.9359605911,0.006204415995,15.20081919,4.656666667,0.2121267142,Ideal
0.36,61,54,747 €,4.6,4.64,2.82,60.19008,21.344,12.972,13.0848,2075,0.9913793103,0.6103896104,0.8852459016,0.005981052027,12.41068296,4.02,0.2111157358,Ideal
0.38,61.6,55,1992 €,4.66,4.69,2.88,62.943552,21.8554,13.4208,13.5072,5242.105263,0.9936034115,0.6160427807,0.8928571429,0.006037155323,31.64740369,4.076666667,0.2075862007,Ideal
0.42,59.6,59,1210 €,4.96,4.9,2.94,71.45376,24.304,14.5824,14.406,2880.952381,1.012244898,0.5963488844,0.9899328859,0.005877927208,16.93402838,4.266666667,0.2199409544,Premium
1.03,62.8,54,8237 €,6.48,6.39,4.05,167.69916,41.4072,26.244,25.8795,7997.087379,1.014084507,0.6293706294,0.8598726115,0.00614195086,49.1177177,5.64,0.1994503538,Ideal
2.03,60.9,59,18166 €,8.17,8.14,4.97,330.523886,66.5038,40.6049,40.4558,8948.768473,1.003685504,0.6094420601,0.9688013136,0.006141764895,54.96123206,7.093333333,0.2116738746,Premium
0.51,62.6,57,1875 €,5.1,5.12,3.2,83.5584,26.112,16.32,16.384,3676.470588,0.99609375,0.626223092,0.910543131,0.006103515625,22.43939568,4.473333333,0.201286063,Ideal
0.31,61.3,60,489 €,4.32,4.36,2.66,50.101632,18.8352,11.4912,11.5976,1577.419355,0.9908256881,0.6129032258,0.9787928222,0.006187423196,9.760161106,3.78,0.209557655,Premium
0.61,62,54.4,2438 €,5.44,5.47,3.38,,29.7568,18.3872,18.4886,3996.721311,0.9945155393,0.6196150321,0.8774193548,0.006064945585,24.23989727,4.763333333,0.2053690102,Ideal
0.3,61.4,55,524 €,4.32,4.38,2.67,50.520672,18.9216,11.5344,11.6946,1746.666667,0.9863013699,0.6137931034,0.8957654723,0.005938163293,10.37199188,3.79,0.2090602405,Ideal
1.27,61.2,55.7,4931 €,6.95,6.99,4.27,207.438735,48.5805,29.6765,29.8473,3882.677165,0.9942775393,0.612625538,0.910130719,0.006122289552,23.77087384,6.07,0.2097029585,Ideal
0.72,62,57,1743 €,5.68,5.64,3.51,112.443552,32.0352,19.9368,19.7964,2420.833333,1.007092199,0.6201413428,0.9193548387,0.006403212876,15.50111117,4.943333333,0.2050542008,Ideal
0.74,60.7,59,2415 €,5.85,5.82,3.54,120.52638,34.047,20.709,20.6028,3263.513514,1.005154639,0.6066838046,0.9719934102,0.00613973472,20.03710723,5.07,0.2134009265,Premium
1,59.7,58,4861 €,6.57,6.52,3.91,167.490324,42.8364,25.6887,25.4932,4861,1.007668712,0.5974025974,0.9715242881,0.005970494152,29.02257207,5.666666667,0.2192326978,Premium
0.72,62.6,58,1814 €,5.72,5.66,3.56,115.255712,32.3752,20.3632,20.1496,2519.444444,1.010600707,0.625659051,0.9265175719,0.006246978892,15.73891626,4.98,0.2016848117,Premium
1.5,62.5,55,12787 €,7.26,7.23,4.53,237.778794,52.4898,32.8878,32.7519,8524.666667,1.004149378,0.6252587992,0.88,0.006308384254,53.77687297,6.34,0.2018804215,Ideal
0.53,62.2,58,1266 €,5.19,5.16,3.22,86.232888,26.7804,16.7118,16.6152,2388.679245,1.005813953,0.6222222222,0.9324758842,0.006146146932,14.68117361,4.523333333,0.2037606224,Premium
0.87,61.5,57,2661 €,6.13,6.1,3.76,140.59768,37.393,23.0488,22.936,3058.62069,1.004918033,0.6148814391,0.9268292683,0.006187868818,18.92634359,5.33,0.2082974113,Premium
2.28,61.6,57,12755 €,8.5,8.43,5.21,373.32255,71.655,44.285,43.9203,5594.298246,1.008303677,0.6154754873,0.9253246753,0.006107319261,34.16616542,7.38,0.2079522774,Ideal
0.9,59.6,59,3105 €,6.38,6.24,3.76,149.690112,39.8112,23.9888,23.4624,3450,1.022435897,0.5958795563,0.9899328859,0.006012421181,20.74285308,5.46,0.2204101676,Premium
0.31,62.6,55,698 €,4.38,4.34,2.73,51.895116,19.0092,11.9574,11.8482,2251.612903,1.00921659,0.626146789,0.8785942492,0.005973587187,13.45020599,3.816666667,0.2013701849,Ideal
0.48,61.6,54,1859 €,5.03,5.1,3.12,80.03736,25.653,15.6936,15.912,3872.916667,0.9862745098,0.6159921027,0.8766233766,0.005997199308,23.22665315,4.416666667,0.2076966871,Ideal
1,60.5,59,4200 €,6.54,6.49,3.94,167.231724,42.4446,25.7676,25.5706,4200,1.00770416,0.6047582502,0.9752066116,0.00597972667,25.11485201,5.656666667,0.2146207879,Premium
0.31,62.2,53,840 €,4.35,4.37,2.71,51.515745,19.0095,11.7885,11.8427,2709.677419,0.995423341,0.621559633,0.8520900322,0.006017577733,16.3056945,3.81,0.2041628118,Ideal
0.42,62.3,57,810 €,4.77,4.8,2.98,68.23008,22.896,14.2146,14.304,1928.571429,0.99375,0.6227795193,0.9149277689,0.00615564279,11.87159681,4.183333333,0.2034199121,Ideal
1.24,62,55,11231 €,6.95,6.88,4.29,205.13064,47.816,29.8155,29.5152,9057.258065,1.010174419,0.6203904555,0.8870967742,0.006044928247,54.75047511,6.04,0.2049282792,Premium
0.4,60.8,58,1333 €,4.73,4.77,2.89,65.204469,22.5621,13.6697,13.7853,3332.5,0.9916142558,0.6084210526,0.9539473684,0.006134548845,20.44338403,4.13,0.2123400633,Premium
0.3,61.1,61,608 €,4.32,4.29,2.63,48.741264,18.5328,11.3616,11.2827,2026.666667,1.006993007,0.6109175377,0.9983633388,0.006154949121,12.47403022,3.746666667,0.2107733677,Premium
0.51,61.3,59,1624 €,5.15,5.13,3.15,83.221425,26.4195,16.2225,16.1595,3184.313725,1.003898635,0.6128404669,0.9624796085,0.0061282296,19.51420563,4.476666667,0.2095600585,Premium
1.11,61.5,59,4662 €,6.67,6.63,4.09,180.868389,44.2221,27.2803,27.1167,4200,1.006033183,0.615037594,0.9593495935,0.006137059141,25.77564839,5.796666667,0.2082069098,Premium
0.41,60.8,59,1153 €,4.82,4.76,2.91,66.764712,22.9432,14.0262,13.8516,2812.195122,1.012605042,0.6075156576,0.9703947368,0.0061409686,17.26960194,4.163333333,0.2129493058,Premium
1.21,62.7,59,5324 €,6.75,6.78,4.24,194.0436,45.765,28.62,28.7472,4400,0.9955752212,0.6267553585,0.9409888357,0.006235711974,27.43713269,5.923333333,0.2009610731,Premium
0.34,61,57,765 €,4.51,4.48,2.74,55.361152,20.2048,12.3574,12.2752,2250,1.006696429,0.6095661846,0.9344262295,0.006141490697,13.81835407,3.91,0.2116126813,Ideal
0.9,62.3,58,3740 €,6.27,6.05,3.84,145.66464,37.9335,24.0768,23.232,4155.555556,1.036363636,0.6233766234,0.9309791332,0.006178575665,25.67541443,5.386666667,0.2037141495,Premium
0.71,61.1,57,4053 €,5.74,5.78,3.52,116.783744,33.1772,20.2048,20.3456,5708.450704,0.9930795848,0.6111111111,0.9328968903,0.006079613272,34.70517267,5.013333333,0.210652737,Ideal
1.1,62.5,54,7074 €,6.59,6.62,4.12,179.738296,43.6258,27.1508,27.2744,6430.909091,0.9954682779,0.6237698713,0.864,0.00612000906,39.3572219,5.776666667,0.2027993519,Ideal
0.36,62.5,54,1056 €,4.54,4.58,2.85,59.26062,20.7932,12.939,13.053,2933.333333,0.9912663755,0.625,0.864,0.006074860506,17.81959082,3.99,0.2020719596,Ideal
0.3,62,58,878 €,4.29,4.26,2.65,48.42981,18.2754,11.3685,11.289,2926.666667,1.007042254,0.6198830409,0.935483871,0.006194531839,18.12932985,3.733333333,0.2052134591,Premium
1.02,60.7,56,3904 €,6.56,6.51,3.97,169.541232,42.7056,26.0432,25.8447,3827.45098,1.007680492,0.6074980872,0.9225700165,0.006016235626,23.02684694,5.68,0.21290931,Premium
0.71,62.1,56,,5.75,5.7,3.56,116.679,32.775,20.47,20.292,3714.084507,1.00877193,0.6218340611,0.9017713366,0.006085071007,22.60046795,5.003333333,0.2040229641,Ideal
0.8,62.5,58,3514 €,5.9,5.94,3.7,129.6702,35.046,21.83,21.978,4392.5,0.9932659933,0.625,0.928,0.006169497695,27.09951862,5.18,0.2020551033,Premium
0.31,62.4,55,36639.97945 €,4.33,4.35,2.71,51.044205,18.8355,11.7343,11.7885,2016.129032,0.9954022989,0.6244239631,0.8814102564,0.006073167365,12.24428904,3.796666667,0.2023966853,Ideal
0.34,60,59,905 €,4.59,4.55,2.74,57.22353,20.8845,12.5766,12.467,2661.764706,1.008791209,0.5995623632,0.9833333333,0.005941611781,15.81517253,3.96,0.2178850551,Premium
0.41,60.5,57,1363 €,4.83,4.86,2.93,68.778234,23.4738,14.1519,14.2398,3324.390244,0.9938271605,0.604747162,0.9421487603,0.005961188245,19.81731604,4.206666667,0.2146171317,Ideal
-0.246,60.5,59,734 €,4.36,4.37,2.64,50.300448,19.0532,11.5104,11.5368,2367.741935,0.9977116705,0.6048109966,0.9752066116,0.006162966978,14.59231536,3.79,0.2145601705,Premium
0.9,61.7,59,4269 €,6.14,6.22,3.81,145.506948,38.1908,23.3934,23.6982,4743.333333,0.9871382637,0.6165048544,0.9562398703,0.006185271648,29.33880518,5.39,0.2073666019,Premium
0.51,61.6,56,40816.5 €,5.15,5.17,3.18,84.66909,26.6255,16.377,16.4406,3503.921569,0.996131528,0.6162790698,0.9090909091,0.006023449644,21.10569512,4.5,0.2074259251,Ideal
1.04,60.8,58,7041 €,6.53,6.5,3.96,168.0822,42.445,25.8588,25.74,6770.192308,1.004615385,0.607828089,0.9539473684,0.00618744876,41.890218,5.663333333,0.2126840763,Premium
0.37,61,56,876 €,4.65,4.7,2.85,62.28675,21.855,13.2525,13.395,2367.567568,0.9893617021,0.6096256684,0.9180327869,0.005940268195,14.06398632,4.066666667,0.2116119778,Ideal
2.49,61.2,56,18325 €,8.76,8.7,5.34,406.97208,76.212,46.7784,46.458,7359.437751,1.006896552,0.6116838488,0.9150326797,0.006118355834,45.0276589,7.6,0.2102959266,Premium
0.42,60.9,58,984 €,4.84,4.81,2.94,68.444376,23.2804,14.2296,14.1414,2342.857143,1.006237006,0.6093264249,0.9523809524,0.006136369773,14.37663775,4.196666667,0.2117589961,Premium
0.32,60.2,59,828 €,4.43,4.4,2.66,51.84872,19.492,11.7838,11.704,2587.5,1.006818182,0.6024915062,0.9800664452,0.006171801348,15.96953599,3.83,0.2160327895,Premium
2.38,60.9,59,18522 €,8.62,8.59,5.24,387.999992,74.0458,45.1688,45.0116,7782.352941,1.003492433,0.6089482859,0.9688013136,0.006134020745,47.73711439,7.483333333,0.2119808676,Premium
0.77,61.8,56,2889 €,5.94,5.9,3.66,128.26836,35.046,21.7404,21.594,3751.948052,1.006779661,0.6182432432,0.9061488673,0.006003039253,22.52309143,5.166666667,0.2062256828,Premium
0.4,62.7,59,731 €,4.63,4.71,2.93,63.895389,21.8073,13.5659,13.8003,1827.5,0.983014862,0.6274089936,0.9409888357,0.006260232644,11.44057516,4.09,0.2007075359,Premium
2.01,59.5,60,13003 €,8.26,8.21,4.9,332.29154,67.8146,40.474,40.229,6469.154229,1.006090134,0.5950212508,1.008403361,0.006048905127,39.13130018,7.123333333,0.2207206253,Premium
0.43,61.8,57,1250 €,4.85,4.83,2.99,70.042245,23.4255,14.5015,14.4417,2906.976744,1.004140787,0.617768595,0.9223300971,0.006139152165,17.84637257,4.223333333,0.2065043215,Ideal
1.01,61.4,58,6843 €,6.46,6.51,3.98,167.377308,42.0546,25.7108,25.9098,6775.247525,0.9923195084,0.6137239784,0.9446254072,0.006034270787,40.88367821,5.65,0.2090344664,Premium
1.23,59.6,58,8855 €,6.94,7.02,4.16,202.670208,48.7188,28.8704,29.2032,7199.186992,0.9886039886,0.5959885387,0.9731543624,0.0060689729,43.69167076,6.04,0.2201592522,Premium
0.31,61.4,59,924 €,4.34,4.39,2.68,51.060968,19.0526,11.6312,11.7652,2980.645161,0.9886104784,0.6139747995,0.9609120521,0.006071173582,18.09601416,3.803333333,0.2089164384,Premium
0.32,60.4,58,589 €,4.44,4.47,2.69,53.387892,19.8468,11.9436,12.0243,1840.625,0.9932885906,0.6038159371,0.9602649007,0.005993868422,11.03246407,3.866666667,0.2152032195,Premium
1.71,59.3,60,15671 €,7.86,7.81,4.65,861.3020339,61.3866,36.549,36.3165,9164.327485,1.006402049,0.5934907466,1.011804384,0.005990589729,54.89972611,6.773333333,0.2216873252,Premium
0.64,60.1,60,1901 €,5.62,5.57,3.36,105.179424,31.3034,18.8832,18.7152,2970.3125,1.008976661,0.600536193,0.9983361065,0.00608484032,18.07387726,4.85,0.2172756334,Premium
0.71,61.9,56,2909 €,5.7,5.74,3.54,115.82172,32.718,20.178,20.3196,4097.183099,0.9930313589,0.6188811189,0.9046849758,0.006130111002,25.11618719,4.993333333,0.205832762,Ideal
0.37,59.2,57,1342 €,4.71,4.75,2.8,62.643,22.3725,13.188,13.3,3627.027027,0.9915789474,0.5919661734,0.9628378378,0.00590648596,21.42298421,4.086666667,0.2226649096,Ideal
-1.088,62.7,54,2984 €,5.8,5.77,3.63,121.48158,33.466,21.054,20.9451,4032.432432,1.005199307,0.6274848747,0.8612440191,0.006091458475,24.56339471,5.066666667,0.2005165594,Ideal
,60.3,58,1920 €,5.15,5.13,3.1,81.90045,26.4195,15.965,15.903,3840,1.003898635,0.6031128405,0.9618573798,0.006104972561,23.44309464,4.46,0.2156277767,Premium
0.3,62.6,53,665 €,4.31,4.35,2.71,50.808435,18.7485,11.6801,11.7885,2216.666667,0.9908045977,0.6258660508,0.8466453674,0.005904531403,13.08837794,3.79,0.2015435087,Ideal
0.79,61,57,3390 €,6,5.95,3.65,130.305,35.7,21.9,21.7175,4291.139241,1.008403361,0.6108786611,0.9344262295,0.006062699052,26.01588581,5.2,0.2108087648,Ideal
1.09,60.6,57,8422 €,6.62,6.64,4.02,176.706336,43.9568,26.6124,26.6928,7726.605505,0.9969879518,0.6063348416,0.9405940594,0.006168426241,47.66099615,5.76,0.2136098769,Ideal
1,59.6,57,5880 €,6.54,6.44,3.87,162.995112,42.1176,25.3098,24.9228,5880,1.01552795,0.5963020031,0.9563758389,0.006135153304,36.07470143,5.616666667,0.2200156167,Premium
1.11,59,59,6713 €,6.79,6.76,4,183.6016,45.9004,27.16,27.04,6047.747748,1.00443787,0.5904059041,1,0.006045698948,36.5628622,5.85,0.2236247653,Premium
0.3,61.9,56,475 €,4.3,4.32,2.67,49.59792,18.576,11.481,11.5344,1583.333333,0.9953703704,0.6194895592,0.9046849758,0.006048640749,9.57701452,3.763333333,0.2054419475,Ideal
0.52,60.9,57,1815 €,5.23,5.21,3.18,86.649594,27.2483,16.6314,16.5678,3490.384615,1.003838772,0.6091954023,0.9359605911,0.006001182187,20.94643398,4.54,0.2118281683,Ideal
1.08,61.8,56,10313 €,6.55,6.59,4.06,175.24787,43.1645,26.593,26.7554,9549.074074,0.9939301973,0.6179604262,0.9061488673,0.006162699724,58.84807616,5.733333333,0.2063961677,Ideal
0.45,60.8,60,1282 €,4.94,4.9,2.99,72.37594,24.206,14.7706,14.651,2848.888889,1.008163265,0.6077235772,0.9868421053,0.006217535828,17.71306874,4.276666667,0.2127725481,Premium
1.56,61.2,55,10571 €,7.47,7.57,4.6,260.12034,56.5479,34.362,34.822,6776.282051,0.9867899604,0.6117021277,0.8986928105,0.005997224208,40.63888276,6.546666667,0.2103523117,Ideal
0.57,61.6,55,2043 €,5.33,5.39,3.3,94.80471,28.7287,17.589,17.787,3584.210526,0.9888682746,0.6156716418,0.8928571429,0.006012359513,21.54956225,4.673333333,0.2078606692,Ideal
0.27,61.8,55,796 €,4.16,4.19,2.58,44.970432,17.4304,10.7328,10.8102,2948.148148,0.9928400955,0.6179640719,0.8899676375,0.006003944992,17.70051931,3.643333333,0.2064016338,Ideal
0.58,61.6,55,2357 €,5.36,5.39,3.31,95.627224,28.8904,17.7416,17.8409,4063.793103,0.9944341373,0.6158139535,0.8928571429,0.006065218415,24.64779277,4.686666667,0.2077227691,Ideal
0.53,62.7,56,2137 €,5.23,5.13,3.25,87.197175,26.8299,16.9975,16.6725,4032.075472,1.019493177,0.6274131274,0.8931419458,0.006078178565,24.5076747,4.536666667,0.2007478779,Ideal
0.62,62.2,54,2655 €,5.46,5.51,3.41,102.588486,30.0846,18.6186,18.7891,4282.258065,0.9909255898,0.6216955333,0.8681672026,0.006043563212,25.8800973,4.793333333,0.2041121018,Ideal
1.2,60.1,56,5578 €,6.9,6.84,4.13,194.91948,47.196,28.497,28.2492,4648.333333,1.00877193,0.6011644833,0.9317803661,0.006156388269,28.6169448,5.956666667,0.216879792,Ideal
0.57,60.6,59,1606 €,5.37,5.36,3.25,93.5454,28.7832,17.4525,17.42,2817.54386,1.001865672,0.605778192,0.9735973597,0.006093298014,17.1681344,4.66,0.2139547038,Premium
0.7,60.4,60,2573 €,5.74,5.79,3.48,115.656408,33.2346,19.9752,20.1492,3675.714286,0.9913644214,0.6036426713,0.9933774834,0.006052409997,22.24692989,5.003333333,0.2153269932,Premium
0.7,unknown,60,2314 €,5.71,5.65,3.53,113.883095,32.2615,20.1563,19.9445,3305.714286,1.010619469,0.6214788732,0.9661835749,0.006146654163,20.31908248,4.963333333,0.2042610493,Premium
1.3,59.3,59,14068 €,7.11,7.08,4.22,212.429736,50.3388,30.0042,29.8776,10821.53846,1.004237288,0.5947850599,0.9949409781,0.006119670553,66.22425026,6.136666667,0.220859859,Premium
1.55,61.5,56,13171 €,7.36,7.4,4.54,247.26656,54.464,33.4144,33.596,8497.419355,0.9945945946,0.6151761518,0.9105691057,0.006268538698,53.26640206,6.433333333,0.2081173722,Ideal
2.23,61,58,14867 €,8.39,8.36,5.11,358.417444,70.1404,42.8729,42.7196,6666.816143,1.003588517,0.6101492537,0.9508196721,0.006221795388,41.47956593,7.286666667,0.2112330039,Premium
2.08,59.7,59,12454 €,8.38,8.29,4.98,345.961596,69.4702,41.7324,41.2842,5987.5,1.010856454,0.5974805039,0.9882747069,0.006012228016,35.99821525,7.216666667,0.2192132429,Premium
0.24,62.6,57,687 €,3.92,4,2.48,38.8864,15.68,9.7216,9.92,2862.5,0.98,0.6262626263,0.910543131,0.006171823568,17.66684496,3.466666667,0.2014738593,Ideal
1.2,62.4,59,5592 €,6.72,6.68,4.18,187.638528,44.8896,28.0896,27.9224,4660,1.005988024,0.623880597,0.9455128205,0.006395275068,29.80198182,5.86,0.2027391854,Premium
0.31,62.2,55,642 €,4.32,4.36,2.7,50.85504,18.8352,11.664,11.772,2070.967742,0.9908256881,0.6221198157,0.884244373,0.006095757667,12.62411749,3.793333333,0.2038512812,Ideal
1.18,61.6,58,,6.8,6.77,4.18,192.43048,46.036,28.424,28.2986,7884.745763,1.004431315,0.6160648489,0.9415584416,0.006132084688,48.34992876,5.916666667,0.2075611013,Premium
0.32,62.2,58,773 €,4.38,4.33,2.71,51.396234,18.9654,11.8698,11.7343,2415.625,1.011547344,0.6222732491,0.9324758842,0.006226137113,15.04001246,3.806666667,0.2037817113,Premium
0.3,61.9,54.1,817 €,4.28,4.33,2.67,49.481508,18.5324,11.4276,11.5611,2723.333333,0.9884526559,0.6202090592,0.8739903069,0.006062871002,16.5112187,3.76,0.2050576183,Ideal
0.23,61.7,55,536 €,3.94,3.98,2.44,38.262128,15.6812,9.6136,9.7112,2330.434783,0.9899497487,0.6161616162,0.8914100486,0.006011165924,14.00863015,3.453333333,0.2075446703,Ideal
0.72,62.7,56,3601 €,5.76,5.69,3.59,117.660096,32.7744,20.6784,20.4271,5001.388889,1.012302285,0.6270742358,0.8931419458,0.006119321881,30.60510846,5.013333333,0.2008352966,Premium
1.04,61.8,55,5994 €,6.51,6.52,4.03,171.054156,42.4452,26.2353,26.2756,5763.461538,0.9984662577,0.6185725249,0.8899676375,0.006079945816,35.04153386,5.686666667,0.2059989475,Ideal
0.41,62.3,58,683 €,4.73,4.77,2.96,66.783816,22.5621,14.0008,14.1192,1665.853659,0.9916142558,0.6231578947,0.9309791332,0.006139211931,10.22702866,4.153333333,0.203203553,Premium
0.7,61.9,56,2616 €,5.69,5.72,3.53,114.890204,32.5468,20.0857,20.1916,3737.142857,0.9947552448,0.6187554777,0.9046849758,0.006092773584,22.76956528,4.98,0.2058991926,Ideal
1.01,61.7,62,2364 €,6.41,6.35,3.93,159.964755,40.7035,25.1913,24.9555,2340.594059,1.009448819,0.6159874608,1.004862237,0.006313890832,14.77825537,5.563333333,0.2076454404,Premium
0.41,62.1,56,1076 €,4.8,4.77,2.97,68.00112,22.896,14.256,14.1669,2624.390244,1.006289308,0.6206896552,0.9017713366,0.006029312458,15.82326879,4.18,0.2047097748,Ideal
1.06,61.9,56,13588 €,6.51,6.54,4.04,172.004616,42.5754,26.3004,26.4216,12818.86792,0.995412844,0.6191570881,0.9046849758,0.00616262531,78.99787992,5.696666667,0.2056473241,Ideal
0.33,62,59,723 €,4.39,4.41,2.73,52.852527,19.3599,11.9847,12.0393,2190.909091,0.9954648526,0.6204545455,0.9516129032,0.006243788495,13.67957297,3.843333333,0.2048450712,Premium
0.3,62.6,58,394 €,4.27,4.32,2.69,49.620816,18.4464,11.4863,11.6208,1313.333333,0.9884259259,0.6263096624,0.9265175719,0.00604584979,7.940216058,3.76,0.201297755,Premium
0.34,62.4,59,596 €,4.41,4.47,2.77,54.604179,19.7127,12.2157,12.3819,1752.941176,0.9865771812,0.6238738739,0.9455128205,0.00622662965,10.9149155,3.883333333,0.2028222832,Premium
,62.5,55,14915 €,7.42,7.31,4.6,249.50492,54.2402,34.132,33.626,9812.5,1.01504788,0.6245756959,0.88,0.006092064237,59.77838032,6.443333333,0.2024118264,Ideal
0.74,61.7,58,2815 €,5.79,5.81,3.58,120.430842,33.6399,20.7282,20.7998,3804.054054,0.9965576592,0.6172413793,0.9400324149,0.006144605383,23.37441102,5.06,0.206828041,Premium
1.32,error,61,7163 €,7.05,6.97,4.31,211.786935,49.1385,30.3855,30.0407,5426.515152,1.011477762,0.6148359486,0.9918699187,0.006232679084,33.82172748,6.11,0.2083815325,Premium
0.35,61,58,1116 €,4.56,4.52,2.77,57.093024,20.6112,12.6312,12.5204,3188.571429,1.008849558,0.6101321586,0.9508196721,0.006130346152,19.54704659,3.95,0.2112774138,Premium
1.54,63,59,11815 €,7.36,7.3,4.62,248.22336,53.728,34.0032,33.726,7672.077922,1.008219178,0.6302864939,0.9365079365,0.006204089736,47.59825989,6.426666667,0.19881863,Premium
0.43,62.5,55,993 €,4.83,4.8,3.01,69.78384,23.184,14.5383,14.448,2309.302326,1.00625,0.6251298027,0.88,0.006161885044,14.22965546,4.213333333,0.2019715108,Ideal
1.02,62.8,59,,6.44,6.39,4.03,165.840948,41.1516,25.9532,25.7517,5554.901961,1.007824726,0.6282151208,0.9394904459,0.006150471354,34.16526538,5.62,0.2000863109,Premium
0.29,62.1,54,420 €,4.25,4.29,2.65,48.316125,18.2325,11.2625,11.3685,1448.275862,0.9906759907,0.6206088993,0.8695652174,0.006002136968,8.692750091,3.73,0.2047854954,Ideal
0.3,61.4,56,886 €,4.32,4.34,2.66,49.871808,18.7488,11.4912,11.5444,2953.333333,0.9953917051,0.6143187067,0.9120521173,0.006015422581,17.76554802,3.773333333,0.2086452006,Ideal
1.55,62.5,60,9027 €,7.35,7.33,4.59,247.288545,53.8755,33.7365,33.6447,5823.870968,1.002728513,0.6253405995,0.96,0.006267981398,36.50391489,6.423333333,0.201824828,Premium
0.61,61.5,55,3248 €,5.47,5.53,3.38,102.241958,30.2491,18.4886,18.6914,5324.590164,0.9891500904,0.6145454545,0.8943089431,0.005966239418,31.76777972,4.793333333,0.2085558538,Ideal
0.53,60,58,1631 €,5.24,5.29,3.16,87.593936,27.7196,16.5584,16.7164,3077.358491,0.9905482042,0.6001899335,0.9666666667,0.006050647159,18.62001041,4.563333333,0.2174981248,Premium
0.36,62.4,55,810 €,4.55,4.52,2.83,,20.566,12.8765,12.7916,2250,1.006637168,0.6240352811,0.8814102564,0.006185377836,13.91710013,3.966666667,0.2026482393,Ideal
1.36,58.4,59,6157 €,7.4,7.27,4.28,230.25544,53.798,31.672,31.1156,4527.205882,1.017881706,0.5835037491,1.010273973,0.005906483686,26.73986769,6.316666667,0.228145392,Premium
1.01,60.9,58,6882 €,6.47,6.43,3.93,163.496253,41.6021,25.4271,25.2699,6813.861386,1.00622084,0.6093023256,0.9523809524,0.006177511603,42.09270778,5.61,0.2117739084,Premium
0.32,62.3,56,926 €,4.35,4.38,2.72,51.82416,19.053,11.832,11.9136,2893.75,0.9931506849,0.6231386025,0.8988764045,0.006174726228,17.86811402,3.816666667,0.203202746,Ideal
1.02,60,60,4284 €,6.57,6.53,3.93,168.605253,42.9021,25.8201,25.6629,4200,1.006125574,0.6,1,0.006049633578,25.40846103,5.676666667,0.2175903338,Premium
0.36,60.5,59,810 €,4.63,4.6,2.79,59.42142,21.298,12.9177,12.834,2250,1.006521739,0.6045503792,0.9752066116,0.006058421357,13.63144805,4.006666667,0.2147422022,Premium
0.57,62.2,55,1377 €,5.32,5.36,3.32,94.670464,28.5152,17.6624,17.7952,2415.789474,0.9925373134,0.6217228464,0.884244373,0.006020885247,14.5451912,4.666666667,0.2040808163,Ideal
0.42,60.8,59,1235 €,4.85,4.79,2.93,68.068295,23.2315,14.2105,14.0347,2940.47619,1.012526096,0.6078838174,0.9703947368,0.006170273547,18.14354245,4.19,0.2127186631,Premium
1.63,61.1,57,11534 €,7.7,7.58,4.67,272.56922,58.366,35.959,35.3986,7076.07362,1.015831135,0.6112565445,0.9328968903,0.005980132313,42.3158565,6.65,0.2106659043,Premium
,61.9,58,7389 €,6.86,6.74,4.21,194.655244,46.2364,28.8806,28.3754,6209.243697,1.017804154,0.6191176471,0.9369951535,0.00611337242,37.95941917,5.936666667,0.2058259682,Premium
0.42,62.1,54,761 €,4.84,4.86,3.01,70.802424,23.5224,14.5684,14.6286,1811.904762,0.9958847737,0.6206185567,0.8695652174,0.005932000294,10.74821958,4.236666667,0.2047417971,Ideal
1.59,60.2,60,15602 €,7.62,7.59,4.58,264.887964,57.8358,34.8996,34.7622,9812.578616,1.003952569,0.6022353715,0.9966777409,0.006002537737,58.90037344,6.596666667,0.2161775547,Premium
0.73,61.8,56,1877 €,5.78,5.81,3.58,120.222844,33.5818,20.6924,20.7998,2571.232877,0.9948364888,0.6177739431,0.9061488673,0.00607205732,15.61267341,5.056666667,0.2065061646,Ideal
0.75,61.3,59,1858 €,5.88,5.83,3.59,123.066636,34.2804,21.1092,20.9297,2477.333333,1.008576329,0.6131511529,0.9624796085,0.006094259373,15.09751189,5.1,0.2093973215,Premium
0.34,59.4,57,630 €,4.58,4.54,2.71,56.349572,20.7932,12.4118,12.3034,1852.941176,1.008810573,0.5942982456,0.9595959596,0.006033763664,11.18020914,3.943333333,0.2211964255,Ideal
0.3,60.1,57,956 €,4.41,4.38,2.64,50.993712,19.3158,11.6424,11.5632,3186.666667,1.006849315,0.6006825939,0.9484193012,0.00588307829,18.74740948,3.81,0.2171668199,Ideal
1.02,62.1,57,8401 €,6.43,6.45,4,165.894,41.4735,25.72,25.8,8236.27451,0.9968992248,0.6211180124,0.9178743961,0.006148504467,50.64077061,5.626666667,0.2044293857,Ideal
1.03,62.4,56,6751 €,6.48,6.43,4.03,167.915592,41.6664,26.1144,25.9129,6554.368932,1.00777605,0.6243222308,0.8974358974,0.006134034295,40.20472381,5.646666667,0.2024801994,Ideal
1.01,62.2,59,4418 €,6.44,6.35,3.98,162.75812,40.894,25.6312,25.273,4374.257426,1.014173228,0.6223612197,0.9485530547,0.006205527564,27.14457503,5.59,0.2037629122,Premium
0.4,59.3,59,702 €,4.8,4.82,2.85,65.9376,23.136,13.68,13.737,1755,0.9958506224,0.5925155925,0.9949409781,0.006066341511,10.64642935,4.156666667,0.2222908429,Premium
1.05,61.7,60,4363 €,6.58,6.49,4.03,172.097926,42.7042,26.5174,26.1547,4155.238095,1.013867488,0.6166794185,0.9724473258,0.006101177535,25.35184532,5.7,0.2072701403,Premium
0.32,61.8,54,599 €,4.4,4.43,2.73,53.21316,19.492,12.012,12.0939,1871.875,0.993227991,0.6183465459,0.8737864078,0.006013550032,11.25661397,3.853333333,0.2061620327,Ideal
1.61,62.7,55,9611 €,7.54,7.48,4.71,265.640232,56.3992,35.5134,35.2308,5969.565217,1.00802139,0.6271637816,0.8771929825,0.006060828918,36.1805135,6.576666667,0.200733896,Ideal
0.44,62.2,60,1040 €,4.86,4.79,3,69.8382,23.2794,14.58,14.37,2363.636364,1.014613779,0.621761658,0.9646302251,0.006300276926,14.89156364,4.216666667,0.204139388,Premium
1.01,62.2,59,5345 €,6.41,6.36,3.97,161.847372,40.7676,25.4477,25.2492,5292.079208,1.007861635,0.6217697729,0.9485530547,0.006240447327,33.02494155,5.58,0.2040546419,Premium
1.15,61.7,58,6041 €,6.76,6.69,4.15,187.68126,45.2244,28.054,27.7635,5253.043478,1.010463378,0.6171003717,0.9400324149,0.006127409844,32.18755032,5.866666667,0.2069664179,Premium
0.5,60.8,57,1768 €,5.16,5.13,3.13,82.853604,26.4708,16.1508,16.0569,3536,1.005847953,0.6083576288,0.9375,0.006034740504,21.33884242,4.473333333,0.2123604464,Ideal
0.48,61.6,55,1145 €,5.06,5.1,3.13,80.77278,25.806,15.8378,15.963,2385.416667,0.9921568627,0.6161417323,0.8928571429,0.005942596008,14.17556756,4.43,0.2075358582,Ideal
0.61,61.3,54,3004 €,5.53,5.5,3.38,910.8806912,30.415,18.6914,18.59,4924.590164,1.005454545,0.6128739801,0.88091354,0.005933696294,29.22102241,4.803333333,0.2095468082,Ideal
0.32,62.5,60,828 €,4.35,4.29,2.7,50.38605,18.6615,11.745,11.583,2587.5,1.013986014,0.625,0.96,0.006350964205,16.43311988,3.78,0.2021344074,Premium
0.74,62.5,54,2497 €,5.76,5.82,3.62,121.353984,33.5232,20.8512,21.0684,3374.324324,0.9896907216,0.6252158895,0.864,0.006097863256,20.57616831,5.066666667,0.2019554681,Ideal
0.28,62.4,55,646 €,4.17,4.2,2.61,45.71154,17.514,10.8837,10.962,2307.142857,0.9928571429,0.623655914,0.8814102564,0.006125367905,14.13209881,3.66,0.2028861007,Ideal
1.21,62.6,54.8,7426 €,6.78,6.84,4.26,197.558352,46.3752,28.8828,29.1384,6137.190083,0.9912280702,0.6255506608,0.875399361,0.006124772695,37.58889424,5.96,0.2017334009,Ideal
0.75,61.8,55,3086 €,5.85,5.87,3.62,124.30899,34.3395,21.177,21.2494,4114.666667,0.996592845,0.6177474403,0.8899676375,0.006033352857,24.82523589,5.113333333,0.2065145424,Ideal
0.51,61.9,56,1656 €,5.12,5.16,3.18,84.013056,26.4192,16.2816,16.4088,3247.058824,0.992248062,0.6186770428,0.9046849758,0.006070485045,19.71122203,4.486666667,0.205965191,Ideal
1.3,62.2,58,8854 €,6.92,6.98,4.32,208.662912,48.3016,29.8944,30.1536,6810.769231,0.9914040115,0.6215827338,0.9324758842,0.006230144052,42.43207341,6.073333333,0.2041771419,Premium
1.01,62.4,58,9711 €,6.42,6.36,3.99,162.916488,40.8312,25.6158,25.3764,9614.851485,1.009433962,0.6244131455,0.9294871795,0.00619949529,59.6072265,5.59,0.2024393531,Premium
1.7,62.5,60,11709 €,7.54,7.49,4.7,265.43062,56.4746,35.438,35.203,6887.647059,1.006675567,0.625415835,0.96,0.006404686844,44.11322251,6.576666667,0.201798385,Premium
0.4,62,56,,4.74,4.77,2.95,,22.6098,13.983,14.0715,3100,0.9937106918,0.6203995794,0.9032258065,0.005997099503,18.59100846,4.153333333,0.2048892373,Ideal
0.79,62.3,54,2862 €,5.97,5.91,3.7,130.54599,35.2827,22.089,21.867,3622.78481,1.010152284,0.6228956229,0.8667736758,0.006051507212,21.92330841,5.193333333,0.2033819372,Premium
0.42,62,55,1233 €,4.8,4.84,2.99,69.46368,23.232,14.352,14.4716,2935.714286,0.9917355372,0.6203319502,0.8870967742,0.006046325216,17.75028331,4.21,0.2049465126,Ideal
0.57,61.8,55,1851 €,5.34,5.38,3.31,95.093652,28.7292,17.6754,17.8078,3247.368421,0.9925650558,0.6175373134,0.8899676375,0.005994090962,19.4650217,4.676666667,0.206667975,Ideal
0.32,62.4,55,1020 €,4.42,4.4,2.75,53.482,19.448,12.155,12.1,3187.5,1.004545455,0.6235827664,0.8814102564,0.005983321491,19.07183725,3.856666667,0.2029146327,Ideal
0.79,61.2,55,2507 €,5.95,5.98,3.65,129.87065,35.581,21.7175,21.827,3173.417722,0.9949832776,0.6119027661,0.8986928105,0.006082975638,19.30382269,5.193333333,0.2101483034,Ideal
0.56,61.1,58,1963 €,5.3,5.34,3.25,91.9815,28.302,17.225,17.355,3505.357143,0.9925093633,0.6109022556,0.9492635025,0.006088180775,21.34124797,4.63,0.2107870383,Premium
0.33,60.3,60,743 €,4.49,4.47,2.7,54.18981,20.0703,12.123,12.069,2251.515152,1.004474273,0.6026785714,0.9950248756,0.006089705795,13.71106487,3.886666667,0.215902171,Premium
1.55,61.8,59,10277 €,7.45,7.38,4.58,251.81298,54.981,34.121,33.8004,6630.322581,1.009485095,0.6176668914,0.9546925566,0.006155361809,40.81203439,6.47,0.2066054593,Premium
0.35,62.3,55,1024 €,4.55,4.51,2.82,57.86781,20.5205,12.831,12.7182,2925.714286,1.00886918,0.6225165563,0.8828250401,0.006048267595,17.69550291,3.96,0.2036028077,Ideal
,61.2,56,7136 €,6.74,6.7,4.11,185.59938,45.158,27.7014,27.537,6428.828829,1.005970149,0.6116071429,0.9150326797,0.005980623427,38.4484043,5.85,0.2103374638,Ideal
0.72,61.3,57,2654 €,5.75,5.77,3.53,117.116575,33.1775,20.2975,20.3681,3686.111111,0.9965337955,0.6128472222,0.9298531811,0.006147720765,22.66118182,5.016666667,0.2095542438,Ideal
0.53,61.6,57,1769 €,5.15,5.2,3.19,85.4282,26.78,16.4285,16.588,3337.735849,0.9903846154,0.6164251208,0.9253246753,0.006204040352,20.70744789,4.513333333,0.207376792,Ideal
0.72,60.8,58,1858 €,5.83,5.78,3.53,118.951822,33.6974,20.5799,20.4034,2580.555556,1.008650519,0.6080964686,0.9539473684,0.006052870716,15.61976915,5.046666667,0.21254416,Premium
1.19,61.9,56,5598 €,6.84,6.8,4.22,196.28064,46.512,28.8648,28.696,4704.201681,1.005882353,0.6187683284,0.9046849758,0.006062747707,28.52038795,5.953333333,0.2058948267,Ideal
1,60.7,58,6899 €,6.45,6.36,3.89,159.57558,41.022,25.0905,24.7404,6899,1.014150943,0.6073380172,0.9555189456,0.006266623001,43.23343208,5.566666667,0.213081121,Premium
1.7,61.2,56,9444 €,7.71,7.64,4.7,276.85068,58.9044,36.237,35.908,5555.294118,1.009162304,0.6123778502,0.9150326797,0.006140494219,34.11225141,6.683333333,0.209883229,Ideal
1.62,62.6,58,13298 €,7.53,7.48,4.7,264.72468,56.3244,35.391,35.156,8208.641975,1.006684492,0.6262491672,0.9265175719,0.006119565429,50.23332165,6.57,0.201285727,Premium
1.51,61.4,57,8049 €,7.38,7.43,4.55,249.49197,54.8334,33.579,33.8065,5330.463576,0.9932705249,0.6144496962,0.9283387622,0.006052298998,32.26155936,6.453333333,0.2085766571,Ideal
0.3,61.6,58,545 €,4.27,4.3,2.64,48.47304,18.361,11.2728,11.352,1816.666667,0.9930232558,0.6161026838,0.9415584416,0.006189007333,11.24336332,3.736666667,0.2075532063,Ideal
1.17,62.2,53,6013 €,6.78,6.81,4.23,,46.1718,28.6794,28.8063,5139.316239,0.9955947137,0.6225165563,0.8520900322,0.005990577467,30.78747206,5.94,0.203571485,Ideal
0.61,61.4,56,1681 €,5.46,5.42,3.34,98.841288,29.5932,18.2364,18.1028,2755.737705,1.007380074,0.6139705882,0.9120521173,0.006171510027,17.00706288,4.74,0.2088785172,Ideal
2.18,62.9,59,13938 €,8.25,8.21,5.18,350.85435,67.7325,42.735,42.5278,6393.577982,1.004872107,0.6294046173,0.9379968203,0.006213404508,39.72588625,7.213333333,0.1993359317,Premium
0.7,60.2,56,2435 €,5.78,5.71,3.46,114.193148,33.0038,19.9988,19.7566,3478.571429,1.012259194,0.6022628372,0.9302325581,0.006129964996,21.32352109,4.983333333,0.2162284308,Premium
0.79,61.6,56,2756 €,5.95,5.97,3.67,130.363905,35.5215,21.8365,21.9099,3488.607595,0.9966499162,0.6157718121,0.9090909091,0.006059959618,21.14082115,5.196666667,0.2077384022,Ideal
1.06,62.2,56,6660 €,6.51,6.54,4.06,172.856124,42.5754,26.4306,26.5524,6283.018868,0.995412844,0.6222222222,0.9003215434,0.00613226755,38.52915272,5.703333333,0.2037539483,Ideal
0.53,61.5,55,1753 €,5.27,5.2,3.22,88.24088,27.404,16.9694,16.744,3307.54717,1.013461538,0.6150907354,0.8943089431,0.006006286429,19.86607568,4.563333333,0.208249063,Ideal
0.3,61.4,54,675 €,4.37,4.33,2.67,50.522007,18.9221,11.6679,11.5611,2250,1.009237875,0.6137931034,0.8794788274,0.005938006382,13.36051436,3.79,0.2090047324,Ideal
1.14,61.7,56,9090 €,6.67,6.71,4.13,184.841041,44.7557,27.5471,27.7123,7973.684211,0.9940387481,0.6173393124,0.9076175041,0.006167461478,49.17739021,5.836666667,0.2067800206,Ideal
0.37,61.6,56,876 €,4.59,4.63,2.84,60.354828,21.2517,13.0356,13.1492,2367.567568,0.9913606911,0.6160520607,0.9090909091,0.006130412632,14.51416612,4.02,0.2075984539,Ideal
1.12,61.2,58,9440 €,6.67,6.7,4.09,182.77801,44.689,27.2803,27.403,8428.571429,0.9955223881,0.6118175019,0.9477124183,0.006127651789,51.64735079,5.82,0.2101986323,Premium
0.32,63,58,756 €,4.38,4.32,2.74,51.845184,18.9216,12.0012,11.8368,2362.5,1.013888889,0.6298850575,0.9206349206,0.006172222284,14.58187515,3.813333333,0.1991319369,Premium
0.9,61.7,62,3936 €,6.19,6.13,3.8,144.18986,37.9447,23.522,23.294,4373.333333,1.009787928,0.6168831169,1.004862237,0.006241770399,27.29734255,5.373333333,0.2070938516,Premium
0.9,59.8,61,3431 €,6.22,6.13,3.69,140.694534,38.1286,22.9518,22.6197,3812.222222,1.014681892,0.5975708502,1.02006689,0.006396836994,24.38616414,5.346666667,0.2192050448,Premium
1.51,62.5,57,10210 €,7.29,7.34,4.57,244.534302,53.5086,33.3153,33.5438,6761.589404,0.9931880109,0.6247436774,0.912,0.006175002802,41.75283351,6.4,0.2022134997,Ideal
0.55,61.4,57,1881 €,5.29,5.27,3.24,90.325692,27.8783,17.1396,17.0748,3420,1.003795066,0.6136363636,0.9283387622,0.006089075963,20.82463979,4.6,0.2090651921,Premium
1.01,61.2,61,5294 €,6.44,6.41,3.93,162.231972,41.2804,25.3092,25.1913,5241.584158,1.004680187,0.6116731518,0.9967320261,0.006225653227,32.63228533,5.593333333,0.210289281,Premium
2.4,62.6,59,16797 €,8.53,8.49,5.33,385.997001,72.4197,45.4649,45.2517,6998.75,1.004711425,0.6263219741,0.9424920128,0.006217664888,43.51588214,7.45,0.2012289017,Premium
0.39,60.3,56,1095 €,4.71,4.77,2.86,64.254762,22.4667,13.4706,13.6422,2807.692308,0.9874213836,0.6033755274,0.9286898839,0.006069589052,17.04153849,4.113333333,0.2155378306,Ideal
0.92,62.1,53,3941 €,6.25,6.22,3.87,150.44625,38.875,24.1875,24.0714,4283.695652,1.004823151,0.6206896552,0.8534621578,0.006115140789,26.19540201,5.446666667,0.2047011558,Ideal
1,59.8,57,4125 €,6.44,6.5,3.87,161.9982,41.86,24.9228,25.155,4125,0.9907692308,0.5981452859,0.9531772575,0.006172908094,25.46324589,5.603333333,0.2187798627,Ideal
0.53,62.6,56,1956 €,5.18,5.14,3.23,85.999396,26.6252,16.7314,16.6022,3690.566038,1.007782101,0.6259689922,0.8945686901,0.006162833981,22.74434579,4.516666667,0.2014665529,Ideal
0.59,62.6,58,2515 €,5.34,5.4,3.36,96.88896,28.836,17.9424,18.144,4262.711864,0.9888888889,0.625698324,0.9265175719,0.006089445072,25.95754976,4.7,0.2016680104,Premium
0.34,60.2,58,765 €,4.56,4.51,2.73,56.144088,20.5656,12.4488,12.3123,2250,1.011086475,0.6019845645,0.9634551495,0.006055846877,13.62565547,3.933333333,0.2163889749,Premium
0.35,61.5,55,1001 €,4.53,4.57,2.8,57.96588,20.7021,12.684,12.796,2860,0.9912472648,0.6153846154,0.8943089431,0.006038034789,17.2687795,3.966666667,0.2080133244,Ideal
1.5,61.9,58,8649 €,7.34,7.27,4.52,241.195336,53.3618,33.1768,32.8604,5766,1.009628611,0.6187542779,0.9369951535,0.006219025728,35.85890235,6.376666667,0.2059340166,Premium
1.54,61.1,59,8652 €,7.45,7.4,4.54,250.2902,55.13,33.823,33.596,5618.181818,1.006756757,0.6114478114,0.9656301146,0.006152857763,34.56787361,6.463333333,0.2104417566,Premium
1.02,60.2,62,5432 €,6.54,6.46,3.91,165.191244,42.2484,25.5714,25.2586,5325.490196,1.012383901,0.6015384615,1.029900332,0.006174661412,32.88309882,5.636666667,0.2166838179,Premium
0.32,62.4,54,612 €,4.4,4.38,2.74,52.80528,19.272,12.056,12.0012,1912.5,1.00456621,0.6241457859,0.8653846154,0.006060000061,11.58975012,3.84,0.2025677899,Ideal
0.33,62.3,55,1114 €,4.46,4.43,2.77,54.729106,19.7578,12.3542,12.2711,3375.757576,1.006772009,0.6231721035,0.8828250401,0.006029698347,20.35479988,3.886666667,0.2031811881,Ideal
0.32,61.7,58,40816.5 €,4.41,4.38,2.71,52.345818,19.3158,11.9511,11.8698,2587.5,1.006849315,0.6166097838,0.9400324149,0.006113191315,15.81788253,3.833333333,0.2072376607,Premium
1.67,61.9,56,10736 €,7.64,7.6,4.72,274.06208,58.064,36.0608,35.872,6428.742515,1.005263158,0.6194225722,0.9046849758,0.006093509908,39.17360621,6.653333333,0.205486569,Premium
1.39,60.9,57,6831 €,7.2,7.25,4.4,229.68,52.2,31.68,31.9,4914.388489,0.9931034483,0.6089965398,0.9359605911,0.006051898293,29.74137931,6.283333333,0.211969369,Ideal
0.4,62.2,56,982 €,4.71,4.75,2.94,65.77515,22.3725,13.8474,13.965,2455,0.9915789474,0.621564482,0.9003215434,0.006081324026,14.92965048,4.133333333,0.204186796,Ideal
0.37,61.6,59,,4.62,4.67,2.86,61.705644,21.5754,13.2132,13.3562,1664.864865,0.9892933619,0.6157158235,0.9577922078,0.005996210006,9.982879362,4.05,0.2078283011,Premium
0.33,62.1,58,631 €,4.43,4.4,2.74,53.40808,19.492,12.1382,12.056,1912.121212,1.006818182,0.6206115515,0.9339774557,0.006178840355,11.81469171,3.856666667,0.2047616814,Premium
0.83,61.7,57,3570 €,6.02,6.07,3.73,136.299422,36.5414,22.4546,22.6411,4301.204819,0.9917627677,0.6170388751,0.9238249595,0.006089534261,26.19233411,5.273333333,0.2069833791,Ideal
1.51,60,60,6266 €,7.45,7.4,4.48,246.9824,55.13,33.376,33.152,4149.668874,1.006756757,0.6033670034,1,0.006113795963,25.37022881,6.443333333,0.2154841755,Premium
1.52,62.9,60,10214 €,7.31,7.27,4.59,243.929583,53.1437,33.5529,33.3693,6719.736842,1.005502063,0.6296296296,0.9538950715,0.006231306516,41.87273997,6.39,0.1992014019,Ideal
1.51,61.8,59,8678 €,7.36,7.39,4.56,248.020224,54.3904,33.5616,33.6984,5747.019868,0.9959404601,0.6183050847,0.9546925566,0.006088213193,34.98908218,6.436666667,0.2061719694,Ideal
0.3,194.24,58,886 €,4.25,4.28,2.66,48.3854,18.19,11.305,11.3848,2953.333333,0.9929906542,0.6236811254,0.9294871795,0.006200217421,18.31130878,3.73,0.2028695379,Ideal
0.32,62.6,55,591 €,4.38,4.37,2.74,52.445244,19.1406,12.0012,11.9738,1846.875,1.00228833,0.6262857143,0.8785942492,0.006101601892,11.26889599,3.83,0.2012420897,Premium
0.3,60.6,57,895 €,4.33,4.35,2.63,49.537365,18.8355,11.3879,11.4405,2983.333333,0.9954022989,0.6059907834,0.9405940594,0.006056034672,18.0671701,3.77,0.2138310559,Ideal
,62.1,57,1866 €,5.39,5.37,3.34,96.673962,28.9443,18.0026,17.9358,3110,1.003724395,0.6208178439,0.9178743961,0.006206428159,19.30199157,4.7,0.2046169966,Ideal
0.41,62.6,58,899 €,4.7,4.75,2.96,66.082,22.325,13.912,14.06,2192.682927,0.9894736842,0.6264550265,0.9265175719,0.006204412699,13.6043098,4.136666667,0.2011956487,Premium
0.32,62.1,55,828 €,4.44,4.41,2.75,53.8461,19.5804,12.21,12.1275,2587.5,1.006802721,0.6214689266,0.885668277,0.005942863086,15.37715823,3.866666667,0.2042321253,Premium
,60.9,57,3864 €,6.66,6.6,4.04,177.58224,43.956,26.9064,26.664,3450,1.009090909,0.6093514329,0.9359605911,0.006306937,21.75893265,5.766666667,0.211765907,Ideal
1.01,61.7,56,4129 €,6.47,6.43,3.98,165.576358,41.6021,25.7506,25.5914,4088.118812,1.00622084,0.6170542636,0.9076175041,0.006099904674,24.93713505,5.626666667,0.2069579986,Ideal
1.01,62,58,4327 €,6.41,6.37,3.96,161.693532,40.8317,25.3836,25.2252,4284.158416,1.006279435,0.6197183099,0.935483871,0.006246384673,26.76050147,5.58,0.205309924,Premium
0.34,62.7,57,596 €,4.45,4.48,2.8,55.8208,19.936,12.46,12.544,1752.941176,0.9933035714,0.6270996641,0.9090909091,0.006090919514,10.67702362,3.91,0.2007631909,Ideal
0.9,60.9,57,3798 €,6.2,6.24,3.79,146.62752,38.688,23.498,23.6496,4220,0.9935897436,0.6093247588,0.9359605911,0.006138001925,25.90236812,5.41,0.2117614373,Ideal
0.55,61.7,54,1675 €,5.26,5.27,3.25,90.09065,27.7202,17.095,17.1275,3045.454545,0.9981024668,0.6172839506,0.8752025932,0.006104962058,18.59238445,4.593333333,0.2067972893,Ideal
0.4,61.6,56,1196 €,4.73,4.77,2.93,66.106953,22.5621,13.8589,13.9761,2990,0.9916142558,0.6168421053,0.9090909091,0.006050800738,18.09189421,4.143333333,0.2071065861,Ideal
0.36,60.4,58,851 €,4.64,4.6,2.79,59.54976,21.344,12.9456,12.834,2363.888889,1.008695652,0.6038961039,0.9602649007,0.006045364415,14.29056977,4.01,0.2151682838,Premium
1.03,62.9,59,7718 €,6.43,6.38,4.03,165.324302,41.0234,25.9129,25.7114,7493.203883,1.007836991,0.6291959407,0.9379968203,0.006230179033,46.68400173,5.613333333,0.1994842878,Premium
2.51,58.4,62,18037 €,8.87,8.79,5.15,401.531595,77.9673,45.6805,45.2685,7186.055777,1.009101251,0.5832389581,1.061643836,0.006251064751,44.92049997,7.603333333,0.2281993924,Ideal
0.7,60.6,57,2512 €,5.7,5.75,3.47,113.72925,32.775,19.779,19.9525,3588.571429,0.9913043478,0.6061135371,0.9405940594,0.006154968928,22.08754564,4.973333333,0.2137828068,Ideal
0.32,61.9,55,972 €,4.43,4.39,2.73,53.092221,19.4477,12.0939,11.9847,3037.5,1.009111617,0.619047619,0.8885298869,0.006027248323,18.30776678,3.85,0.2057475158,Ideal
0.41,61.8,58,755 €,4.75,4.76,2.94,66.4734,22.61,13.965,13.9944,1841.463415,0.9978991597,0.61829653,0.9385113269,0.006167880686,11.35792663,4.15,0.2061708301,Premium
0.4,62.3,56,1059 €,4.74,4.77,2.96,938.5702391,22.6098,14.0304,14.1192,2647.5,0.9937106918,0.6225026288,0.8988764045,0.005976839032,15.82368134,4.156666667,0.203590957,Ideal
1.51,61.6,60,10485 €,7.34,7.27,4.5,240.1281,53.3618,33.03,32.715,6943.708609,1.009628611,0.6160164271,0.974025974,0.006288310281,43.66419424,6.37,0.2076292704,Premium
0.48,62,54,2059 €,5,5.05,3.11,78.5275,25.25,15.55,15.7055,4289.583333,0.9900990099,0.6189054726,0.8709677419,0.006112508357,26.22011397,4.386666667,0.2058443177,Ideal
1.09,59.3,57,4303 €,6.79,6.74,4.01,1039.007704,45.7646,27.2279,27.0274,3947.706422,1.007418398,0.5927568367,0.9612141653,0.005939535118,23.44754093,5.846666667,0.2221573306,Premium
0.55,61.2,56,2079 €,5.33,5.28,3.25,91.4628,28.1424,17.3225,17.16,3780,1.009469697,0.6126295947,0.9150326797,0.006013373743,22.73055275,4.62,0.2097297236,Ideal
1.6,62,53,10011 €,7.57,7.56,4.69,268.404948,57.2292,35.5033,35.4564,6256.875,1.001322751,0.6199603437,0.8548387097,0.005961141968,37.29812015,6.606666667,0.2051403854,Ideal
2.04,60.7,61,18104 €,8.18,8.1,4.94,327.31452,66.258,40.4092,40.014,8874.509804,1.009876543,0.6068796069,1.004942339,0.006232537438,55.3107146,7.073333333,0.2133149828,Premium
1.21,61.7,56,6098 €,6.87,6.82,4.22,197.721348,46.8534,28.9914,28.7804,5039.669421,1.007331378,0.6165084003,0.9076175041,0.006119723602,30.84138391,5.97,0.207304056,Premium
1.25,62.8,57,4991 €,6.86,6.78,4.28,199.066224,46.5108,29.3608,29.0184,3992.8,1.01179941,0.6275659824,0.9076433121,0.006279317379,25.07205843,5.973333333,0.2005267,Premium
0.55,61.3,56,1611 €,5.28,5.33,3.25,91.4628,28.1424,17.16,17.3225,2929.090909,0.990619137,0.6126295947,0.9135399674,0.006013373743,17.61371836,4.62,0.2097297236,Ideal
1.04,61.9,54,4941 €,6.51,6.57,4.05,173.221335,42.7707,26.3655,26.6085,4750.961538,0.9908675799,0.619266055,0.8723747981,0.006003879372,28.52419998,5.71,0.2056134518,Ideal
0.4,61.6,57,800 €,4.71,4.74,2.91,877.2794477,22.3254,13.7061,13.7934,2000,0.9936708861,0.6158730159,0.9253246753,0.006156980151,12.3139603,4.12,0.2076909851,Ideal
0.3,61.7,62,506 €,4.27,4.25,2.63,47.727925,18.1475,11.2301,11.1775,1686.666667,1.004705882,0.617370892,1.004862237,0.006285628382,10.60175987,3.716666667,0.2067532059,Premium
0.3,60.7,57,863 €,4.34,4.39,2.65,50.48939,19.0526,11.501,11.6335,2876.666667,0.9886104784,0.6071019473,0.9390444811,0.005941842435,17.09270007,3.793333333,0.2131941311,Ideal
0.3,62.1,55,844 €,4.35,4.32,2.69,50.55048,18.792,11.7015,11.6208,2813.333333,1.006944444,0.6205305652,0.885668277,0.005934661748,16.69618172,3.786666667,0.204812627,Ideal
0.57,59.3,57,1942 €,5.42,5.45,3.23,95.41097,29.539,17.5066,17.6035,3407.017544,0.9944954128,0.5942962282,0.9612141653,0.005974155802,20.35405363,4.7,0.2211742808,Ideal
1.02,61.5,59,5250 €,6.4,6.45,3.95,163.056,41.28,25.28,25.4775,5147.058824,0.992248062,0.6147859922,0.9593495935,0.006255519576,32.19752723,5.6,0.208375846,Premium
1.01,62.3,58,4513 €,6.42,6.35,3.98,162.25266,40.767,25.5516,25.273,4468.316832,1.011023622,0.6233359436,0.9309791332,0.006224859426,27.81464415,5.583333333,0.2031202359,Premium
0.72,62.5,55,3629 €,5.71,5.74,3.58,117.335932,32.7754,20.4418,20.5492,5040.277778,0.9947735192,0.6253275109,0.88,0.006136227733,30.92829228,5.01,0.2018436859,Ideal
0.42,61.1,57,1221 €,4.84,4.82,2.95,68.81996,23.3288,14.278,14.219,2907.142857,1.004149378,0.6107660455,0.9328968903,0.006102880618,17.7419458,4.203333333,0.2108512554,Ideal
0.74,62.7,59,2553 €,5.78,5.73,3.61,119.561034,33.1194,20.8658,20.6853,3450,1.008726003,0.6272806255,0.9409888357,0.006189307463,21.35311075,5.04,0.2006683948,Premium
1.79,61.7,59,18419 €,7.85,7.74,4.81,1039.007704,60.759,37.7585,37.2294,10289.94413,1.014211886,0.6170622194,0.9562398703,0.006124876514,63.02463716,6.8,0.2070380727,Premium
0.3,62.6,59,675 €,4.3,4.26,2.68,49.09224,18.318,11.524,11.4168,2250,1.009389671,0.6261682243,0.9424920128,0.006110945437,13.74962723,3.746666667,0.201358716,Premium
1.21,61.6,61,4669 €,6.86,6.8,4.21,196.38808,46.648,28.8806,28.628,3858.677686,1.008823529,0.616398243,0.9902597403,0.006161270073,23.77435535,5.956666667,0.2073848998,Premium
1.15,62.5,58,4328 €,6.72,6.65,4.18,186.79584,44.688,28.0896,27.797,3763.478261,1.010526316,0.6252804787,0.928,0.00615645402,23.16968087,5.85,0.2019169341,Premium
0.49,62.5,58,1026 €,5.03,4.98,3.13,78.404622,25.0494,15.7439,15.5874,2093.877551,1.010040161,0.6253746254,0.928,0.006249631559,13.08596322,4.38,0.2018536866,Premium
2.04,61.9,58,18153 €,8.12,8.16,5.04,333.946368,66.2592,40.9248,41.1264,8898.529412,0.9950980392,0.6191646192,0.9369951535,0.006108765345,54.35902809,7.106666667,0.2056442661,Ideal
0.82,61.2,61,3211 €,5.98,5.95,3.65,129.87065,35.581,21.827,21.7175,3915.853659,1.005042017,0.6119027661,0.9967320261,0.006313974713,24.72460098,5.193333333,0.2101483034,Premium
0.56,61.9,56,2462 €,5.29,5.32,3.28,92.308384,28.1428,17.3512,17.4496,4396.428571,0.9943609023,0.6182846371,0.9046849758,0.006066621207,26.67146681,4.63,0.2061928118,Ideal
1.08,61.9,57,5791 €,6.58,6.64,4.09,178.697008,43.6912,26.9122,27.1576,5362.037037,0.9909638554,0.6187594554,0.9208400646,0.006043749764,32.40681008,5.77,0.2059258065,Ideal
0.39,62.1,54.7,1008 €,4.64,4.72,2.91,63.731328,21.9008,13.5024,13.7352,2584.615385,0.9830508475,0.6217948718,0.8808373591,0.006119439407,15.81639724,4.09,0.2041625794,Ideal
1.51,62.8,59,7553 €,7.28,7.2,4.55,238.4928,52.416,33.124,32.76,5001.986755,1.011111111,0.6284530387,0.9394904459,0.006331428035,31.66971917,6.343333333,0.1999735168,Premium
0.42,unknown,54,760 €,4.82,4.84,3,69.9864,23.3288,14.46,14.52,1809.52381,0.9958677686,0.6211180124,0.8695652174,0.006001165941,10.85925265,4.22,0.2044333914,Ideal
0.36,62.1,59,1013 €,4.59,4.55,2.84,59.31198,20.8845,13.0356,12.922,2813.888889,1.008791209,0.6214442013,0.9500805153,0.006069600104,17.07918029,3.993333333,0.204263764,Premium
1.2,62.4,57,8596 €,6.74,6.82,4.23,194.439564,45.9668,28.5102,28.8486,7163.333333,0.9882697947,0.6238938053,0.9134615385,0.006171583475,44.20910962,5.93,0.2027866983,Ideal
1.08,62.5,57,7625 €,6.52,6.57,4.09,175.200876,42.8364,26.6668,26.8713,7060.185185,0.9923896499,0.6249045073,0.912,0.00616435274,43.52147189,5.726666667,0.2021207395,Ideal
0.32,61.3,55,698 €,4.4,4.44,2.71,52.94256,19.536,11.924,12.0324,2181.25,0.990990991,0.6131221719,0.8972267537,0.006044286487,13.1840999,3.85,0.2094200308,Ideal
0.32,62.1,55,900 €,4.43,4.39,2.74,53.286698,19.4477,12.1382,12.0286,2812.5,1.009111617,0.6213151927,0.885668277,0.006005251067,16.88976862,3.853333333,0.2043464269,Ideal
1.08,61.7,59,4740 €,6.56,6.6,4.06,175.78176,43.296,26.6336,26.796,4388.888889,0.9939393939,0.6170212766,0.9562398703,0.006143982174,26.9652551,5.74,0.2069776352,Premium
1,60.4,61,1932 €,6.39,6.32,3.84,155.077632,40.3848,24.5376,24.2688,1932,1.011075949,0.6042486231,1.009933775,0.00644838322,12.45827638,5.516666667,0.2149716137,Premium
1.2,62.3,60,3871 €,6.78,6.71,4.2,191.07396,45.4938,28.476,28.182,3225.833333,1.010432191,0.6226834692,0.963081862,0.006280290627,20.25917085,5.896666667,0.2035157964,Premium
0.41,60.3,58,1107 €,4.85,4.8,2.91,67.7448,23.28,14.1135,13.968,2700,1.010416667,0.6031088083,0.9618573798,0.006052125034,16.34073759,4.186666667,0.2156776449,Premium
1.37,61.6,59,7951 €,7.11,7.04,4.36,218.237184,50.0544,30.9996,30.6944,5803.649635,1.009943182,0.616254417,0.9577922078,0.00627757367,36.43283814,6.17,0.2074849722,Premium
0.59,61.8,60,1789 €,5.39,5.33,3.31,95.091997,28.7287,17.8409,17.6423,3032.20339,1.011257036,0.6175373134,0.9708737864,0.006204517926,18.81336029,4.676666667,0.2067048442,Premium
0.71,61,59,2571 €,5.72,5.69,3.48,113.262864,32.5468,19.9056,19.8012,3621.126761,1.005272408,0.6099912358,0.9672131148,0.006268603626,22.69940834,4.963333333,0.2113391326,Premium
1.01,62.8,57,4054 €,6.41,6.36,4.01,163.478076,40.7676,25.7041,25.5036,4013.861386,1.007861635,0.6280344558,0.9076433121,0.006178198476,24.7984323,5.593333333,0.2001975808,Premium
0.7,61,59,40816.5 €,5.68,5.7,3.47,112.34472,32.376,19.7096,19.779,4005.714286,0.9964912281,0.6098418278,0.9672131148,0.006230822419,24.95889437,4.95,0.2114242197,Ideal
0.75,61.8,56,3336 €,5.84,5.87,3.62,124.096496,34.2808,21.1408,21.2494,4448,0.9948892675,0.6182749787,0.9061488673,0.006043683941,26.88230617,5.11,0.2061957508,Ideal
0.34,62,56,646 €,4.46,4.48,2.77,55.346816,19.9808,12.3542,12.4096,1900,0.9955357143,0.6196868009,0.9032258065,0.006143081474,11.6718548,3.903333333,0.2053192004,Ideal
1.01,59.2,60,6533 €,6.54,6.51,3.86,164.341044,42.5754,25.2444,25.1286,6468.316832,1.004608295,0.5915708812,1.013513514,0.00614575626,39.75269866,5.636666667,0.2228893103,Premium
1.53,60.3,57,11713 €,7.45,7.52,4.51,252.66824,56.024,33.5995,33.9152,7655.555556,0.9906914894,0.6025384102,0.9452736318,0.006055371265,46.35723113,6.493333333,0.2160245761,Ideal
1.52,59.4,59,11206 €,7.49,7.45,4.44,247.75422,55.8005,33.2556,33.078,7372.368421,1.005369128,0.59437751,0.9932659933,0.006135112451,45.2303093,6.46,0.2211221428,Premium
0.72,61.4,58,3137 €,5.75,5.78,3.54,117.6519,33.235,20.355,20.4612,4356.944444,0.9948096886,0.6140503036,0.9446254072,0.006119748172,26.6634028,5.023333333,0.208814843,Premium
0.76,62.3,55,40816.5 €,5.88,5.84,3.65,125.33808,34.3392,21.462,21.316,3190.789474,1.006849315,0.6228668942,0.8828250401,0.006063600145,19.34767151,5.123333333,0.2033699349,Premium
0.42,61.7,56,1040 €,4.83,4.79,2.97,68.713029,23.1357,14.3451,14.2263,2476.190476,1.008350731,0.6174636175,0.9076175041,0.006112377901,15.13541195,4.196666667,0.2067207363,Ideal
0.9,61.6,58,4032 €,6.26,6.18,3.83,148.170444,38.6868,23.9758,23.6694,4480,1.012944984,0.615755627,0.9415584416,0.006074085868,27.21190469,5.423333333,0.2078297632,Premium
1.01,60.8,61,4525 €,6.47,6.43,3.92,163.080232,41.6021,25.3624,25.2056,4480.19802,1.00622084,0.607751938,1.003289474,0.006193270561,27.74707851,5.606666667,0.2127405282,Premium
1.5,61.3,57,5593 €,7.36,7.39,4.52,245.844608,54.3904,33.2672,33.4028,3728.666667,0.9959404601,0.6128813559,0.9298531811,0.006101415086,22.75014305,6.423333333,0.2095353864,Ideal
1.07,61.6,57,7593 €,6.59,6.55,4.05,174.816225,43.1645,26.6895,26.5275,7096.261682,1.00610687,0.6164383562,0.9253246753,0.006120713338,43.43418353,5.73,0.2073388528,Premium
1.01,60.5,57,4955 €,6.55,6.48,3.94,167.22936,42.444,25.807,25.5312,4905.940594,1.010802469,0.6047582502,0.9421487603,0.006039609313,29.6299645,5.656666667,0.214649909,Premium
0.44,61.5,58,990 €,4.95,4.87,3.02,72.80163,24.1065,14.949,14.7074,2250,1.016427105,0.6150712831,0.9430894309,0.006043820722,13.59859662,4.28,0.2083067645,Premium
0.6,61.5,52,1814 €,5.5,5.43,3.36,100.3464,29.865,18.48,18.2448,3023.333333,1.012891344,0.6148215919,0.8455284553,0.005979287747,18.07737996,4.763333333,0.2084082429,Premium
1.29,60.7,61,7802 €,7.1,7.01,4.28,213.01988,49.771,30.388,30.0028,6048.062016,1.012838802,0.6066619419,1.004942339,0.006055772823,36.62568958,6.13,0.2134850637,Premium
1.02,62.3,56,7175 €,6.39,6.54,4,167.1624,41.7906,25.56,26.16,7034.313725,0.9770642202,0.618716164,0.8988764045,0.006101850655,42.92233182,5.643333333,0.206194555,Ideal
0.32,61.2,59,702 €,4.4,4.43,2.7,52.6284,19.492,11.88,11.961,2193.75,0.993227991,0.6115515289,0.9640522876,0.006080367254,13.33880566,3.843333333,0.2103776714,Premium
2.09,61.4,56,16704 €,8.23,8.27,5.06,344.394226,68.0621,41.6438,41.8462,7992.344498,0.9951632406,0.6133333333,0.9120521173,0.006068626714,48.50255532,7.186666667,0.2092582214,Ideal
1.22,61.8,58,6372 €,6.84,6.92,4.25,201.1644,47.3328,29.07,29.41,5222.95082,0.9884393064,0.6177325581,0.9385113269,0.006064691367,31.67558475,6.003333333,0.2065892272,Ideal
0.3,62.1,60,776 €,4.3,4.24,2.65,48.3148,18.232,11.395,11.236,2586.666667,1.014150943,0.6206088993,0.9661835749,0.006209277488,16.0613311,3.73,0.2048439839,Premium
0.52,61.3,55,1401 €,5.2,5.24,3.2,87.1936,27.248,16.64,16.768,2694.230769,0.9923664122,0.6130268199,0.8972267537,0.005963740458,16.06769304,4.546666667,0.2094671135,Ideal
0.28,61.6,56,586 €,4.18,4.2,2.58,45.29448,17.556,10.7844,10.836,2092.857143,0.9952380952,0.61575179,0.9090909091,0.006181768728,12.93755884,3.653333333,0.207756897,Ideal
1.61,61.4,62,7745 €,7.54,7.48,4.62,260.564304,56.3992,34.8348,34.5576,4810.559006,1.00802139,0.6151797603,1.009771987,0.006178897014,29.72394868,6.546666667,0.2081332872,Premium
0.57,61.9,57,2217 €,5.31,5.35,3.3,93.74805,28.4085,17.523,17.655,3889.473684,0.9925233645,0.6191369606,0.9208400646,0.006080126467,23.64849189,4.653333333,0.2056784739,Ideal
1.13,61.6,56,11115 €,6.69,6.71,4.13,185.395287,44.8899,27.6297,27.7123,9836.283186,0.9970193741,0.6164179104,0.9090909091,0.006095084823,59.95298036,5.843333333,0.2073366455,Ideal
0.41,61,59,755 €,4.78,4.82,2.93,67.506028,23.0396,14.0054,14.1226,1841.463415,0.9917012448,0.6104166667,0.9672131148,0.006073531685,11.1841864,4.176666667,0.211096016,Premium
2.06,61,59,14982 €,8.24,8.21,5.02,339.605008,67.6504,41.3648,41.2142,7272.815534,1.00365408,0.6103343465,0.9672131148,0.006065870501,44.11595721,7.156666667,0.2111179966,Premium
0.31,61.7,55,642 €,4.35,4.37,2.69,51.135555,19.0095,11.7015,11.7553,2070.967742,0.995423341,0.6169724771,0.8914100486,0.006062318088,12.5548652,3.803333333,0.2069994453,Ideal
1.33,60.7,62,5288 €,7.12,7.07,4.31,216.958504,50.3384,30.6872,30.4717,3975.93985,1.007072136,0.6074700493,1.021416804,0.006130204511,24.3733244,6.166666667,0.2129222055,Premium
0.42,61.8,56,1621 €,4.82,4.79,2.97,68.570766,23.0878,14.3154,14.2263,3859.52381,1.006263048,0.6181061394,0.9061488673,0.006125059183,23.63981175,4.193333333,0.2063069937,Ideal
1.57,62.6,58,9847 €,7.4,7.36,4.62,251.62368,54.464,34.188,34.0032,6271.974522,1.005434783,0.6260162602,0.9265175719,0.006239476348,39.13383669,6.46,0.2014208905,Premium
0.33,61.6,56,854 €,4.46,4.44,2.74,54.258576,19.8024,12.2204,12.1656,2587.878788,1.004504505,0.6157303371,0.9090909091,0.00608198785,15.73944735,3.88,0.2077688352,Ideal
0.51,62.4,59,2559 €,5.07,5.12,3.18,82.547712,25.9584,16.1226,16.2816,5017.647059,0.990234375,0.624141315,0.9455128205,0.006178245134,31.00025353,4.456666667,0.2026111608,Ideal
0.41,60.6,59,1082 €,4.84,4.8,2.92,67.83744,23.232,14.1328,14.016,2639.02439,1.008333333,0.6058091286,0.9735973597,0.006043860146,15.94989434,4.186666667,0.2139691342,Premium
0.34,62.4,57,477 €,4.47,4.5,2.8,56.322,20.115,12.516,12.6,1402.941176,0.9933333333,0.624303233,0.9134615385,0.006036717446,8.469159476,3.923333333,0.2024836957,Ideal
0.72,61.8,55,2650 €,5.75,5.78,3.56,118.3166,33.235,20.47,20.5768,3680.555556,0.9948096886,0.6175195143,0.8899676375,0.006085367565,22.3975334,5.03,0.2066638409,Ideal
0.52,62.9,58,1105 €,5.14,5.04,3.2,82.89792,25.9056,16.448,16.128,2125,1.01984127,0.6286836935,0.9220985692,0.006272774998,13.32964687,4.46,0.1999751974,Premium
0.74,61.7,55,3746 €,5.85,5.79,3.59,121.598685,33.8715,21.0015,20.7861,5062.162162,1.010362694,0.616838488,0.8914100486,0.006085592126,30.8062542,5.076666667,0.207127529,Ideal
1.01,61.7,60,3818 €,6.4,6.34,3.93,159.46368,40.576,25.152,24.9162,3780.19802,1.009463722,0.6169544741,0.9724473258,0.006333730665,23.94275612,5.556666667,0.2070463982,Premium
1.52,61.9,57,10129 €,7.37,7.33,4.55,245.800555,54.0221,33.5335,33.3515,6663.815789,1.005457026,0.619047619,0.9208400646,0.006183875378,41.20820639,6.416666667,0.2057195329,Ideal
0.33,62.3,59,,4.39,4.44,2.75,53.6019,19.4916,12.0725,12.21,1490.909091,0.9887387387,0.6228765572,0.9470304976,0.006156498184,9.17877911,3.86,0.2034077494,Premium
0.41,61,57,836 €,4.82,4.79,2.93,67.647254,23.0878,14.1226,14.0347,2039.02439,1.006263048,0.6097814776,0.9344262295,0.006060852078,12.35822521,4.18,0.2114756759,Ideal
1.54,62.2,59,15983 €,7.41,7.37,4.6,251.21382,54.6117,34.086,33.902,10378.57143,1.005427408,0.6224627876,0.9485530547,0.006130235988,63.62309207,6.46,0.203609905,Premium
1.11,60.7,56,4882 €,6.73,6.68,4.07,182.972548,44.9564,27.3911,27.1876,4398.198198,1.00748503,0.6070096943,0.9225700165,0.006066483809,26.68159816,5.826666667,0.2132125779,Premium
1.22,62.4,58,5997 €,6.82,6.77,4.24,195.766736,46.1714,28.9168,28.7048,4915.57377,1.007385524,0.6239882266,0.9294871795,0.006231906528,30.63339627,5.943333333,0.2026828115,Premium
0.3,61.7,55,911 €,4.36,4.33,2.68,50.595184,18.8788,11.6848,11.6044,3036.666667,1.006928406,0.6168009206,0.8914100486,0.005929418104,18.00566631,3.79,0.207119809,Ideal
0.41,60.3,60,863 €,4.81,4.84,2.91,67.745964,23.2804,13.9971,14.0844,2104.878049,0.9938016529,0.6031088083,0.9950248756,0.006052021047,12.73876625,4.186666667,0.2156423728,Premium
1.38,62.4,58,10850 €,7.14,7.09,4.44,224.764344,50.6226,31.7016,31.4796,7862.318841,1.007052186,0.6240337316,0.9294871795,0.006139763876,48.2727812,6.223333333,0.2026522165,Premium
0.71,61.6,57,2175 €,5.74,5.79,3.55,117.98283,33.2346,20.377,20.5545,3063.380282,0.9913644214,0.6157849089,0.9253246753,0.006017824797,18.43488582,5.026666667,0.2077640285,Ideal
1.03,60.7,60,4384 €,6.61,6.53,3.99,172.221567,43.1633,26.3739,26.0547,4256.31068,1.012251149,0.6073059361,0.9884678748,0.005980667915,25.45558072,5.71,0.2130756743,Premium
0.92,61.7,57,3181 €,6.21,6.26,3.85,149.66721,38.8746,23.9085,24.101,3457.608696,0.9920127796,0.6174819567,0.9238249595,0.006146971003,21.25382039,5.44,0.2067068138,Ideal
0.36,61.8,59,537 €,4.55,4.57,2.82,58.63767,20.7935,12.831,12.8874,1491.666667,0.9956236324,0.6184210526,0.9546925566,0.006139398104,9.157935505,3.98,0.206101634,Premium
1.11,61.6,61,4177 €,6.66,6.61,4.09,180.052434,44.0226,27.2394,27.0349,3763.063063,1.007564297,0.6164280332,0.9902597403,0.00616487084,23.19879775,5.786666667,0.20735567,Premium
2.02,60.1,59,17099 €,8.29,8.21,4.96,337.582064,68.0609,41.1184,40.7216,8464.851485,1.009744214,0.6012121212,0.9816971714,0.005983730226,50.65138769,7.153333333,0.2168590005,Premium
1.01,61.5,56,9503 €,6.45,6.49,3.98,166.60479,41.8605,25.671,25.8302,9408.910891,0.9938366718,0.6151468315,0.9105691057,0.006062250671,57.03917636,5.64,0.2081402203,Ideal
0.47,62.4,57,1865 €,4.97,5,3.11,77.2835,24.85,15.4567,15.55,3968.085106,0.994,0.6238716148,0.9134615385,0.006081505108,24.13192984,4.36,0.2027450287,Ideal
1.5,59.6,60,15478 €,7.49,7.41,4.44,246.423996,55.5009,33.2556,32.9004,10318.66667,1.010796221,0.5959731544,1.006711409,0.00608706954,62.81044156,6.446666667,0.2201608214,Premium
0.71,61.3,58,2169 €,5.76,5.82,3.55,119.00736,33.5232,20.448,20.661,3054.929577,0.9896907216,0.6131260794,0.9461663948,0.005966017564,18.22576352,5.043333333,0.2094309703,Premium
1.1,58.4,60,7399 €,6.85,6.81,3.99,186.127515,46.6485,27.3315,27.1719,6726.363636,1.005873715,0.5841874085,1.02739726,0.005909926858,39.75231711,5.883333333,0.2275731039,Premium
0.3,62.3,58,684 €,4.29,4.32,2.68,49.667904,18.5328,11.4972,11.5776,2280,0.9930555556,0.6225319396,0.9309791332,0.00604011798,13.771469,3.763333333,0.2035775679,Premium
1,60.5,59,5396 €,6.45,6.4,3.89,,41.28,25.0905,24.896,5396,1.0078125,0.6054474708,0.9752066116,0.006227456607,33.60335585,5.58,0.2141908214,Premium
0.57,62,58,1763 €,5.38,5.33,3.32,95.202328,28.6754,17.8616,17.6956,3092.982456,1.009380863,0.6199813259,0.935483871,0.005987248547,18.51845472,4.676666667,0.2051729178,Premium
0.56,61.3,56,1625 €,5.32,5.27,3.25,91.1183,28.0364,17.29,17.1275,2901.785714,1.009487666,0.6137865911,0.9135399674,0.00614585654,17.83395871,4.613333333,0.2090111985,Ideal
0.72,61.6,57,2602 €,5.73,5.76,3.54,116.836992,33.0048,20.2842,20.3904,3613.888889,0.9947916667,0.6161879896,0.9253246753,0.006162431844,22.27034397,5.01,0.2074888462,Ideal
0.3,61.4,60,776 €,4.3,4.27,2.63,48.28943,18.361,11.309,11.2301,2586.666667,1.007025761,0.6137689615,0.9771986971,0.00621253968,16.06976931,3.733333333,0.2090010558,Premium
2.71,60.4,59,17146 €,9.13,9.03,5.48,451.792572,82.4439,50.0324,49.4844,6326.937269,1.011074197,0.6035242291,0.9768211921,0.005998327923,37.95104449,7.88,0.2154247779,Premium
1.51,60.6,58,10411 €,7.42,7.36,4.48,244.658176,54.6112,33.2416,32.9728,6894.701987,1.008152174,0.6062246279,0.9570957096,0.006171876308,42.55324784,6.42,0.2137080733,Premium
2.05,60.2,59,18784 €,8.28,8.33,5,344.862,68.9724,41.4,41.65,9162.926829,0.993997599,0.6020469597,0.9800664452,0.005944406748,54.46816408,7.203333333,0.2163061992,Premium
1.04,62.6,55,4948 €,6.49,6.42,4.04,168.329832,41.6658,26.2196,25.9368,4757.692308,1.010903427,0.6258714175,0.8785942492,0.006178346331,29.39467082,5.65,0.2015576174,Premium
0.8,61.5,55,4740 €,5.95,5.99,3.68,131.15704,35.6405,21.896,22.0432,5925,0.9933222037,0.6164154104,0.8943089431,0.006099558209,36.13988239,5.206666667,0.207357207,Ideal
1.2,62.5,56,3931 €,6.8,6.7,4.22,192.2632,45.56,28.696,28.274,3275.833333,1.014925373,0.6251851852,0.896,0.00624144402,20.44593037,5.906666667,0.2020347554,Ideal
1.53,61.9,58,8289 €,7.38,7.42,4.58,250.798968,54.7596,33.8004,33.9836,5417.647059,0.9946091644,0.6189189189,0.9369951535,0.006100503571,33.05037523,6.46,0.2057989232,Ideal
0.25,61.5,56,445 €,4.05,4.08,2.5,41.31,16.524,10.125,10.2,1780,0.9926470588,0.6150061501,0.9105691057,0.006051803437,10.77221012,3.543333333,0.2082360476,Ideal
0.41,61.9,59,1061 €,4.77,4.73,2.94,66.332574,22.5621,14.0238,13.9062,2587.804878,1.00845666,0.6189473684,0.9531502423,0.006180975278,15.99515797,4.146666667,0.2058034811,Premium
0.3,59.5,56,778 €,4.41,4.37,2.61,50.299137,19.2717,11.5101,11.4057,2593.333333,1.009153318,0.5945330296,0.9411764706,0.005964317042,15.4674622,3.796666667,0.2210515186,Ideal
0.24,61.8,57,536 €,4.02,3.97,2.47,39.419718,15.9594,9.9294,9.8059,2233.333333,1.012594458,0.6182728411,0.9223300971,0.006088323615,13.59725607,3.486666667,0.2062662429,Ideal
1.01,59.8,60,,6.53,6.57,3.92,168.176232,42.9021,25.5976,25.7544,5197.029703,0.9939117199,0.5984732824,1.003344482,0.006005604882,31.21130696,5.673333333,0.2185490182,Premium
0.32,61.7,59,730 €,4.37,4.41,2.71,52.226307,19.2717,11.8427,11.9511,2281.25,0.9909297052,0.6173120729,0.9562398703,0.006127180312,13.97763009,3.83,0.2068219154,Premium
0.57,62.5,55,1645 €,5.33,5.27,3.31,92.974921,28.0891,17.6423,17.4437,2885.964912,1.011385199,0.6245283019,0.88,0.0061306855,17.69294324,4.636666667,0.2023899509,Premium
1.27,61,61,5428 €,7.01,6.95,4.26,207.54507,48.7195,29.8626,29.607,4274.015748,1.008633094,0.6103151862,1,0.006119152818,26.15335551,6.073333333,0.2111615111,Premium
0.35,61.3,56,646 €,4.54,4.58,2.8,58.22096,20.7932,12.712,12.824,1845.714286,0.9912663755,0.6140350877,0.9135399674,0.006011580709,11.09566039,3.973333333,0.2088504984,Ideal
0.91,62.3,57,3781 €,6.22,6.14,3.85,147.03458,38.1908,23.947,23.639,4154.945055,1.013029316,0.6229773463,0.9149277689,0.006189020297,25.71503928,5.403333333,0.2033666859,Premium
0.31,61.2,57,1818 €,4.35,4.38,2.67,50.87151,19.053,11.6145,11.6946,5864.516129,0.9931506849,0.6116838488,0.931372549,0.006093784124,35.73709528,3.8,0.2102959266,Ideal
0.7,61.3,57,2575 €,5.73,5.76,3.52,116.176896,33.0048,20.1696,20.2752,3678.571429,0.9947916667,0.6127067015,0.9298531811,0.006025294392,22.1644758,5.003333333,0.2096495459,Ideal
0.55,61.8,59,1321 €,5.25,5.2,3.23,88.179,27.3,16.9575,16.796,2401.818182,1.009615385,0.6181818182,0.9546925566,0.006237312739,14.98089114,4.56,0.2062880521,Premium
1.13,59.6,57,9872 €,6.89,6.81,4.08,191.437272,46.9209,28.1112,27.7848,8736.283186,1.01174743,0.595620438,0.9563758389,0.005902716792,51.56780546,5.926666667,0.2203935145,Ideal
1.07,61.8,58,4366 €,6.51,6.57,4.04,172.793628,42.7707,26.3004,26.5428,4080.373832,0.9908675799,0.6177370031,0.9385113269,0.006192357973,25.26713543,5.706666667,0.2065594333,Premium
0.54,60.4,60,1662 €,5.22,5.24,3.16,86.434848,27.3528,16.4952,16.5584,3077.777778,0.9961832061,0.604206501,0.9933774834,0.006247480183,19.22835567,4.54,0.2149430655,Premium
0.3,62.7,58,574 €,4.27,4.22,2.66,47.931604,18.0194,11.3582,11.2252,1913.333333,1.011848341,0.6266195524,0.9250398724,0.006258918437,11.97539728,3.716666667,0.2011089527,Premium
0.3,62.3,56,710 €,4.29,4.32,2.68,49.667904,18.5328,11.4972,11.5776,2366.666667,0.9930555556,0.6225319396,0.8988764045,0.00604011798,14.29494589,3.763333333,0.2035775679,Ideal
0.72,62.1,58,2831 €,5.73,5.76,3.57,117.827136,33.0048,20.4561,20.5632,3931.944444,0.9947916667,0.6214099217,0.9339774557,0.006110646702,24.02672335,5.02,0.2042585616,Premium
0.3,63,53,608 €,4.31,4.26,2.7,49.57362,18.3606,11.637,11.502,2026.666667,1.011737089,0.6301050175,0.8412698413,0.006051605673,12.2645875,3.756666667,0.1989675974,Premium
0.58,60.8,57,2241 €,5.41,5.42,3.29,96.470038,29.3222,17.7989,17.8318,3863.793103,0.9981549815,0.6075715605,0.9375,0.006012229414,23.23001054,4.706666667,0.2128348992,Ideal
1.15,60.9,57,5139 €,6.8,6.72,4.12,188.26752,45.696,28.016,27.6864,4468.695652,1.011904762,0.6094674556,0.9359605911,0.006108329254,27.29626438,5.88,0.2117238794,Premium
0.33,62,60,463 €,4.41,4.46,2.75,54.08865,19.6686,12.1275,12.265,1403.030303,0.9887892377,0.6200676437,0.9677419355,0.006101095147,8.560021372,3.873333333,0.2051408402,Premium
0.72,61.1,56,3601 €,5.78,5.81,3.54,118.879572,33.5818,20.4612,20.5674,5001.388889,0.9948364888,0.6108714409,0.9165302782,0.006056549396,30.29115885,5.043333333,0.2107906965,Ideal
0.31,error,56,914 €,4.37,4.39,2.68,51.413924,19.1843,11.7116,11.7652,2948.387097,0.9954441913,0.6118721461,0.9150326797,0.006029495045,17.77728539,3.813333333,0.2101650207,Ideal
0.78,60.7,56,,5.97,6.03,3.64,131.036724,35.9991,21.7308,21.9492,3980.769231,0.9900497512,0.6066666667,0.9225700165,0.005952529766,23.69564734,5.213333333,0.2134496731,Ideal
1.12,62.4,58,4277 €,6.59,6.64,4.13,180.718888,43.7576,27.2167,27.4232,3818.75,0.9924698795,0.6243386243,0.9294871795,0.006197470626,23.66659095,5.786666667,0.2024685595,Premium
1.14,61.6,57,9259 €,6.71,6.76,4.15,188.24234,45.3596,27.8465,28.054,8121.929825,0.9926035503,0.6161841128,0.9253246753,0.006056023315,49.18659638,5.873333333,0.2075059543,Ideal
0.52,60.2,59,1451 €,5.19,5.21,3.13,84.634887,27.0399,16.2447,16.3073,2790.384615,0.9961612284,0.6019230769,0.9800664452,0.006144038451,17.14423037,4.51,0.2163728419,Premium
1.51,63,58,7441 €,7.32,7.28,4.6,245.13216,53.2896,33.672,33.488,4927.81457,1.005494505,0.6301369863,0.9206349206,0.006159942457,30.35505419,6.4,0.1988901497,Premium
0.3,61.3,61,878 €,4.29,4.26,2.62,47.881548,18.2754,11.2398,11.1612,2926.666667,1.007042254,0.6128654971,0.9951060359,0.006265461593,18.3369176,3.723333333,0.2095623836,Premium
2,62.6,56,17760 €,8.01,7.96,5,318.798,63.7596,40.05,39.8,8880,1.006281407,0.6261740764,0.8945686901,0.006273565079,55.7092579,6.99,0.2013291189,Premium
0.86,63,53,2706 €,6.1,6.06,3.83,141.57978,36.966,23.363,23.2098,3146.511628,1.00660066,0.6299342105,0.8412698413,0.006074313719,19.11289875,5.33,0.1990217396,Ideal
1.31,61.9,56,10099 €,7.03,7.13,4.38,219.542682,50.1239,30.7914,31.2294,7709.160305,0.9859747546,0.6186440678,0.9046849758,0.00596694906,46.00016684,6.18,0.2060593473,Ideal
0.41,61.4,60,719 €,4.75,4.82,2.94,67.3113,22.895,13.965,14.1708,1753.658537,0.9854771784,0.6144200627,0.9771986971,0.006091102088,10.68171317,4.17,0.2086836217,Premium
0.45,61.6,56,1817 €,4.96,4.98,3.06,75.584448,24.7008,15.1776,15.2388,4037.777778,0.9959839357,0.615694165,0.9090909091,0.005953605694,24.03933677,4.333333333,0.2077891512,Ideal
1.3,59.3,59,14196 €,7.11,7.08,4.22,212.429736,50.3388,30.0042,29.8776,10920,1.004237288,0.5947850599,0.9949409781,0.006119670553,66.82680244,6.136666667,0.220859859,Premium
0.31,61.5,56,732 €,4.35,4.33,2.67,50.290785,18.8355,11.6145,11.5611,2361.290323,1.004618938,0.6152073733,0.9105691057,0.006164151146,14.55535045,3.783333333,0.2080937155,Ideal
0.42,62.3,57,1040 €,4.8,4.77,2.98,68.23008,22.896,14.304,14.2146,2476.190476,1.006289308,0.6227795193,0.9149277689,0.00615564279,15.24254405,4.183333333,0.2034199121,Ideal
0.73,61.6,58,2309 €,5.79,5.73,3.55,117.777285,33.1767,20.5545,20.3415,3163.013699,1.010471204,0.6163194444,0.9415584416,0.00619813914,19.60479901,5.023333333,0.2074502813,Premium
1.59,60.7,56,13839 €,7.54,7.58,4.59,262.333188,57.1532,34.6086,34.7922,8703.773585,0.9947229551,0.6071428571,0.9225700165,0.006060994463,52.75352351,6.57,0.2131151685,Ideal
0.4,59.3,59,842 €,4.79,4.83,2.85,65.936745,23.1357,13.6515,13.7655,2105,0.9917184265,0.5925155925,0.9949409781,0.006066420173,12.76981446,4.156666667,0.2223168782,Premium
,62.5,60,526 €,4.24,4.27,2.66,48.158768,18.1048,11.2784,11.3582,1753.333333,0.9929742389,0.625146886,0.96,0.006229395237,10.92220632,3.723333333,0.2019668628,Premium
0.7,61.5,56,2924 €,5.71,5.75,3.52,115.5704,32.8325,20.0992,20.24,4177.142857,0.9930434783,0.6143106457,0.9105691057,0.006056914227,25.300596,4.993333333,0.2086646127,Ideal
0.36,59.3,59,473 €,4.62,4.66,2.75,59.2053,21.5292,12.705,12.815,1313.888889,0.991416309,0.5926724138,0.9949409781,0.006080536709,7.98914962,4.01,0.2222204948,Premium
1.22,62.4,58,6934 €,6.84,6.79,4.25,197.3853,46.4436,29.07,28.8575,5683.606557,1.00736377,0.623624358,0.9294871795,0.006180804751,35.12926241,5.96,0.2029068591,Premium
0.36,61.7,55,525 €,4.61,4.63,2.85,60.831255,21.3443,13.1385,13.1955,1458.333333,0.9956803456,0.6168831169,0.8914100486,0.005918010404,8.63043184,4.03,0.2070535857,Ideal
1.02,62.8,57,6169 €,6.46,6.41,4.04,1039.007704,41.4086,26.0984,25.8964,6048.039216,1.007800312,0.6278166278,0.9076433121,0.006097169369,36.87591945,5.636666667,0.2003308703,Ideal
0.43,62.2,57,968 €,4.84,4.81,3,69.8412,23.2804,14.52,14.43,2251.162791,1.006237006,0.621761658,0.9163987138,0.006156824339,13.86001386,4.216666667,0.2040475313,Ideal
2.01,61.4,59,17227 €,8.06,8.13,4.97,325.673166,65.5278,40.0582,40.4061,8570.646766,0.9913899139,0.6139592341,0.9609120521,0.006171831793,52.8965902,7.053333333,0.208896449,Ideal
1.01,61.6,58,10797 €,6.44,6.39,3.95,162.54882,41.1516,25.438,25.2405,10690.09901,1.007824726,0.6157443492,0.9415584416,0.006213517883,66.42312137,5.593333333,0.2077815405,Premium
0.3,61.6,58,844 €,4.33,4.31,2.66,49.641718,18.6623,11.5178,11.4646,2813.333333,1.004640371,0.6157407407,0.9415584416,0.006043304142,17.00182899,3.766666667,0.2077630354,Premium
1.02,62.5,58,7643 €,6.4,6.37,3.99,162.66432,40.768,25.536,25.4163,7493.137255,1.004709576,0.6249021143,0.928,0.006270582264,46.98633357,5.586666667,0.2021026709,Premium
1.01,61.8,59,5946 €,6.45,6.4,3.97,,41.28,25.6065,25.408,5887.128713,1.0078125,0.6178988327,0.9546925566,0.006162985961,36.28229161,5.606666667,0.2064467482,Premium
0.53,62.4,57,1832 €,5.18,5.21,3.24,87.440472,26.9878,16.7832,16.8804,3456.603774,0.9942418426,0.6236766121,0.9134615385,0.006061266458,20.95139651,4.543333333,0.202863657,Ideal
0.33,59.2,58,743 €,4.55,4.5,2.68,54.873,20.475,12.194,12.06,2251.515152,1.011111111,0.5922651934,0.9797297297,0.006013886611,13.54035682,3.91,0.2225014943,Premium
0.38,62,54.5,768 €,4.66,4.69,2.9,63.38066,21.8554,13.514,13.601,2021.052632,0.9936034115,0.6203208556,0.8790322581,0.005995519769,12.11726101,4.083333333,0.2049386089,Ideal
0.23,62.8,55,536 €,3.93,3.96,2.48,38.595744,15.5628,9.7464,9.8208,2330.434783,0.9924242424,0.628643853,0.8757961783,0.005959206279,13.88754159,3.456666667,0.1998214699,Ideal
0.31,60.9,55,789 €,4.4,4.43,2.69,52.43348,19.492,11.836,11.9167,2545.16129,0.993227991,0.6092865232,0.9031198686,0.005912253011,15.0476375,3.84,0.2117877668,Ideal
0.34,62.4,54,956 €,4.49,4.48,2.8,56.32256,20.1152,12.572,12.544,2811.764706,1.002232143,0.624303233,0.8653846154,0.006036657425,16.97366029,3.923333333,0.2024623047,Ideal
0.37,61.1,60,583 €,4.63,4.6,2.82,60.06036,21.298,13.0566,12.972,1575.675676,1.006521739,0.6110509209,0.9819967267,0.006160469235,9.706901524,4.016666667,0.2106870734,Premium
1.06,62.6,58,4031 €,6.52,6.46,4.06,171.003952,42.1192,26.4712,26.2276,3802.830189,1.009287926,0.625577812,0.9265175719,0.006198687151,23.57255463,5.68,0.2017209238,Premium
0.41,59.8,57,827 €,4.81,4.85,2.89,67.419365,23.3285,13.9009,14.0165,2017.073171,0.9917525773,0.5983436853,0.9531772575,0.006081338796,12.26650533,4.183333333,0.2186463476,Ideal
0.34,62.1,55,1033 €,4.49,4.46,2.78,55.670612,20.0254,12.4822,12.3988,3038.235294,1.006726457,0.6212290503,0.885668277,0.006107351577,18.55557112,3.91,0.2043796729,Ideal
0.74,61.6,55,2410 €,5.81,5.87,3.6,122.77692,34.1047,20.916,21.132,3256.756757,0.9897785349,0.6164383562,0.8928571429,0.00602719143,19.62909641,5.093333333,0.207375038,Ideal
0.6,60.8,59,2376 €,5.49,5.43,3.32,98.971524,29.8107,18.2268,18.0276,3960,1.011049724,0.6080586081,0.9703947368,0.006062349813,24.00690526,4.746666667,0.2125919267,Premium
0.33,62.3,56,1002 €,4.46,4.43,2.77,54.729106,19.7578,12.3542,12.2711,3036.363636,1.006772009,0.6231721035,0.8988764045,0.006029698347,18.3083568,3.886666667,0.2031811881,Ideal
0.39,61.9,54.8,1036 €,4.68,4.69,2.9,63.65268,21.9492,13.572,13.601,2656.410256,0.9978678038,0.6189967983,0.8852988691,0.006127000466,16.27582688,4.09,0.2057376462,Ideal
1.21,61,58,7142 €,6.9,6.83,4.19,197.46213,47.127,28.911,28.6177,5902.479339,1.010248902,0.6103423161,0.9508196721,0.006127757257,36.1689606,5.973333333,0.2111603014,Premium
0.35,60.8,57,906 €,4.56,4.52,2.76,56.886912,20.6112,12.5856,12.4752,2588.571429,1.008849558,0.6079295154,0.9375,0.006152557551,15.92633469,3.946666667,0.2126500673,Ideal
0.37,unknown,59,1124 €,4.63,4.59,2.81,59.717277,21.2517,13.0103,12.8979,3037.837838,1.008714597,0.6095444685,0.9672131148,0.006195861878,18.82202365,4.01,0.2116422089,Premium
2.01,62.1,59,15520 €,8.06,7.98,4.98,320.307624,64.3188,40.1388,39.7404,7721.393035,1.010025063,0.6209476309,0.9500805153,0.006275217477,48.45342052,7.006666667,0.2045825675,Premium
0.9,58.3,60,3931 €,6.32,6.28,3.67,145.660832,39.6896,23.1944,23.0476,4367.777778,1.006369427,0.5825396825,1.02915952,0.006178737191,26.987351,5.423333333,0.2286234966,Premium
2.02,59.7,56,9728 €,8.18,8.13,4.87,323.871558,66.5034,39.8366,39.5931,4815.841584,1.006150062,0.5971796444,0.9380234506,0.006237040426,30.03659864,7.06,0.2193623765,Premium
0.42,60.9,62,1096 €,4.86,4.8,2.94,68.58432,23.328,14.2884,14.112,2609.52381,1.0125,0.6086956522,1.018062397,0.006123848716,15.98032903,4.2,0.21221219,Premium
1.21,61.3,56,13965 €,6.86,6.9,4.22,199.74948,47.334,28.9492,29.118,11541.32231,0.9942028986,0.613372093,0.9135399674,0.006057587734,69.91257249,5.993333333,0.2092395472,Ideal
0.7,60.6,57,2536 €,5.77,5.74,3.48,115.256904,33.1198,20.0796,19.9752,3622.857143,1.005226481,0.6046915725,0.9405940594,0.006073388888,22.00302031,4.996666667,0.2146461407,Ideal
1.13,61.5,56,8051 €,6.71,6.73,4.13,186.503779,45.1583,27.7123,27.7949,7124.778761,0.9970282318,0.6145833333,0.9105691057,0.006058858464,43.1680261,5.856666667,0.2084743899,Ideal
0.97,61.7,56,3884 €,6.37,6.32,3.92,157.812928,40.2584,24.9704,24.7744,4004.123711,1.007911392,0.6178092987,0.9076175041,0.006146517984,24.6114184,5.536666667,0.2065029848,Ideal
0.56,61.5,55,1365 €,5.32,5.35,3.28,93.35536,28.462,17.4496,17.548,2437.5,0.9943925234,0.6148078725,0.8943089431,0.005998584334,14.62154931,4.65,0.2083470339,Ideal
,59.8,56,2184 €,5.78,5.73,3.44,113.930736,33.1194,19.8832,19.7112,3120,1.008726003,0.5977410947,0.9364548495,0.006144083893,19.16954175,4.983333333,0.2190285657,Premium
0.27,61.6,57,566 €,4.18,4.21,2.58,45.402324,17.5978,10.7844,10.8618,2096.296296,0.9928741093,0.6150178784,0.9253246753,0.005946832149,12.46632221,3.656666667,0.2082270213,Ideal
0.58,61.9,55,1761 €,5.33,5.36,3.31,94.562728,28.5688,17.6423,17.7416,3036.206897,0.9944029851,0.6192703461,0.8885298869,0.006133494795,18.6225592,4.666666667,0.2055827953,Ideal
0.57,61.9,58,1944 €,5.32,5.35,3.3,93.9246,28.462,17.556,17.655,3410.526316,0.9943925234,0.618556701,0.9369951535,0.006068697657,20.69745306,4.656666667,0.2060242759,Premium
0.53,61.8,55,37804.70486 €,5.19,5.24,3.22,87.569832,27.1956,16.7118,16.8728,5818.867925,0.9904580153,0.6174496644,0.8899676375,0.006052312627,35.21760782,4.55,0.2067414324,Ideal
0.31,60.7,56,878 €,4.4,4.37,2.66,51.14648,19.228,11.704,11.6242,2832.258065,1.006864989,0.606613455,0.9225700165,0.006061023163,17.16638173,3.81,0.213455387,Ideal
0.55,61.3,57,1667 €,5.25,5.28,3.23,89.5356,27.72,16.9575,17.0544,3030.909091,0.9943181818,0.6134852802,0.9298531811,0.006142808,18.61829261,4.586666667,0.2091685417,Ideal
0.4,60.8,59,1263 €,4.74,4.76,2.89,65.205336,22.5624,13.6986,13.7564,3157.5,0.9957983193,0.6084210526,0.9703947368,0.006134467277,19.36958043,4.13,0.2123124514,Premium
1.04,61.9,57,6112 €,6.51,6.54,4.04,172.004616,42.5754,26.3004,26.4216,5876.923077,0.995412844,0.6191570881,0.9208400646,0.006046349361,35.53393009,5.696666667,0.2056473241,Ideal
0.84,61.4,57,3201 €,6.03,6.09,3.72,136.608444,36.7227,22.4316,22.6548,3810.714286,0.9901477833,0.6138613861,0.9283387622,0.006148961041,23.43193368,5.28,0.2089694146,Ideal
0.37,62.6,57,487 €,4.54,4.57,2.85,59.13123,20.7478,12.939,13.0245,1316.216216,0.9934354486,0.6256860593,0.910543131,0.00625726879,8.235918651,3.986666667,0.2016316093,Ideal
1.89,62,56,12674 €,7.93,7.98,4.93,311.977302,63.2814,39.0949,39.3414,6705.820106,0.9937343358,0.6197360151,0.9032258065,0.006058133037,40.62475032,6.946666667,0.2052991503,Ideal
1.06,61,58,5075 €,6.61,6.57,4.02,174.579354,43.4277,26.5722,26.4114,4787.735849,1.00608828,0.6100151745,0.9508196721,0.00607173744,29.06987501,5.733333333,0.211329012,Premium
4.01,61,61,15223 €,10.14,10.1,6.17,631.89438,102.414,62.5638,62.317,3796.259352,1.003960396,0.6096837945,1,0.006345997254,24.09105142,8.803333333,0.2115243614,Premium
0.63,61.9,57,2835 €,5.47,5.51,3.4,102.47498,30.1397,18.598,18.734,4500,0.9927404719,0.6193078324,0.9208400646,0.006147842137,27.66528962,4.793333333,0.2055710926,Ideal
0.7,61.1,57,2862 €,5.71,5.74,3.5,114.7139,32.7754,19.985,20.09,4088.571429,0.9947735192,0.6113537118,0.9328968903,0.006102137579,24.94902536,4.983333333,0.2104909488,Ideal
0.71,62.4,56,3372 €,5.74,5.7,3.57,116.80326,32.718,20.4918,20.349,4749.295775,1.007017544,0.6241258741,0.8974358974,0.006078597464,28.86905725,5.003333333,0.2025951897,Ideal
0.76,62.3,57,4150 €,5.87,5.84,3.65,125.12492,34.2808,21.4255,21.316,5460.526316,1.005136986,0.6233988044,0.9149277689,0.006073929957,33.16685437,5.12,0.203031078,Ideal
1.15,unknown,55,7587 €,6.74,6.76,4.16,189.539584,45.5624,28.0384,28.1216,6597.391304,0.9970414201,0.6162962963,0.8928571429,0.006067334199,40.02857788,5.886666667,0.2074119496,Ideal
0.3,62.4,57,665 €,4.27,4.29,2.67,48.909861,18.3183,11.4009,11.4543,2216.666667,0.9953379953,0.6238317757,0.9134615385,0.006133732418,13.59644019,3.743333333,0.2027618513,Ideal
0.51,59.2,61,1662 €,5.17,5.16,3.06,81.632232,26.6772,15.8202,15.7896,3258.823529,1.001937984,0.5924491772,1.030405405,0.006247532225,20.35960501,4.463333333,0.2223259703,Premium
0.55,62.6,56,1037 €,5.24,5.27,3.29,90.852692,27.6148,17.2396,17.3383,1885.454545,0.9943074004,0.6260704091,0.8945686901,0.006053755677,11.41408116,4.6,0.2013893144,Ideal
0.43,60.7,58,919 €,4.91,4.85,2.96,70.48796,23.8135,14.5336,14.356,2137.209302,1.012371134,0.606557377,0.9555189456,0.006100332596,13.03768757,4.24,0.2135443574,Premium
1.82,61.3,58,12081 €,7.94,7.83,4.83,300.282066,62.1702,38.3502,37.8189,6637.912088,1.014048531,0.6125554851,0.9461663948,0.006060968023,40.23217291,6.866666667,0.209831185,Premium
0.5,61.6,60,1935 €,5.13,5.1,3.15,82.41345,26.163,16.1595,16.065,3870,1.005882353,0.6158357771,0.974025974,0.006066970865,23.47917725,4.46,0.2077109521,Premium
1.1,62.2,59,5958 €,6.61,6.57,4.1,,43.4277,27.101,26.937,5416.363636,1.00608828,0.62215478,0.9485530547,0.006177916006,33.4618396,5.76,0.2038039658,Premium
0.5,62.2,58,1675 €,5.03,5.06,3.14,79.918652,25.4518,15.7942,15.8884,3350,0.9940711462,0.6223984143,0.9324758842,0.006256361781,20.95881197,4.41,0.2036528628,Premium
1.14,59.6,58,6033 €,6.8,6.78,4.05,186.7212,46.104,27.54,27.459,5292.105263,1.002949853,0.5964653903,0.9731543624,0.00610535922,32.31020366,5.876666667,0.2197970834,Premium
0.31,59.4,59,698 €,4.44,4.41,2.63,51.496452,19.5804,11.6772,11.5983,2251.612903,1.006802721,0.5943502825,0.9932659933,0.006019832201,13.55433186,3.826666667,0.2211480169,Premium
0.4,61.2,55,666 €,4.74,4.77,2.91,65.794518,22.6098,13.7934,13.8807,1665,0.9937106918,0.6119873817,0.8986928105,0.00607953386,10.12242388,4.14,0.2101032776,Ideal
1.06,60.9,60,4155 €,6.55,6.52,3.98,169.96988,42.706,26.069,25.9496,3919.811321,1.004601227,0.6090283091,0.9852216749,0.006236399061,24.44550764,5.683333333,0.2119356279,Premium
0.33,62,59,854 €,4.42,4.36,2.72,52.417664,19.2712,12.0224,11.8592,2587.878788,1.013761468,0.6195899772,0.9516129032,0.006295587686,16.29221783,3.833333333,0.2054677912,Premium
0.7,61.8,62,1914 €,5.69,5.64,3.5,112.3206,32.0916,19.915,19.74,2734.285714,1.008865248,0.6178287732,1.003236246,0.006232160441,17.04050726,4.943333333,0.2064993049,Premium
0.35,60.9,57,1063 €,4.55,4.51,2.76,56.63658,20.5205,12.558,12.4476,3037.142857,1.00886918,0.6092715232,0.9359605911,0.006179751673,18.76878865,3.94,0.2118136509,Ideal
0.31,61.4,54,687 €,4.4,4.43,2.71,52.82332,19.492,11.924,12.0053,2216.129032,0.993227991,0.6138165345,0.8794788274,0.005868620147,13.00561949,3.846666667,0.2089700214,Ideal
1.02,63,57,15575 €,6.39,6.35,4.01,162.711765,40.5765,25.6239,25.4635,15269.60784,1.006299213,0.6295133438,0.9047619048,0.00626875383,95.72141265,5.583333333,0.1992778229,Ideal
1,60.7,56,14498 €,6.47,6.54,3.95,167.13951,42.3138,25.5565,25.833,14498,0.9892966361,0.6072252114,0.9225700165,0.005983025797,86.741908,5.653333333,0.2131092323,Ideal
0.54,61.8,55,1847 €,5.26,5.24,3.24,89.302176,27.5624,17.0424,16.9776,3420.37037,1.003816794,0.6171428571,0.8899676375,0.006046885129,20.68258673,4.58,0.206890451,Ideal
1.72,59.8,59,10749 €,7.77,7.74,4.64,279.048672,60.1398,36.0528,35.9136,6249.418605,1.003875969,0.5983236622,0.9866220736,0.006163799267,38.52016182,6.716666667,0.2186316858,Premium
0.41,62.1,55,1151 €,4.74,4.79,2.96,67.205616,22.7046,14.0304,14.1784,2807.317073,0.9895615866,0.6211962225,0.885668277,0.006100680634,17.1265449,4.163333333,0.2044347401,Ideal
1.13,61.2,59,9698 €,6.78,6.71,4.13,187.889394,45.4938,28.0014,27.7123,8582.300885,1.010432191,0.6123054114,0.9640522876,0.006014176617,51.6154733,5.873333333,0.2099410935,Premium
0.4,62.3,57,945 €,4.74,4.67,2.93,64.857894,22.1358,13.8882,13.6831,2362.5,1.014989293,0.6227417641,0.9149277689,0.006167329454,14.57031584,4.113333333,0.2035407339,Premium
1.16,61.6,55,5695 €,6.74,6.77,4.16,189.819968,45.6298,28.0384,28.1632,4909.482759,0.9955686854,0.6158401184,0.8928571429,0.006111053606,30.00211232,5.89,0.2077005161,Ideal
0.7,61.6,58,1945 €,5.69,5.71,3.51,114.039549,32.4899,19.9719,20.0421,2778.571429,0.996497373,0.6157894737,0.9415584416,0.006138221399,17.0554866,4.97,0.2077280056,Ideal
0.41,62.1,59,1015 €,4.76,4.74,2.95,66.55908,22.5624,14.042,13.983,2475.609756,1.004219409,0.6210526316,0.9500805153,0.006159940913,15.24960982,4.15,0.2044740772,Premium
1.08,62.7,57,5534 €,6.53,6.57,4.11,1039.007704,42.9021,26.8383,27.0027,5124.074074,0.9939117199,0.627480916,0.9090909091,0.006124961776,31.38475784,5.736666667,0.2005246271,Ideal
1.16,62.8,57,5702 €,6.73,6.67,4.21,188.983111,44.8891,28.3333,28.0807,4915.517241,1.008995502,0.628358209,0.9076433121,0.006138114638,30.17200833,5.87,0.2000089965,Premium
0.53,62,57,2177 €,5.17,5.2,3.21,86.29764,26.884,16.5957,16.692,4107.54717,0.9942307692,0.6190935391,0.9193548387,0.006141535273,25.22664583,4.526666667,0.2056931844,Ideal
1.71,61.9,57,13660 €,7.62,7.67,4.73,276.446742,58.4454,36.0426,36.2791,7988.304094,0.9934810952,0.618705036,0.9208400646,0.006185639909,49.41277261,6.673333333,0.2059384285,Ideal
0.43,61.9,56,,4.85,4.88,3.01,71.24068,23.668,14.5985,14.6888,2281.395349,0.993852459,0.618705036,0.9046849758,0.006035877254,13.77022229,4.246666667,0.2059359065,Ideal
0.71,62.9,57,2651 €,5.67,5.72,3.58,116.107992,32.4324,20.2986,20.4776,3733.802817,0.9912587413,0.6286215979,0.906200318,0.006114996804,22.83219229,4.99,0.1998455903,Ideal
0.9,60.6,60,3001 €,6.23,6.28,3.79,148.281476,39.1244,23.6117,23.8012,3334.444444,0.9920382166,0.6059152678,0.9900990099,0.006069537641,20.23853607,5.433333333,0.2139002607,Premium
0.5,61.3,60,1746 €,5.11,5.07,3.12,80.832024,25.9077,15.9432,15.8184,3492,1.007889546,0.6129666012,0.9787928222,0.006185667205,21.60034988,4.433333333,0.209506121,Premium
0.77,61.8,59,1909 €,5.82,5.86,3.61,123.119772,34.1052,21.0102,21.1546,2479.220779,0.9931740614,0.6181506849,0.9546925566,0.00625407266,15.50522689,5.096666667,0.2062836316,Premium
0.4,61.7,55,1125 €,4.76,4.73,2.93,65.968364,22.5148,13.9468,13.8589,2812.5,1.006342495,0.6174920969,0.8914100486,0.006063512504,17.05362892,4.14,0.206687647,Ideal
0.5,62,59,1031 €,5.1,5.03,3.14,80.55042,25.653,16.014,15.7942,2062,1.013916501,0.61994077,0.9516129032,0.006207292277,12.79943668,4.423333333,0.2052532558,Premium
0.36,61.2,57,851 €,4.63,4.59,2.82,59.929794,21.2517,13.0566,12.9438,2363.888889,1.008714597,0.6117136659,0.931372549,0.006007028824,14.19994869,4.013333333,0.210292049,Ideal
0.32,61,59,702 €,4.44,4.45,2.71,53.54418,19.758,12.0324,12.0595,2193.75,0.997752809,0.6096737908,0.9672131148,0.005976373156,13.11066861,3.866666667,0.2115250946,Premium
1.1,60.1,58,10387 €,6.69,6.76,4.04,182.706576,45.2244,27.0276,27.3104,9442.727273,0.9896449704,0.6007434944,0.9650582363,0.006020582423,56.85071784,5.83,0.2171601555,Premium
0.52,62.3,56,1389 €,5.12,5.16,3.2,84.54144,26.4192,16.384,16.512,2671.153846,0.992248062,0.6225680934,0.8988764045,0.0061508297,16.42981241,4.493333333,0.203561696,Ideal
2.01,63,59,9658 €,8.04,7.97,5.04,322.957152,64.0788,40.5216,40.1688,4804.975124,1.008782936,0.6296064959,0.9365079365,0.006223735835,29.90489587,7.016666667,0.1992408338,Premium
0.34,61.7,55,1276 €,4.49,4.52,2.78,56.419544,20.2948,12.4822,12.5656,3752.941176,0.9933628319,0.6170921199,0.8914100486,0.006026280539,22.61627637,3.93,0.2069376653,Ideal
1.18,61.8,58,5617 €,6.78,6.74,4.18,191.014296,45.6972,28.3404,28.1732,4760.169492,1.005934718,0.6183431953,0.9385113269,0.006177548093,29.40617596,5.9,0.2061581843,Premium
0.48,59.6,59,1020 €,5.13,5.11,3.05,79.953615,26.2143,15.6465,15.5855,2125,1.003913894,0.595703125,0.9899328859,0.006003480893,12.7573969,4.43,0.2202802522,Premium
0.87,61.7,57,3118 €,6.14,6.09,3.77,140.970102,37.3926,23.1478,22.9593,3583.908046,1.008210181,0.6165167621,0.9238249595,0.006171521391,22.11816517,5.333333333,0.2073060087,Ideal
0.35,61.2,57,788 €,4.56,4.52,2.78,57.299136,20.6112,12.6768,12.5656,2251.428571,1.008849558,0.6123348018,0.931372549,0.006108294547,13.75238887,3.953333333,0.2099070777,Ideal
0.34,61.5,58,477 €,4.49,4.52,2.77,56.216596,20.2948,12.4373,12.5204,1402.941176,0.9933628319,0.614872364,0.9430894309,0.006048036064,8.485038831,3.926666667,0.2083137194,Premium
0.32,62.2,57,504 €,4.38,4.36,2.72,1039.007704,19.0968,11.9136,11.8592,1575,1.004587156,0.6224256293,0.9163987138,0.006160564012,9.702888319,3.82,0.2036283542,Ideal
0.32,60.6,56,,4.46,4.48,2.71,54.147968,19.9808,12.0866,12.1408,2709.375,0.9955357143,0.6062639821,0.9240924092,0.005909732384,16.01168118,3.883333333,0.2136597765,Ideal
2.21,59.6,60,16657 €,8.53,8.49,5.07,367.167879,72.4197,43.2471,43.0443,7537.104072,1.004711425,0.5957696827,1.006711409,0.006019045037,45.36616886,7.363333333,0.2202417978,Premium
0.9,62.5,55,4260 €,6.17,6.21,3.87,148.281759,38.3157,23.8779,24.0327,4733.333333,0.9935587762,0.6252019386,0.88,0.006069526057,28.72909,5.416666667,0.2019286886,Ideal
0.58,58.4,59,1332 €,5.51,5.48,3.21,96.925308,30.1948,17.6871,17.5908,2296.551724,1.005474453,0.5841674249,1.010273973,0.005983989238,13.7425408,4.733333333,0.2275835821,Premium
1.4,62.5,58,8511 €,7.12,7.06,4.43,222.683696,50.2672,31.5416,31.2758,6079.285714,1.008498584,0.6248236953,0.928,0.00628694433,38.22013085,6.203333333,0.2021776329,Premium
0.31,62,54,789 €,4.38,4.4,2.72,52.41984,19.272,11.9136,11.968,2545.16129,0.9954545455,0.6195899772,0.8709677419,0.005913791419,15.051553,3.833333333,0.2053794496,Ideal
0.35,60.7,57,1044 €,4.53,4.57,2.76,57.137796,20.7021,12.5028,12.6132,2982.857143,0.9912472648,0.6065934066,0.9390444811,0.006125542539,18.27161832,3.953333333,0.2134836653,Ideal
0.41,60.1,59,1192 €,4.82,4.79,2.89,66.723742,23.0878,13.9298,13.8431,2907.317073,1.006263048,0.6014568158,0.9816971714,0.006144739304,17.86470549,4.166666667,0.2166774561,Premium
1.24,62,55,13178 €,6.93,6.89,4.29,204.837633,47.7477,29.7297,29.5581,10627.41935,1.005805515,0.6208393632,0.8870967742,0.006053575126,64.33388146,6.036666667,0.2046142123,Ideal
1.31,62,59,6822 €,7.04,6.97,4.34,212.958592,49.0688,30.5536,30.2498,5207.633588,1.010043042,0.619557459,0.9516129032,0.006151430603,32.03439662,6.116666667,0.2054416408,Premium
0.33,61.5,57,463 €,4.42,4.49,2.74,54.377492,19.8458,12.1108,12.3026,1403.030303,0.9844097996,0.6150392817,0.9268292683,0.00606868739,8.514552308,3.883333333,0.2083168253,Ideal
0.4,61.5,58,633 €,4.73,4.76,2.92,65.743216,22.5148,13.8116,13.8992,1582.5,0.993697479,0.6153846154,0.9430894309,0.006084277958,9.628369869,4.136666667,0.207993656,Ideal
0.41,61.9,55,1115 €,4.78,4.79,2.96,67.772752,22.8962,14.1488,14.1784,2719.512195,0.9979123173,0.618599791,0.8885298869,0.006049628913,16.4520396,4.176666667,0.2059831453,Ideal
,62.4,57.1,8698 €,6.72,6.79,4.23,193.009824,45.6288,28.4256,28.7217,7248.333333,0.9896907216,0.6262028127,0.9150641026,0.00621730011,45.06506363,5.913333333,0.2013482667,Ideal
1,62.2,61,7822 €,6.41,6.38,3.98,162.765284,40.8958,25.5118,25.3924,7822,1.004702194,0.6223612197,0.9807073955,0.00614381627,48.05693086,5.59,0.2036686575,Premium
0.32,62,57,972 €,4.42,4.38,2.73,52.851708,19.3596,12.0666,11.9574,3037.5,1.00913242,0.6204545455,0.9193548387,0.006054676606,18.39108019,3.843333333,0.2048781175,Premium
1.23,61.5,54,7988 €,6.89,6.92,4.25,202.6349,47.6788,29.2825,29.41,6494.308943,0.9956647399,0.6154960174,0.8780487805,0.006070030385,39.42065261,6.02,0.2079134428,Ideal
0.33,61.3,55,971 €,4.48,4.49,2.75,55.3168,20.1152,12.32,12.3475,2942.424242,0.9977728285,0.613154961,0.8972267537,0.005965637926,17.55343765,3.906666667,0.2093593086,Ideal
0.37,62.3,59,1041 €,4.59,4.56,2.85,59.65164,20.9304,13.0815,12.996,2813.513514,1.006578947,0.6229508197,0.9470304976,0.006202679423,17.45132238,4,0.2033162561,Premium
1.51,59.6,57,12696 €,7.52,7.49,4.47,251.771856,56.3248,33.6144,33.4803,8407.94702,1.00400534,0.5956029314,0.9563758389,0.005997493223,50.42660527,6.493333333,0.2203437076,Premium
0.31,59.6,58,537 €,4.44,4.39,2.63,51.262908,19.4916,11.6772,11.5457,1732.258065,1.011389522,0.5956964892,0.9731543624,0.006047257405,10.47541041,3.82,0.2203415235,Premium
0.71,61.2,57,2572 €,5.83,5.77,3.55,119.418805,33.6391,20.6965,20.4835,3622.535211,1.010398614,0.6120689655,0.931372549,0.005945462275,21.53764644,5.05,0.2100877182,Premium
0.32,60.8,59,814 €,4.43,4.45,2.7,53.22645,19.7135,11.961,12.015,2543.75,0.995505618,0.6081081081,0.9703947368,0.006012048521,15.29314843,3.86,0.2125089387,Premium
0.4,61.5,58,1200 €,4.74,4.69,2.9,64.46874,22.2306,13.746,13.601,3000,1.010660981,0.6150583245,0.9430894309,0.006204557434,18.6136723,4.11,0.208234225,Premium
0.97,58.1,60,6768 €,6.53,6.49,3.78,160.195266,42.3797,24.6834,24.5322,6977.319588,1.006163328,0.5806451613,1.032702238,0.006055110268,42.24843948,5.6,0.2298282041,Premium
1.02,60.3,60,5195 €,6.55,6.51,3.94,168.00357,42.6405,25.807,25.6494,5093.137255,1.006144393,0.6033690658,0.9950248756,0.006071299556,30.92196196,5.666666667,0.2154788664,Ideal
0.95,60.5,62,3671 €,6.44,6.36,3.88,158.918592,40.9584,24.9872,24.6768,3864.210526,1.012578616,0.60625,1.024793388,0.005977903454,23.09987745,5.56,0.2137388965,Premium
0.53,61.6,57,1607 €,5.21,5.24,3.22,87.907288,27.3004,16.7762,16.8728,3032.075472,0.9942748092,0.6162679426,0.9253246753,0.006029079182,18.2806231,4.556666667,0.2074422996,Ideal
2.02,62.3,57,16665 €,8.04,8.14,5.04,329.845824,65.4456,40.5216,41.0256,8250,0.9877149877,0.6229913473,0.9149277689,0.006124073288,50.52360463,7.073333333,0.203350132,Ideal
1.1,61.3,56,6743 €,6.65,6.7,4.09,182.22995,44.555,27.1985,27.403,6130,0.9925373134,0.6127340824,0.9135399674,0.006036329374,37.00269906,5.813333333,0.2096476442,Ideal
1.02,62.3,54,4604 €,6.48,6.39,4.01,166.042872,41.4072,25.9848,25.6239,4513.72549,1.014084507,0.6231546232,0.8667736758,0.006142991793,27.72777864,5.626666667,0.2032724433,Ideal
2.02,59,59,17893 €,8.34,8.27,4.9,337.96182,68.9718,40.866,40.523,8857.920792,1.008464329,0.5900060205,1,0.005977006515,52.94385028,7.17,0.2239033146,Premium
0.44,61.9,59,1081 €,4.84,4.88,3.01,71.093792,23.6192,14.5684,14.6888,2456.818182,0.9918032787,0.6193415638,0.9531502423,0.006189007333,15.20526574,4.243333333,0.2055580294,Premium
0.65,59.4,62,2387 €,5.72,5.66,3.38,109.428176,32.3752,19.3336,19.1308,3672.307692,1.010600707,0.5940246046,1.043771044,0.005939969245,21.81339475,4.92,0.2213861594,Premium
1.22,61.5,58,6012 €,6.84,6.86,4.21,197.543304,46.9224,28.7964,28.8806,4927.868852,0.9970845481,0.6145985401,0.9430894309,0.006175861066,30.43383338,5.97,0.208464777,Premium
0.7,60.7,58,2679 €,5.73,5.74,3.48,114.457896,32.8902,19.9404,19.9752,3827.142857,0.9982578397,0.6068003487,0.9555189456,0.006115786018,23.40598677,4.983333333,0.2133160603,Premium
1.01,62.5,60,4672 €,6.39,6.34,3.98,161.240148,40.5126,25.4322,25.2332,4625.742574,1.007886435,0.6252945797,0.96,0.006263948604,28.97541374,5.57,0.2018824178,Premium
0.33,60.3,55,667 €,4.5,4.52,2.72,55.3248,20.34,12.24,12.2944,2021.212121,0.9955752212,0.6031042129,0.912106136,0.005964775291,12.05607612,3.913333333,0.2156355011,Ideal
0.72,59.1,58,2043 €,5.88,5.83,3.46,118.610184,34.2804,20.3448,20.1718,2837.5,1.008576329,0.5909479078,0.9813874788,0.006070305059,17.22449061,5.056666667,0.2233088344,Premium
0.4,62.5,60,1123 €,4.66,4.72,2.93,64.445936,21.9952,13.6538,13.8296,2807.5,0.9872881356,0.6247334755,0.96,0.006206752897,17.42545876,4.103333333,0.2022827295,Premium
0.3,62.1,59,844 €,4.29,4.27,2.66,48.726678,18.3183,11.4114,11.3582,2813.333333,1.004683841,0.6214953271,0.9500805153,0.006156791563,17.32110693,3.74,0.2042029334,Premium
0.32,62.6,58,936 €,4.37,4.35,2.73,51.895935,19.0095,11.9301,11.8755,2925,1.004597701,0.626146789,0.9265175719,0.006166186234,18.03609473,3.816666667,0.2013360913,Premium
0.71,61.8,55,3516 €,5.74,5.76,3.55,117.37152,33.0624,20.377,20.448,4952.112676,0.9965277778,0.6173913043,0.8899676375,0.006049167635,29.95615972,5.016666667,0.2067352996,Ideal
1.31,59.7,59,3697 €,7.06,7.01,4.2,207.86052,49.4906,29.652,29.442,2822.137405,1.007132668,0.5970149254,0.9882747069,0.006302303102,17.78596532,6.09,0.2194725279,Premium
1.5,?,58,11007 €,7.38,7.32,4.51,243.637416,54.0216,33.2838,33.0132,7338,1.008196721,0.6136054422,0.9446254072,0.006156689825,45.17778993,6.403333333,0.2091118537,Premium
1.02,59.2,58,8107 €,6.56,6.62,3.9,169.36608,43.4272,25.584,25.818,7948.039216,0.9909365559,0.5918057663,0.9797297297,0.006022457389,47.86672751,5.693333333,0.2227719059,Ideal
0.35,62.3,55,644 €,4.51,4.54,2.82,57.740628,20.4754,12.7182,12.8028,1840,0.9933920705,0.6232044199,0.8828250401,0.00606158977,11.15332518,3.956666667,0.2031604084,Ideal
0.31,59.5,56,35226.58612 €,4.41,4.43,2.63,51.380469,19.5363,11.5983,11.6509,2632.258065,0.9954853273,0.5950226244,0.9411764706,0.006033420987,15.88152105,3.823333333,0.2207114894,Ideal
1.54,61.8,58,13120 €,7.43,7.39,4.58,251.477266,54.9077,34.0294,33.8462,8519.480519,1.00541272,0.6180836707,0.9385113269,0.006123813991,52.171714,6.466666667,0.2063156806,Premium
0.5,59.9,61,1666 €,5.16,5.13,3.08,81.530064,26.4708,15.8928,15.8004,3332,1.005847953,0.5986394558,1.01836394,0.006132707071,20.43417996,4.456666667,0.2184429419,Premium
1.37,62.5,59,8562 €,7.12,7.05,4.43,222.36828,50.196,31.5416,31.2315,6249.635036,1.009929078,0.6252646436,0.944,0.006160950654,38.50369306,6.2,0.2019201959,Premium
1.53,61.2,59,10282 €,7.41,7.39,4.53,248.062347,54.7599,33.5673,33.4767,6720.261438,1.00270636,0.6121621622,0.9640522876,0.006167804258,41.44925711,6.443333333,0.2099775912,Premium
0.32,61.8,57,561 €,4.38,4.42,2.72,52.658112,19.3596,11.9136,12.0224,1753.125,0.9909502262,0.6181818182,0.9223300971,0.006076936446,10.65362921,3.84,0.2062833166,Ideal
1.4,62,58,8467 €,7.22,7.16,4.46,230.560592,51.6952,32.2012,31.9336,6047.857143,1.008379888,0.6203059805,0.935483871,0.006072156511,36.72353513,6.28,0.204962967,Premium
0.36,61.9,56,789 €,4.55,4.56,2.82,58.50936,20.748,12.831,12.8592,2191.666667,0.9978070175,0.6190998902,0.9046849758,0.006152861696,13.48502188,3.976666667,0.2056740232,Ideal
0.31,62.3,59,523 €,4.32,4.29,2.68,49.667904,18.5328,11.5776,11.4972,1687.096774,1.006993007,0.6225319396,0.9470304976,0.006241455246,10.52993901,3.763333333,0.2035775679,Premium
0.51,62.5,57,1873 €,5.13,5.08,3.19,83.132676,26.0604,16.3647,16.2052,3672.54902,1.00984252,0.624877571,0.912,0.006134771844,22.53025032,4.466666667,0.2021575538,Ideal
0.43,61.1,58,919 €,4.9,4.86,2.98,70.96572,23.814,14.602,14.4828,2137.209302,1.008230453,0.6106557377,0.9492635025,0.006059263543,12.94991441,4.246666667,0.2109460224,Premium
0.55,61.8,58,1609 €,5.24,5.28,3.25,89.9184,27.6672,17.03,17.16,2925.454545,0.9924242424,0.6178707224,0.9385113269,0.00611665688,17.89400167,4.59,0.2064627002,Ideal
2.12,60.6,59,15235 €,8.3,8.27,5.02,344.57782,68.641,41.666,41.5154,7186.320755,1.00362757,0.605914303,0.9735973597,0.006152456359,44.21352483,7.196666667,0.2138746394,Premium
0.7,62.2,58,2184 €,5.74,5.68,3.55,115.74136,32.6032,20.377,20.164,3120,1.01056338,0.6217162872,0.9324758842,0.006047967641,18.86965904,4.99,0.2041138978,Premium
1,62.4,58,4730 €,6.33,6.36,3.96,159.424848,40.2588,25.0668,25.1856,4730,0.9952830189,0.6241134752,0.9294871795,0.006272547928,29.6691517,5.55,0.2025885564,Premium
0.7,60.1,59,1949 €,5.79,5.75,3.47,115.524975,33.2925,20.0913,19.9525,2784.285714,1.006956522,0.6013864818,0.9816971714,0.006059295836,16.87081084,5.003333333,0.2167261891,Ideal
0.41,62.6,60,827 €,4.75,4.77,2.98,67.51935,22.6575,14.155,14.2146,2017.073171,0.9958071279,0.6260504202,0.9584664537,0.006072333339,12.24834066,4.166666667,0.2013935451,Premium
0.41,61.8,56,711 €,4.75,4.79,2.95,67.119875,22.7525,14.0125,14.1305,1734.146341,0.9916492693,0.6184486373,0.9061488673,0.006108473831,10.59298755,4.163333333,0.2061116786,Ideal
0.31,62.2,55,628 €,4.37,4.35,2.71,51.515745,19.0095,11.8427,11.7885,2025.806452,1.004597701,0.621559633,0.884244373,0.006017577733,12.19044779,3.81,0.2041628118,Ideal
1.26,62,60,5173 €,7,6.86,4.3,206.486,48.02,30.1,29.498,4105.555556,1.020408163,0.6204906205,0.9677419355,0.006102108618,25.05254594,6.053333333,0.2050292864,Premium
0.54,61.8,57,1590 €,5.23,5.26,3.24,89.131752,27.5098,16.9452,17.0424,2944.444444,0.9942965779,0.6177311725,0.9223300971,0.00605844705,17.83876076,4.576666667,0.2065357783,Ideal
0.32,61,57,918 €,4.44,4.48,2.72,54.104064,19.8912,12.0768,12.1856,2868.75,0.9910714286,0.6098654709,0.9344262295,0.005914527973,16.96730212,3.88,0.2114449493,Ideal
1.53,61,61,10659 €,7.45,7.4,4.53,249.7389,55.13,33.7485,33.522,6966.666667,1.006756757,0.6101010101,1,0.00612639841,42.68057559,6.46,0.2112799901,Premium
0.35,62.3,55,1116 €,4.52,4.5,2.81,,20.34,12.7012,12.645,3188.571429,1.004444444,0.623059867,0.8828250401,0.006123655858,19.52571411,3.943333333,0.2032365035,Ideal
0.32,61.9,56,900 €,4.4,4.36,2.71,51.98864,19.184,11.924,11.8156,2812.5,1.009174312,0.6187214612,0.9046849758,0.006155190826,17.3114742,3.823333333,0.2059498427,Ideal
1.17,62.8,58,3669 €,6.71,6.69,4.21,188.986479,44.8899,28.2491,28.1649,3135.897436,1.002989537,0.628358209,0.923566879,0.006190919087,19.41408729,5.87,0.1999702989,Premium
0.39,62.4,54,534 €,4.67,4.69,2.92,63.954716,21.9023,13.6364,13.6948,1369.230769,0.9957356077,0.6239316239,0.8653846154,0.006098064762,8.349657905,4.093333333,0.2026984036,Ideal
1.32,59.4,54,4879 €,7.21,7.09,4.25,217.255325,51.1189,30.6425,30.1325,3696.212121,1.016925247,0.5944055944,0.9090909091,0.006075800444,22.45744725,6.183333333,0.2212319056,Premium
0.56,60.6,59,1814 €,5.36,5.34,3.24,92.736576,28.6224,17.3664,17.3016,3239.285714,1.003745318,0.6056074766,0.9735973597,0.006038609836,19.56078258,4.646666667,0.2140667971,Premium
0.71,60.7,54,2809 €,5.84,5.8,3.53,119.56816,33.872,20.6152,20.474,3956.338028,1.006896552,0.6065292096,0.8896210873,0.005938035678,23.49287636,5.056666667,0.2135082118,Premium
0.7,61.3,57,3504 €,5.73,5.75,3.52,115.9752,32.9475,20.1696,20.24,5005.714286,0.9965217391,0.6132404181,0.9298531811,0.006035773165,30.21335596,5,0.2093099775,Ideal
0.32,62,55,505 €,4.38,4.4,2.72,52.41984,19.272,11.9136,11.968,1578.125,0.9954545455,0.6195899772,0.8870967742,0.006104558885,9.63375699,3.833333333,0.2053794496,Ideal
0.73,62,57,2215 €,5.74,5.77,3.56,117.906488,33.1198,20.4344,20.5412,3034.246575,0.9948006932,0.6185925282,0.9193548387,0.006191347163,18.78607393,5.023333333,0.2059997485,Ideal
1.33,61.9,58,7302 €,7.04,6.98,4.34,213.264128,49.1392,30.5536,30.2932,5490.225564,1.008595989,0.6191155492,0.9369951535,0.006236398088,34.23923221,6.12,0.2057007187,Premium
0.32,61.7,58,828 €,4.41,4.38,2.71,52.345818,19.3158,11.9511,11.8698,2587.5,1.006849315,0.6166097838,0.9400324149,0.006113191315,15.81788253,3.833333333,0.2072376607,Premium
0.3,62.6,58,844 €,4.3,4.26,2.68,49.09224,18.318,11.524,11.4168,2813.333333,1.009389671,0.6261682243,0.9265175719,0.006110945437,17.19212649,3.746666667,0.201358716,Premium
1,61.8,57,4274 €,6.45,6.36,3.96,162.44712,41.022,25.542,25.1856,4274,1.014150943,0.6182669789,0.9223300971,0.006155849362,26.31010017,5.59,0.2062915108,Ideal
0.71,60.4,57,3284 €,5.78,5.81,3.5,117.5363,33.5818,20.23,20.335,4625.352113,0.9948364888,0.6039689387,0.9437086093,0.006040687005,27.9403044,5.03,0.2150979517,Ideal
1.01,61.7,58,6533 €,6.48,6.42,3.98,165.574368,41.6016,25.7904,25.5516,6468.316832,1.009345794,0.6170542636,0.9400324149,0.006099977987,39.45659029,5.626666667,0.2069834339,Premium
1.05,61.5,55,7247 €,6.56,6.59,4.04,174.650816,43.2304,26.5024,26.6236,6901.904762,0.995447648,0.6144486692,0.8943089431,0.006011995959,41.49422354,5.73,0.2085642617,Ideal
0.43,60.8,58,716 €,4.86,4.88,2.96,70.201728,23.7168,14.3856,14.4448,1665.116279,0.9959016393,0.6078028747,0.9539473684,0.006125205351,10.19917914,4.233333333,0.2126975564,Premium
2.13,62.4,56,12753 €,8.26,8.19,5.13,347.041422,67.6494,42.3738,42.0147,5987.323944,1.008547009,0.6237082067,0.8974358974,0.006137595875,36.74777474,7.193333333,0.2028651767,Premium
0.9,62,57,4082 €,6.16,6.1,3.8,142.7888,37.576,23.408,23.18,4535.555556,1.009836066,0.6199021207,0.9193548387,0.006303015363,28.58767634,5.353333333,0.2052264566,Premium
0.7,62.6,55,2294 €,5.65,5.7,3.55,,32.205,20.0575,20.235,3277.142857,0.9912280702,0.6255506608,0.8785942492,0.006122747977,20.0651198,4.966666667,0.2017334009,Ideal
1.01,60.3,58,6787 €,6.56,6.5,3.94,168.0016,42.64,25.8464,25.61,6719.80198,1.009230769,0.6033690658,0.9618573798,0.006011847506,40.39842478,5.666666667,0.2155029524,Premium
0.52,62,60,1284 €,5.18,5.11,3.19,84.438662,26.4698,16.5242,16.3009,2469.230769,1.01369863,0.6200194363,0.9677419355,0.006158316436,15.20630443,4.493333333,0.2052015142,Premium
0.41,62.3,56,40816.5 €,4.8,4.77,2.98,68.23008,22.896,14.304,14.2146,2343.902439,1.006289308,0.6227795193,0.8988764045,0.006009079866,14.08469695,4.183333333,0.2034199121,Premium
0.38,62.8,57,1026 €,4.62,4.58,2.89,61.151244,21.1596,13.3518,13.2362,2700,1.008733624,0.6282608696,0.9076433121,0.006214100894,16.77807241,4.03,0.2000662826,Ideal
0.31,60.5,58,907 €,4.43,4.39,2.67,51.925359,19.4477,11.8281,11.7213,2925.806452,1.009111617,0.6054421769,0.958677686,0.005970107977,17.46738044,3.83,0.2142053272,Premium
1.03,62.2,59,4942 €,6.45,6.41,4,165.378,41.3445,25.8,25.64,4798.058252,1.00624025,0.6220839813,0.9485530547,0.006228156103,29.88305579,5.62,0.2038486434,Premium
0.5,62.5,54,1845 €,5.09,5.05,3.17,81.483265,25.7045,16.1353,16.0085,3690,1.007920792,0.6252465483,0.864,0.006136229323,22.6426862,4.436666667,0.2019122709,Ideal
0.7,61.3,57,2960 €,5.72,5.76,3.52,115.974144,32.9472,20.1344,20.2752,4228.571429,0.9930555556,0.6132404181,0.9298531811,0.006035828124,25.52293035,5,0.209329087,Ideal
0.73,59.6,57,2527 €,5.88,5.86,3.5,120.5988,34.4568,20.58,20.51,3461.643836,1.003412969,0.5962521295,0.9563758389,0.006053128223,20.953774,5.08,0.2199327854,Ideal
0.41,61.5,59,863 €,4.75,4.81,2.94,67.17165,22.8475,13.965,14.1414,2104.878049,0.9875259875,0.6150627615,0.9593495935,0.006103765502,12.84768202,4.166666667,0.208255228,Premium
1.03,60.9,57,4900 €,6.54,6.5,3.97,168.7647,42.51,25.9638,25.805,4757.281553,1.006153846,0.6088957055,0.9359605911,0.00610317205,29.03450781,5.67,0.2120268856,Ideal
0.56,60.6,56,2066 €,5.37,5.33,3.24,92.735604,28.6221,17.3988,17.2692,3689.285714,1.00750469,0.6056074766,0.9240924092,0.006038673129,22.27839051,4.646666667,0.2140884315,Ideal
1.01,62.7,56,5457 €,6.37,6.42,4.01,163.990554,40.8954,25.5437,25.7442,5402.970297,0.992211838,0.6270523847,0.8931419458,0.006158891322,33.27630688,5.6,0.2008009049,Ideal
0.31,62.5,54,720 €,4.33,4.37,2.72,51.468112,18.9221,11.7776,11.8864,2322.580645,0.9908466819,0.6252873563,0.864,0.006023146915,13.98924445,3.806666667,0.2018991784,Ideal
0.42,60.1,58,653 €,4.87,4.91,2.94,70.300398,23.9117,14.3178,14.4354,1554.761905,0.9918533605,0.6012269939,0.9650582363,0.005974361625,9.288709859,4.24,0.2168358141,Premium
0.25,61.5,55,452 €,4.09,4.14,2.52,42.670152,16.9326,10.3068,10.4328,1808,0.9879227053,0.6123936817,0.8943089431,0.005858896401,10.59288469,3.583333333,0.2099071365,Ideal
,60.7,56,1076 €,4.82,4.77,2.91,66.904974,22.9914,14.0262,13.8807,2624.390244,1.01048218,0.6068821689,0.9225700165,0.006128094452,16.08251129,4.166666667,0.2133196662,Premium
1.09,62.5,57,5640 €,6.61,6.55,4.11,177.944505,43.2955,27.1671,26.9205,5174.311927,1.009160305,0.6246200608,0.912,0.006125505252,31.69527488,5.756666667,0.2023092278,Premium
1.01,59.8,56,7127 €,6.52,6.49,3.89,164.604572,42.3148,25.3628,25.2461,7056.435644,1.004622496,0.5980015373,0.9364548495,0.006135917051,43.29770378,5.633333333,0.2188373363,Ideal
0.31,61.8,58,707 €,4.32,4.36,2.68,50.478336,18.8352,11.5776,11.6848,2280.645161,0.9908256881,0.6175115207,0.9385113269,0.006141248396,14.00600844,3.786666667,0.2066994383,Premium
0.32,61.7,55,867 €,4.38,4.43,2.72,52.777248,19.4034,11.9136,12.0496,2709.375,0.9887133183,0.6174801362,0.8914100486,0.006063218757,16.42753332,3.843333333,0.206742113,Ideal
1.27,61.3,60,11797 €,6.9,6.99,4.26,205.46406,48.231,29.394,29.7774,9288.976378,0.9871244635,0.6133909287,0.9787928222,0.006181129683,57.41636761,6.05,0.2092982345,Premium
0.71,62.7,55,2551 €,5.67,5.71,3.57,115.581249,32.3757,20.2419,20.3847,3592.957746,0.9929947461,0.6274165202,0.8771929825,0.006142864921,22.0710541,4.983333333,0.2005707675,Ideal
0.73,62.3,55,3785 €,5.77,5.79,3.6,120.26988,33.4083,20.772,20.844,5184.931507,0.9965457686,0.6228373702,0.8828250401,0.006069682617,31.47088864,5.053333333,0.2033695826,Ideal
0.74,60.9,61,1962 €,5.84,5.75,3.53,118.5374,33.58,20.6152,20.2975,2651.351351,1.015652174,0.6091458154,1.001642036,0.006242755451,16.5517381,5.04,0.2119768322,Premium
-1.615,61,60,4197 €,6.48,6.44,3.94,164.420928,41.7312,25.5312,25.3736,4155.445545,1.00621118,0.6099071207,0.9836065574,0.006142770341,25.52594765,5.62,0.2113970865,Premium
0.29,62.8,56,664 €,4.23,4.3,2.68,48.74652,18.189,11.3364,11.524,2289.655172,0.9837209302,0.6283704572,0.8917197452,0.005949142626,13.62148518,3.736666667,0.2001041395,Ideal
1.07,62,55,4958 €,6.56,6.6,4.08,176.64768,43.296,26.7648,26.928,4633.64486,0.9939393939,0.6200607903,0.8870967742,0.006057254757,28.06716737,5.746666667,0.2050970592,Ideal
0.3,61.8,56,624 €,4.31,4.33,2.67,49.828341,18.6623,11.5077,11.5611,2080,0.9953810624,0.6180555556,0.9061488673,0.006020670044,12.52299369,3.77,0.2063289955,Ideal
0.9,62.5,57,3255 €,6.16,6.26,3.88,1039.007704,38.5616,23.9008,24.2888,3616.666667,0.9840255591,0.6247987118,0.912,0.006015278487,21.75525719,5.433333333,0.2022940435,Ideal
0.41,60.8,56,1076 €,4.79,4.76,2.92,66.577168,22.8004,13.9868,13.8992,2624.390244,1.006302521,0.6115183246,0.9210526316,0.006158267351,16.16169675,4.156666667,0.2103948235,Ideal
0.58,61.1,57,1759 €,5.38,5.42,3.3,96.22668,29.1596,17.754,17.886,3032.758621,0.9926199262,0.6111111111,0.9328968903,0.006027434387,18.2797536,4.7,0.2106562067,Ideal
0.58,62.7,58,1641 €,5.33,5.32,3.34,94.707704,28.3556,17.8022,17.7688,2829.310345,1.001879699,0.6272300469,0.9250398724,0.006124105807,17.32699591,4.663333333,0.2006605174,Premium
0.34,61.8,57,995 €,4.46,4.44,2.75,54.4566,19.8024,12.265,12.21,2926.470588,1.004504505,0.6179775281,0.9223300971,0.006243504001,18.27143083,3.883333333,0.2063766383,Ideal
0.56,61.8,55,1214 €,5.31,5.34,3.29,93.289266,28.3554,17.4699,17.5686,2167.857143,0.9943820225,0.6178403756,0.8899676375,0.006002834238,13.01328708,4.646666667,0.2064676567,Ideal
0.7,61.2,60,3425 €,5.69,5.71,3.49,113.389751,32.4899,19.8581,19.9279,4892.857143,0.996497373,0.6122807018,0.9803921569,0.006173397453,30.20555182,4.963333333,0.2099065117,Premium
0.32,62,54.7,442 €,4.39,4.42,2.73,52.972374,19.4038,11.9847,12.0666,1381.25,0.9932126697,0.6197502838,0.8822580645,0.006040884632,8.343971898,3.846666667,0.2052939908,Ideal
0.54,60.3,55,1662 €,5.26,5.32,3.19,89.266408,27.9832,16.7794,16.9708,3077.777778,0.9887218045,0.6030245747,0.912106136,0.006049308044,18.61842587,4.59,0.2157412839,Ideal
0.26,62.8,54,605 €,4.07,4.09,2.56,42.614528,16.6463,10.4192,10.4704,2326.923077,0.9951100244,0.6274509804,0.8598726115,0.006101205673,14.19703628,3.573333333,0.2005358368,Ideal
0.42,61,60,1024 €,4.85,4.82,2.95,68.96215,23.377,14.3075,14.219,2438.095238,1.006224066,0.6101344364,0.9836065574,0.006090297359,14.84872499,4.206666667,0.2112556071,Premium
1.33,60.3,58,6565 €,7.16,7.19,4.33,222.910132,51.4804,31.0028,31.1327,4936.090226,0.9958275382,0.6034843206,0.9618573798,0.005966530045,29.45133064,6.226666667,0.2153964319,Premium
0.36,61.1,57,928 €,4.6,4.63,2.82,60.06036,21.298,12.972,13.0566,2577.777778,0.9935205184,0.6110509209,0.9328968903,0.005993970066,15.45112284,4.016666667,0.2106870734,Ideal
0.31,60.7,58,593 €,4.42,4.38,2.67,51.690132,19.3596,11.8014,11.6946,1912.903226,1.00913242,0.6068181818,0.9555189456,0.005997276231,11.47220905,3.823333333,0.2133461109,Premium
1.21,61.6,59,9107 €,6.84,6.77,4.19,194.025492,46.3068,28.6596,28.3663,7526.446281,1.010339734,0.6157237325,0.9577922078,0.00623629394,46.93713133,5.933333333,0.2078180937,Premium
0.3,61.8,56,605 €,4.3,4.31,2.66,49.29778,18.533,11.438,11.4646,2016.666667,0.9976798144,0.6178861789,0.9061488673,0.006085466729,12.2723579,3.756666667,0.2064253371,Ideal
0.72,60.2,59,1944 €,5.85,5.81,3.51,119.299635,33.9885,20.5335,20.3931,2700,1.006884682,0.602058319,0.9800664452,0.006035223829,16.29510434,5.056666667,0.2163046268,Premium
0.91,62.8,61,3639 €,6.09,6.07,3.82,141.211266,36.9663,23.2638,23.1874,3998.901099,1.003294893,0.6282894737,0.9713375796,0.006444245036,25.76989856,5.326666667,0.200013549,Premium
0.76,62.4,57,2770 €,5.78,5.83,3.62,121.984588,33.6974,20.9236,21.1046,3644.736842,0.9914236707,0.6236003445,0.9134615385,0.006230295257,22.70778666,5.076666667,0.2029325909,Ideal
0.72,62.8,57,3179 €,5.68,5.73,3.58,116.516112,32.5464,20.3344,20.5134,4415.277778,0.9912739965,0.6275197195,0.9076433121,0.006179402897,27.28378029,4.996666667,0.200522193,Ideal
0.77,62.3,55,3011 €,5.9,5.85,3.66,126.3249,34.515,21.594,21.411,3910.38961,1.008547009,0.6229787234,0.8828250401,0.006095393703,23.83536421,5.136666667,0.2033148313,Ideal
0.41,61.1,54,1099 €,4.8,4.85,2.95,68.676,23.28,14.16,14.3075,2680.487805,0.9896907216,0.6113989637,0.883797054,0.005970062322,16.00267925,4.2,0.2105045589,Ideal
2.01,61.4,58,17987 €,8.11,7.99,4.94,320.106566,64.7989,40.0634,39.4706,8948.756219,1.015018773,0.6136645963,0.9446254072,0.006279158922,56.19066246,7.013333333,0.2091567986,Premium
0.9,62.6,57,,6.2,6.13,3.86,146.70316,38.006,23.932,23.6618,4115.555556,1.01141925,0.6261151663,0.910543131,0.006134837177,25.24826323,5.396666667,0.2014138017,Ideal
0.83,62.2,59,2913 €,6.05,5.97,3.74,135.08319,36.1185,22.627,22.3278,3509.638554,1.013400335,0.622296173,0.9485530547,0.006144361856,21.56448926,5.253333333,0.2037918555,Premium
0.9,60.4,58,3445 €,6.25,6.3,3.79,149.23125,39.375,23.6875,23.877,3827.777778,0.9920634921,0.6039840637,0.9602649007,0.006030908406,23.08497717,5.446666667,0.2151073558,Premium
0.33,61,57,802 €,4.46,4.49,2.73,54.669342,20.0254,12.1758,12.2577,2430.30303,0.9933184855,0.6100558659,0.9344262295,0.006036289956,14.67001377,3.893333333,0.2113078916,Ideal
1.63,59.4,59,10281 €,7.73,7.67,4.57,270.951187,59.2891,35.3261,35.0519,6307.361963,1.007822686,0.5935064935,0.9932659933,0.006015843732,37.94410393,6.656666667,0.2216874498,Ideal
1.01,62.3,57,9627 €,6.5,6.35,4,165.1,41.275,26,25.4,9531.683168,1.023622047,0.6225680934,0.9149277689,0.006117504543,58.31011508,5.616666667,0.2038210654,Premium
2.01,62.8,58,13342 €,7.99,7.9,4.99,314.97379,63.121,39.8701,39.421,6637.810945,1.011392405,0.6280679673,0.923566879,0.006381483361,42.3590801,6.96,0.2002133391,Premium
0.63,unknown,56,1736 €,5.58,5.56,3.39,105.174072,31.0248,18.9162,18.8484,2755.555556,1.003597122,0.6086175943,0.9195402299,0.005990069492,16.50596927,4.843333333,0.2121873966,Premium
0.92,60.7,58,3529 €,6.3,6.25,3.81,150.01875,39.375,24.003,23.8125,3835.869565,1.008,0.6071713147,0.9555189456,0.006132566762,23.5237262,5.453333333,0.2131157854,Premium
0.7,61.6,55,2806 €,5.72,5.74,3.53,115.899784,32.8328,20.1916,20.2622,4008.571429,0.9965156794,0.6160558464,0.8928571429,0.006039700643,24.21057144,4.996666667,0.2075627925,Ideal
1,61.6,54,6216 €,6.49,6.46,3.99,167.282346,41.9254,25.8951,25.7754,6216,1.004643963,0.6162162162,0.8766233766,0.00597791712,37.15873282,5.646666667,0.2074682862,Premium
0.38,60.6,58,1069 €,4.67,4.64,2.82,61.106016,21.6688,13.1694,13.0848,2813.157895,1.006465517,0.6058002148,0.9570957096,0.006218700299,17.49418584,4.043333333,0.213960592,Premium
0.36,60.5,58,852 €,4.6,4.63,2.79,59.42142,21.298,12.834,12.9177,2366.666667,0.9935205184,0.6045503792,0.958677686,0.006058421357,14.33826388,4.006666667,0.2147422022,Premium
1.16,61.2,57,5554 €,6.84,6.76,4.16,192.351744,46.2384,28.4544,28.1216,4787.931034,1.01183432,0.6117647059,0.931372549,0.006030618573,28.87418582,5.92,0.2102933126,Premium
0.26,60.9,59,814 €,4.12,4.09,2.5,42.127,16.8508,10.3,10.225,3130.769231,1.007334963,0.6090133983,0.9688013136,0.006171813801,19.32252475,3.57,0.2119617301,Premium
1.5,58.3,61,6720 €,7.55,7.4,4.34,242.4758,55.87,32.767,32.116,4480,1.02027027,0.5806020067,1.046312178,0.006186184353,27.7141059,6.43,0.2300344263,Premium
0.62,61.2,56,2243 €,5.49,5.52,3.37,102.127176,30.3048,18.5013,18.6024,3617.741935,0.9945652174,0.6121707539,0.9150326797,0.006070862079,21.96281233,4.793333333,0.2099839712,Ideal
1.16,62.6,58,6768 €,6.68,6.73,4.2,188.81688,44.9564,28.056,28.266,5834.482759,0.9925705795,0.6263982103,0.9265175719,0.006143518524,35.84425291,5.87,0.2012001253,Ideal
0.31,61.5,56,942 €,4.41,4.37,2.7,52.03359,19.2717,11.907,11.799,3038.709677,1.009153318,0.6150341686,0.9105691057,0.005957690023,18.10369033,3.826666667,0.2082337069,Ideal
1.03,62.3,59,6214 €,6.38,6.42,3.99,163.428804,40.9596,25.4562,25.6158,6033.009709,0.9937694704,0.6234375,0.9470304976,0.006302438584,38.02267316,5.596666667,0.2030141009,Premium
0.41,62.1,55,1110 €,4.78,4.81,2.98,68.515564,22.9918,14.2444,14.3338,2707.317073,0.9937629938,0.6214807091,0.885668277,0.005984041816,16.20069857,4.19,0.2042212073,Ideal
1.09,62.2,56,4970 €,6.6,6.55,4.09,176.8107,43.23,26.994,26.7895,4559.633028,1.007633588,0.6220532319,0.9003215434,0.006164785276,28.10915855,5.746666667,0.2038778534,Ideal
1.07,62.3,57,6558 €,6.58,6.54,4.09,176.005788,43.0332,26.9122,26.7486,6128.971963,1.006116208,0.6234756098,0.9149277689,0.006079345527,37.26013829,5.736666667,0.2029896,Ideal
0.41,60.9,56,1187 €,4.75,4.81,2.91,66.486225,22.8475,13.8225,13.9971,2895.121951,0.9875259875,0.6087866109,0.9195402299,0.00616669092,17.85332225,4.156666667,0.2121571869,Ideal
0.51,62.6,57,1443 €,5.15,5.1,3.21,84.31065,26.265,16.5315,16.371,2829.411765,1.009803922,0.6263414634,0.910543131,0.006049057859,17.11527547,4.486666667,0.2012564057,Premium
2.06,60.8,60,15716 €,8.25,8.16,4.99,335.9268,67.32,41.1675,40.7184,7629.126214,1.011029412,0.6081657526,0.9868421053,0.006132288344,46.78400175,7.133333333,0.2125248851,Premium
0.71,61.1,58,2306 €,5.76,5.73,3.51,115.846848,33.0048,20.2176,20.1123,3247.887324,1.005235602,0.6109660574,0.9492635025,0.006128781337,19.90559122,5,0.2107320574,Premium
1.5,60,62,11322 €,7.41,7.38,4.44,242.804952,54.6858,32.9004,32.7672,7548,1.004065041,0.6004056795,1.033333333,0.006177798219,46.63002096,6.41,0.217325148,Premium
0.33,61.6,60,666 €,4.41,4.46,2.73,53.695278,19.6686,12.0393,12.1758,2018.181818,0.9887892377,0.6155580609,0.974025974,0.006145791814,12.4033253,3.866666667,0.2079320352,Premium
0.31,62.6,60,625 €,4.29,4.33,2.7,50.15439,18.5757,11.583,11.691,2016.129032,0.9907621247,0.626450116,0.9584664537,0.006180914572,12.46152131,3.773333333,0.2011847006,Premium
0.53,61.6,56,1054 €,5.16,5.19,3.19,85.429476,26.7804,16.4604,16.5561,1988.679245,0.9942196532,0.6164251208,0.9090909091,0.006203947687,12.337662,4.513333333,0.2073452262,Ideal
0.95,62.8,59,4628 €,6.25,6.21,3.91,151.756875,38.8125,24.4375,24.2811,4871.578947,1.006441224,0.6276083467,0.9394904459,0.006260012932,30.49614721,5.456666667,0.2004484538,Premium
0.53,60.9,59,1122 €,5.27,5.2,3.19,87.41876,27.404,16.8113,16.588,2116.981132,1.013461538,0.6093600764,0.9688013136,0.006062771881,12.83477368,4.553333333,0.2118109205,Premium
0.26,61.6,57,769 €,4.1,4.08,2.52,42.15456,16.728,10.332,10.2816,2957.692308,1.004901961,0.6161369193,0.9253246753,0.006167778765,18.24239181,3.566666667,0.2075187294,Ideal
0.52,59.2,59,1739 €,5.29,5.25,3.12,86.6502,27.7725,16.5048,16.38,3344.230769,1.007619048,0.5920303605,0.9966216216,0.006001140217,20.06919776,4.553333333,0.2226174083,Premium
0.37,61.1,56,987 €,4.62,4.65,2.83,60.79689,21.483,13.0746,13.1595,2667.567568,0.9935483871,0.6105717368,0.9165302782,0.006085837614,16.23438304,4.033333333,0.2109851154,Ideal
1.24,60.4,59,10485 €,7.02,7.01,4.24,208.651248,49.2102,29.7648,29.7224,8455.645161,1.001426534,0.6044191019,0.9768211921,0.005942931144,50.25131697,6.09,0.2148035986,Premium
0.4,62.6,57,931 €,4.68,4.75,2.95,65.5785,22.23,13.806,14.0125,2327.5,0.9852631579,0.6256627784,0.910543131,0.006099560069,14.19672606,4.126666667,0.2017414223,Ideal
1.07,61.1,56,4955 €,6.63,6.6,4.04,176.78232,43.758,26.7852,26.664,4630.841121,1.004545455,0.6107331822,0.9165302782,0.006052641463,28.02882098,5.756666667,0.210873496,Ideal
0.35,62,59,906 €,4.55,4.51,2.81,57.662605,20.5205,12.7855,12.6731,2588.571429,1.00886918,0.6203090508,0.9516129032,0.006069791679,15.71208932,3.956666667,0.2049655103,Premium
0.66,61.6,55,1936 €,5.63,5.66,3.48,110.892984,31.8658,19.5924,19.6968,2933.333333,0.9946996466,0.6164747564,0.8928571429,0.005951684013,17.4582731,4.923333333,0.2073116327,Ideal
0.28,62,56,646 €,4.19,4.23,2.61,46.258857,17.7237,10.9359,11.0403,2307.142857,0.9905437352,0.6199524941,0.9032258065,0.006052894908,13.96489325,3.676666667,0.2051923815,Ideal
0.56,61.1,61,1287 €,5.31,5.29,3.24,91.011276,28.0899,17.2044,17.1396,2298.214286,1.003780718,0.6113207547,0.9983633388,0.006153083712,14.14110489,4.613333333,0.2105045458,Premium
0.77,61.6,57,3189 €,5.87,5.91,3.63,125.930871,34.6917,21.3081,21.4533,4141.558442,0.9932318105,0.6162988115,0.9253246753,0.006114465769,25.32341732,5.136666667,0.2074301158,Ideal
0.71,59.2,59,2817 €,5.86,5.83,3.46,118.206748,34.1638,20.2756,20.1718,3967.605634,1.005145798,0.5919589393,0.9966216216,0.006006425285,23.8311268,5.05,0.2226468294,Premium
0.43,61.7,58,948 €,4.84,4.82,2.98,69.519824,23.3288,14.4232,14.3636,2204.651163,1.004149378,0.6169772257,0.9400324149,0.006185286085,13.63639816,4.213333333,0.2069944426,Premium
0.71,61.2,57,3321 €,5.73,5.77,3.52,116.378592,33.0621,20.1696,20.3104,4677.464789,0.993067591,0.612173913,0.931372549,0.006100778397,28.53617614,5.006666667,0.2099917927,Ideal
0.36,62.1,55,789 €,4.54,4.58,2.83,58.844756,20.7932,12.8482,12.9614,2191.666667,0.9912663755,0.6206140351,0.885668277,0.006117792382,13.40816164,3.983333333,0.20477656,Ideal
1.32,62.4,57,8728 €,7.05,6.98,4.38,215.53542,49.209,30.879,30.5724,6612.121212,1.010028653,0.6243763364,0.9134615385,0.006124283424,40.49450434,6.136666667,0.2024681586,Ideal
0.32,61.6,55,708 €,4.4,4.43,2.72,53.01824,19.492,11.968,12.0496,2212.5,0.993227991,0.6160815402,0.8928571429,0.006035658671,13.35389481,3.85,0.2075648106,Ideal
1.7,62.4,55,13823 €,7.61,7.69,4.77,279.144693,58.5209,36.2997,36.6813,8131.176471,0.9895968791,0.6235294118,0.8814102564,0.006090031595,49.51912161,6.69,0.2029951869,Ideal
1.01,61.7,57,10761 €,6.43,6.47,3.98,165.576358,41.6021,25.5914,25.7506,10654.45545,0.9938176198,0.6170542636,0.9238249595,0.006099904674,64.99116257,5.626666667,0.2069579986,Ideal
0.54,62.7,58,1422 €,5.21,5.25,3.28,89.7162,27.3525,17.0888,17.22,2633.333333,0.9923809524,0.6271510516,0.9250398724,0.00601897985,15.84998027,4.58,0.2007388322,Premium
0.5,61.5,58,1181 €,5.09,5.03,3.11,79.624397,25.6027,15.8299,15.6433,2362,1.011928429,0.6146245059,0.9430894309,0.006279482405,14.83213744,4.41,0.2085181666,Premium
0.71,61.1,58,3578 €,5.8,5.72,3.52,116.77952,33.176,20.416,20.1344,5039.43662,1.013986014,0.6111111111,0.9492635025,0.006079833176,30.63893395,5.013333333,0.2107282744,Premium
0.41,62.8,56,876 €,4.77,4.72,2.98,67.092912,22.5144,14.2146,14.0656,2136.585366,1.01059322,0.6280295047,0.8917197452,0.006110928678,13.05652078,4.156666667,0.2002275862,Ideal
1.65,61.9,57,14593 €,7.65,7.61,4.72,274.78188,58.2165,36.108,35.9192,8844.242424,1.005256242,0.6186107471,0.9208400646,0.006004762759,53.10757754,6.66,0.205988641,Ideal
0.73,62.5,55,2351 €,5.78,5.74,3.6,119.43792,33.1772,20.808,20.664,3220.547945,1.006968641,0.625,0.88,0.006111961762,19.68386589,5.04,0.2020564885,Ideal
2.01,58.9,59,13755 €,8.26,8.22,4.85,329.30142,67.8972,40.061,39.867,6843.283582,1.00486618,0.588592233,1.001697793,0.006103830345,41.77024199,7.11,0.2247742275,Premium
1.11,61.3,58,5908 €,6.66,6.61,4.07,179.171982,44.0226,27.1062,26.9027,5322.522523,1.007564297,0.6134137151,0.9461663948,0.006195165045,32.97390548,5.78,0.2092257579,Premium
1.04,60.2,58,6360 €,6.65,6.64,4,176.624,44.156,26.6,26.56,6115.384615,1.001506024,0.6019563582,0.9634551495,0.005888214512,36.00869644,5.763333333,0.216345571,Premium
0.8,61.4,57,2074 €,5.99,5.93,3.66,130.005762,35.5207,21.9234,21.7038,2592.5,1.010118044,0.6140939597,0.9283387622,0.006153573409,15.95313906,5.193333333,0.208826776,Premium
1.01,62.1,59,7814 €,6.39,6.43,3.98,163.529046,41.0877,25.4322,25.5914,7736.633663,0.9937791602,0.6209048362,0.9500805153,0.006176272807,47.78356011,5.6,0.2045766742,Ideal
1.08,62.1,58,4864 €,6.57,6.61,4.09,177.619293,43.4277,26.8713,27.0349,4503.703704,0.9939485628,0.6206373293,0.9339774557,0.006080420554,27.38441257,5.756666667,0.2047407818,Premium
1.66,60,59,5310 €,7.63,7.56,4.56,263.033568,57.6828,34.7928,34.4736,3198.795181,1.009259259,0.6003949967,0.9833333333,0.00631098157,20.18753743,6.583333333,0.2173667996,Premium
0.35,61.3,56,916 €,4.52,4.55,2.78,57.17348,20.566,12.5656,12.649,2617.142857,0.9934065934,0.6130099228,0.9135399674,0.006121719371,16.02141412,3.95,0.209469768,Ideal
0.44,62.6,56,810 €,4.84,4.9,3.05,72.3338,23.716,14.762,14.945,1840.909091,0.987755102,0.6262833676,0.8945686901,0.006082910064,11.19808444,4.263333333,0.2013227111,Ideal
0.7,62.7,60,2695 €,5.64,5.59,3.52,110.977152,31.5276,19.8528,19.6768,3850,1.008944544,0.6268922529,0.956937799,0.00630760465,24.2842779,4.916666667,0.2009091659,Premium
0.71,61.6,56,4497 €,5.73,5.75,3.53,116.304675,32.9475,20.2269,20.2975,6333.802817,0.9965217391,0.6149825784,0.9090909091,0.006104655724,38.66568562,5.003333333,0.2082283783,Ideal
1.09,62,56,5306 €,6.62,6.58,4.09,178.158764,43.5596,27.0758,26.9122,4867.889908,1.006079027,0.6196969697,0.9032258065,0.006118138539,29.78242485,5.763333333,0.2053218094,Ideal
1.01,59.8,61,3535 €,6.47,6.43,3.86,160.584106,41.6021,24.9742,24.8198,3500,1.00622084,0.5984496124,1.02006689,0.006289539016,22.01338656,5.586666667,0.2185644826,Premium
0.28,62,57,37124.46806 €,4.19,4.23,2.61,46.258857,17.7237,10.9359,11.0403,2135.714286,0.9905437352,0.6199524941,0.9193548387,0.006052894908,12.92725413,3.676666667,0.2051923815,Ideal
0.72,61.1,60,2721 €,5.74,5.69,3.49,113.985494,32.6606,20.0326,19.8581,3779.166667,1.008787346,0.6106736658,0.9819967267,0.006316593232,23.87145859,4.973333333,0.2109397451,Premium
0.51,62.5,60,1590 €,5.08,5.1,3.18,82.38744,25.908,16.1544,16.218,3117.647059,0.9960784314,0.6247544204,0.96,0.006190263953,19.29905821,4.453333333,0.2021900423,Premium
0.31,61.6,56,583 €,4.35,4.39,2.69,51.369585,19.0965,11.7015,11.8091,1880.645161,0.9908883827,0.6155606407,0.9090909091,0.006034699326,11.34912809,3.81,0.2079075947,Ideal
0.38,61.9,59,1026 €,4.66,4.61,2.87,61.655062,21.4826,13.3742,13.2307,2700,1.010845987,0.619201726,0.9531502423,0.006163321999,16.6409694,4.046666667,0.205670346,Premium
0.39,61.3,56,988 €,4.73,4.77,2.91,65.655711,22.5621,13.7643,13.8807,2533.333333,0.9916142558,0.6126315789,0.9135399674,0.005940077322,15.04819588,4.136666667,0.2097191032,Ideal
0.31,62,56,533 €,4.35,4.39,2.71,51.751515,19.0965,11.7885,11.8969,1719.354839,0.9908883827,0.6201372998,0.9032258065,0.0059901628,10.29921539,3.816666667,0.2050747266,Ideal
0.39,62.1,54.3,853 €,4.63,4.69,2.9,62.97263,21.7147,13.427,13.601,2187.179487,0.987206823,0.6223175966,0.8743961353,0.006193166777,13.54556734,4.073333333,0.2037725368,Ideal
0.43,62.7,56,968 €,4.83,4.8,3.02,70.01568,23.184,14.5866,14.496,2251.162791,1.00625,0.6272066459,0.8931419458,0.006141481451,13.82547452,4.216666667,0.2006940106,Premium
0.38,62.4,53.2,1245 €,4.62,4.66,2.9,62.43468,21.5292,13.398,13.514,3276.315789,0.991416309,0.625,0.8525641026,0.006086360978,19.94084057,4.06,0.2020705427,Ideal
0.41,60.8,56,1068 €,4.82,4.85,2.94,68.72838,23.377,14.1708,14.259,2604.878049,0.993814433,0.6080661841,0.9210526316,0.005965512355,15.53943218,4.203333333,0.212544533,Ideal
0.32,60.3,58,864 €,4.45,4.41,2.67,52.397415,19.6245,11.8815,11.7747,2700,1.009070295,0.6027088036,0.9618573798,0.006107171508,16.48936307,3.843333333,0.2159148258,Premium
0.91,62,57,4642 €,6.15,6.23,3.84,147.12768,38.3145,23.616,23.9232,5101.098901,0.9871589085,0.620355412,0.9193548387,0.006185103986,31.55082715,5.406666667,0.2049843318,Ideal
0.38,61.5,57,1257 €,4.67,4.63,2.86,61.839206,21.6221,13.3562,13.2418,3307.894737,1.008639309,0.6150537634,0.9268292683,0.006144968938,20.32691041,4.053333333,0.2082167985,Ideal
1.29,unknown,57,6097 €,7,7.06,4.32,213.4944,49.42,30.24,30.4992,4726.356589,0.9915014164,0.6145092461,0.9268292683,0.006042313054,28.55812611,6.126666667,0.2085540363,Ideal
0.41,61.7,56,1367 €,4.78,4.82,2.96,68.197216,23.0396,14.1488,14.2672,3334.146341,0.9917012448,0.6166666667,0.9076175041,0.006011975621,20.04480652,4.186666667,0.2072144961,Ideal
1.14,61.1,59,5925 €,6.7,6.75,4.11,185.87475,45.225,27.537,27.7425,5197.368421,0.9925925926,0.6111524164,0.9656301146,0.00613316225,31.8763038,5.853333333,0.2106307197,Premium
0.32,61.2,56,936 €,4.42,4.41,2.7,52.62894,19.4922,11.934,11.907,2925,1.002267574,0.6115515289,0.9150326797,0.006080304866,17.78489173,3.843333333,0.210356217,Ideal
1.21,62.7,57,4391 €,6.77,6.72,4.23,192.441312,45.4944,28.6371,28.4256,3628.92562,1.007440476,0.6271312083,0.9090909091,0.006287631213,22.817346,5.906666667,0.2007491105,Premium
1.23,61.2,57,5768 €,6.92,6.86,4.22,200.328464,47.4712,29.2024,28.9492,4689.430894,1.008746356,0.6124818578,0.931372549,0.006139916293,28.79271315,6,0.2098147331,Premium
1.54,61.8,57,6095 €,7.43,7.35,4.57,249.569985,54.6105,33.9551,33.5895,3957.792208,1.010884354,0.6184032476,0.9223300971,0.006170613826,24.42200732,6.45,0.2061646331,Ideal
0.28,61.6,55,612 €,4.22,4.26,2.61,46.920492,17.9772,11.0142,11.1186,2185.714286,0.9906103286,0.6155660377,0.8928571429,0.005967541858,13.04334149,3.696666667,0.2079069989,Ideal
0.51,60.9,58,1281 €,5.21,5.14,3.15,84.35511,26.7794,16.4115,16.191,2511.764706,1.013618677,0.6086956522,0.9523809524,0.006045869657,15.18580202,4.5,0.2122270699,Premium
0.5,62.9,60,1629 €,5.04,5.01,3.16,79.791264,25.2504,15.9264,15.8316,3258,1.005988024,0.6288557214,0.9538950715,0.006266350161,20.41576882,4.403333333,0.1996793493,Premium
0.32,62.9,56,900 €,4.39,4.36,2.75,52.6361,19.1404,12.0725,11.99,2812.5,1.006880734,0.6285714286,0.8903020668,0.006079477773,17.09853124,3.833333333,0.1998600645,Ideal
0.3,62.1,57,540 €,4.29,4.34,2.68,49.897848,18.6186,11.4972,11.6312,1800,0.9884792627,0.6210892236,0.9178743961,0.006012283335,10.82211,3.77,0.2045136989,Ideal
0.73,61.4,58,2630 €,5.77,-3.956,3.55,118.599465,33.4083,20.4835,20.5545,3602.739726,0.9965457686,0.6141868512,0.9446254072,0.006155171105,22.17547946,5.036666667,0.208722129,Ideal
0.62,61.2,59,1166 €,5.42,5.52,3.35,,29.9184,18.157,18.492,1880.645161,0.981884058,0.6124314442,0.9640522876,0.006185980095,11.63363353,4.763333333,0.2099813343,Premium
1.26,59.1,59,5899 €,7.09,7.05,4.18,208.93521,49.9845,29.6362,29.469,4681.746032,1.005673759,0.5912305516,0.9983079526,0.006030577613,28.23363281,6.106666667,0.2231097594,Premium
0.7,62.6,55,3268 €,5.66,5.68,3.55,114.12824,32.1488,20.093,20.164,4668.571429,0.9964788732,0.6261022928,0.8785942492,0.006133451283,28.63445542,4.963333333,0.2013588189,Ideal
0.54,62.1,56,1786 €,5.25,5.21,3.25,88.895625,27.3525,17.0625,16.9325,3307.407407,1.007677543,0.621414914,0.9017713366,0.006074539664,20.09097748,4.57,0.2042721641,Ideal
1.3,60.9,60,9216 €,7.04,6.99,4.27,210.124992,49.2096,30.0608,29.8473,7089.230769,1.007153076,0.6086956522,0.9852216749,0.006186793811,43.85960905,6.1,0.212158426,Premium
0.7,61.4,55,2489 €,5.7,5.76,3.52,115.56864,32.832,20.064,20.2752,3555.714286,0.9895833333,0.6143106457,0.8957654723,0.006057006468,21.53698443,4.993333333,0.2086966448,Ideal
0.39,62.2,53.9,787 €,4.66,4.69,2.9,63.38066,21.8554,13.514,13.601,2017.948718,0.9936034115,0.6203208556,0.8665594855,0.006153296605,12.417037,4.083333333,0.2049386089,Ideal
0.77,58.2,60,2360 €,6.01,5.95,3.48,124.44306,35.7595,20.9148,20.706,3064.935065,1.010084034,0.5819397993,1.030927835,0.006187568837,18.96449669,5.146666667,0.2290348121,Premium
1.02,61,58,4043 €,6.49,6.52,3.97,167.989756,42.3148,25.7653,25.8844,3963.72549,0.995398773,0.6102997694,0.9508196721,0.006071798807,24.0669437,5.66,0.2111436784,Premium
0.3,61.3,58,450 €,4.3,4.34,2.65,49.4543,18.662,11.395,11.501,1500,0.9907834101,0.6134259259,0.9461663948,0.006066206579,9.099309868,3.763333333,0.2092333654,Ideal
0.3,62.6,60,394 €,4.22,4.28,2.66,48.043856,18.0616,11.2252,11.3848,1313.333333,0.9859813084,0.6258823529,0.9584664537,0.006244294796,8.200840499,3.72,0.2015949813,Premium
1.5,61,57,12576 €,7.32,7.4,4.49,1039.007704,54.168,32.8668,33.226,8384,0.9891891892,0.6100543478,0.9344262295,0.006167400012,51.7074817,6.403333333,0.2113469739,Ideal
0.9,62.9,58,3867 €,6.13,6.18,3.87,146.608758,37.8834,23.7231,23.9166,4296.666667,0.9919093851,0.628757108,0.9220985692,0.006138787425,26.3763233,5.393333333,0.1997563763,Ideal
0.55,61.6,55,1281 €,5.27,-8.298,3.25,90.604475,27.8783,17.1275,17.1925,2329.090909,0.9962192817,0.615530303,0.8928571429,0.006070340345,14.13837451,4.603333333,0.2078897921,Ideal
1.51,62.3,60,8997 €,7.35,7.29,4.56,244.33164,53.5815,33.516,33.2424,5958.278146,1.008230453,0.6229508197,0.963081862,0.006180124686,36.82290186,6.4,0.2033292243,Premium
0.55,62.9,57,2609 €,5.25,5.21,3.29,89.989725,27.3525,17.2725,17.1409,4743.636364,1.007677543,0.6290630975,0.906200318,0.006111808876,28.99219883,4.583333333,0.1995644845,Ideal
1.1,62,58,8060 €,6.59,6.64,4.1,179.40616,43.7576,27.019,27.224,7327.272727,0.9924698795,0.6198034769,0.935483871,0.00613133908,44.92599362,5.776666667,0.2052668342,Ideal
0.31,62.1,58,625 €,4.31,4.35,2.69,50.433465,18.7485,11.5939,11.7015,2016.129032,0.9908045977,0.6212471132,0.9339774557,0.006146712307,12.39256514,3.783333333,0.2043900951,Premium
1.2,61.1,59,4234 €,6.81,6.78,4.15,191.61297,46.1718,28.2615,28.137,3528.333333,1.004424779,0.6107431935,0.9656301146,0.00626262408,22.0966253,5.913333333,0.2108667035,Premium
2.01,62.9,62,17068 €,8.02,7.98,5.03,321.917988,63.9996,40.3406,40.1394,8491.542289,1.005012531,0.62875,0.9856915739,0.0062438263,53.01971507,7.01,0.1997384674,Premium
0.34,61.7,58,574 €,4.47,4.41,2.74,54.012798,19.7127,12.2478,12.0834,1688.235294,1.013605442,0.6171171171,0.9400324149,0.006294804428,10.627111,3.873333333,0.2069953396,Premium
0.34,60.4,60,805 €,4.51,4.56,2.74,56.349744,20.5656,12.3574,12.4944,2367.647059,0.9890350877,0.6041896362,0.9933774834,0.006033745246,14.28577919,3.936666667,0.2150086248,Premium
0.75,61,58,2216 €,5.9,5.94,3.61,126.51606,35.046,21.299,21.4434,2954.666667,0.9932659933,0.6097972973,0.9508196721,0.005928101144,17.51556285,5.15,0.2114692969,Premium
1.01,61.5,61,5963 €,6.44,6.38,3.94,161.883568,41.0872,25.3736,25.1372,5903.960396,1.009404389,0.6146645866,0.9918699187,0.006239052008,36.83511596,5.586666667,0.2084654155,Premium
1.26,61.2,57,9032 €,7.03,6.95,4.28,209.11438,48.8585,30.0884,29.746,7168.253968,1.011510791,0.6123032904,0.931372549,0.006025410591,43.19167338,6.086666667,0.2099545996,Ideal
0.3,62.4,57,790 €,4.25,4.28,2.66,922.3986596,18.19,11.305,11.3848,2633.333333,0.9929906542,0.6236811254,0.9134615385,0.006200217421,16.32723921,3.73,0.2028695379,Ideal
0.71,62.4,54,2308 €,5.72,5.75,3.58,117.7462,32.89,20.4776,20.585,3250.704225,0.9947826087,0.6242371404,0.8653846154,0.006029918588,19.60148183,5.016666667,0.2025150633,Ideal
0.3,62.4,56,911 €,4.32,4.27,2.68,49.436352,18.4464,11.5776,11.4436,3036.666667,1.011709602,0.6239813737,0.8974358974,0.006068408931,18.42773512,3.756666667,0.2027307631,Ideal
0.31,62,59,802 €,4.3,4.28,2.66,,18.404,11.438,11.3848,2587.096774,1.004672897,0.62004662,0.9516129032,0.006332392599,16.38251246,3.746666667,0.2050977087,Premium
1.31,62.1,55,12825 €,6.97,7,4.34,211.7486,48.79,30.2498,30.38,9790.076336,0.9957142857,0.6213314245,0.885668277,0.006186581635,60.56710646,6.103333333,0.2043023113,Ideal
0.5,62.3,59,2070 €,5.04,5.01,3.13,79.033752,25.2504,15.7752,15.6813,4140,1.005988024,0.6228855721,0.9470304976,0.006326411025,26.19134164,4.393333333,0.2033525463,Premium
0.5,61.8,56,2352 €,5.1,5.13,3.16,82.67508,26.163,16.116,16.2108,4704,0.9941520468,0.6177908113,0.9061488673,0.00604777159,28.44871756,4.463333333,0.2064997495,Ideal
1.52,62.5,57,9533 €,7.36,7.32,4.59,247.287168,53.8752,33.7824,33.5988,6271.710526,1.005464481,0.6253405995,0.912,0.006146699856,38.55032219,6.423333333,0.2018368365,Ideal
1.01,59.2,59,7287 €,6.67,6.6,3.93,173.00646,44.022,26.2131,25.938,7214.851485,1.010606061,0.5923134891,0.9966216216,0.005837932295,42.11981449,5.733333333,0.2224655952,Premium
0.55,61.3,60,1928 €,5.28,5.29,3.24,90.497088,27.9312,17.1072,17.1396,3505.454545,0.9981096408,0.6130558184,0.9787928222,0.006077543622,21.30455292,4.603333333,0.2094201787,Premium
0.57,61.7,58,1613 €,5.33,5.3,3.28,92.65672,28.249,17.4824,17.384,2829.824561,1.005660377,0.6171213547,0.9400324149,0.006151739453,17.4083434,4.636666667,0.20691295,Premium
0.38,62.1,56,1031 €,4.64,4.67,2.89,62.622832,21.6688,13.4096,13.4963,2713.157895,0.9935760171,0.6208378088,0.9017713366,0.006068074341,16.4636438,4.066666667,0.2046194546,Ideal
0.9,58.7,59,4234 €,6.34,6.3,3.71,148.18482,39.942,23.5214,23.373,4704.444444,1.006349206,0.5870253165,1.005110733,0.006073496597,28.57242732,5.45,0.2257750758,Premium
0.35,60.5,57,706 €,4.55,4.58,2.76,57.51564,20.839,12.558,12.6408,2017.142857,0.9934497817,0.6046002191,0.9421487603,0.00608530132,12.27492209,3.963333333,0.2147115136,Ideal
1.23,62.7,58,4856 €,6.81,6.77,4.26,196.401762,46.1037,29.0106,28.8402,3947.96748,1.005908419,0.6273932253,0.9250398724,0.006262672939,24.7248291,5.946666667,0.2005771123,Premium
0.37,59.3,60,833 €,4.71,4.67,2.78,61.148046,21.9957,13.0938,12.9826,2251.351351,1.00856531,0.592750533,1.011804384,0.006050888364,13.62267569,4.053333333,0.2221704049,Premium
1.01,62.1,55,4458 €,6.42,6.47,4,166.1496,41.5374,25.68,25.88,4413.861386,0.9922720247,0.6206361521,0.885668277,0.006078859052,26.83124124,5.63,0.2047539596,Ideal
2.02,61.9,58,15231 €,8.06,8.1,5,326.43,65.286,40.3,40.5,7540.09901,0.9950617284,0.6188118812,0.9369951535,0.006188156726,46.6593144,7.053333333,0.2058626304,Ideal
1.51,62.7,58,6393 €,7.33,7.29,4.58,1039.007704,53.4357,33.5714,33.3882,4233.774834,1.005486968,0.6265389877,0.9250398724,0.006169926157,26.12207809,6.4,0.2010996786,Premium
0.7,62.1,55,3248 €,5.72,5.77,3.57,117.825708,33.0044,20.4204,20.5989,4640,0.9913344887,0.6214099217,0.885668277,0.005940978517,27.56614032,5.02,0.204284463,Ideal
0.73,61.8,57,2671 €,5.75,5.78,3.56,118.3166,33.235,20.47,20.5768,3658.90411,0.9948096886,0.6175195143,0.9223300971,0.006169886559,22.57502328,5.03,0.2066638409,Ideal
0.72,61.5,58,2594 €,5.78,5.79,3.56,119.139672,33.4662,20.5768,20.6124,3602.777778,0.9982728843,0.6153846154,0.9430894309,0.006043327029,21.77276432,5.043333333,0.207974158,Ideal
0.53,60,57,1721 €,5.24,5.3,3.16,87.75952,27.772,16.5584,16.748,3247.169811,0.9886792453,0.5996204934,0.95,0.006039230844,19.61040808,4.566666667,0.2178755699,Ideal
2.36,60.1,59,17534 €,8.64,8.69,5.21,391.175136,75.0816,45.0144,45.2749,7429.661017,0.9942462601,0.6012694749,0.9816971714,0.00603310329,44.82391233,7.513333333,0.2167919957,Ideal
1.51,62.1,55,13995 €,7.38,7.33,4.57,247.215978,54.0954,33.7266,33.4981,9268.211921,1.006821282,0.6213460231,0.885668277,0.006108019442,56.6104186,6.426666667,0.2043081329,Ideal
0.41,61.1,57,703 €,4.8,4.86,2.95,68.8176,23.328,14.16,14.337,1714.634146,0.987654321,0.6107660455,0.9328968903,0.005957778243,10.21541001,4.203333333,0.2109228255,Ideal
1.07,62.8,54,8212 €,6.51,6.55,4.1,174.82605,42.6405,26.691,26.855,7674.766355,0.9938931298,0.6278713629,0.8598726115,0.006120369361,46.97240486,5.72,0.2002848559,Ideal
2.05,62.4,58,14224 €,8.08,8.13,5.06,332.393424,65.6904,40.8848,41.1378,6938.536585,0.9938499385,0.624305984,0.9294871795,0.006167390363,42.79266367,7.09,0.2024784055,Premium
1.09,60.1,58,15193 €,6.68,6.72,4.03,180.905088,44.8896,26.9204,27.0816,13938.53211,0.994047619,0.6014925373,0.9650582363,0.006025258947,83.9832653,5.81,0.2166533562,Ideal
2.14,59.8,59,17127 €,8.4,8.36,5.01,351.82224,70.224,42.084,41.8836,8003.271028,1.004784689,0.5978520286,0.9866220736,0.006082617176,48.68083382,7.256666667,0.2189320849,Premium
0.26,62.7,53,514 €,4.09,4.11,2.57,43.201443,16.8099,10.5113,10.5627,1976.923077,0.99513382,0.6268292683,0.8452950558,0.00601831749,11.89775073,3.59,0.2009178639,Ideal
1.06,61.9,57,5834 €,6.57,6.54,4.06,174.449268,42.9678,26.6742,26.5524,5503.773585,1.004587156,0.6193745233,0.9208400646,0.006076265106,33.44238739,5.723333333,0.2055127626,Ideal
0.54,61.2,56,1939 €,5.29,5.23,3.22,89.086774,27.6667,17.0338,16.8406,3590.740741,1.011472275,0.6121673004,0.9150326797,0.00606150583,21.76529593,4.58,0.2100386748,Ideal
1.12,62.4,56,4712 €,6.63,6.67,4.15,183.521715,44.2221,27.5145,27.6805,4207.142857,0.9940029985,0.6240601504,0.8974358974,0.00610282004,25.67543574,5.816666667,0.2026288425,Ideal
0.72,58.9,58,3032 €,5.93,5.85,3.47,120.376035,34.6905,20.5771,20.2995,4211.111111,1.013675214,0.5891341256,0.9847198642,0.005981256984,25.18773774,5.083333333,0.2245114137,Premium
1,61.4,59,7822 €,6.47,6.39,3.95,163.306035,41.3433,25.5565,25.2405,7822,1.012519562,0.6143079316,0.9609120521,0.006123472412,47.8978012,5.603333333,0.2087220679,Premium
0.7,60,60,2268 €,5.69,5.65,3.51,112.841235,32.1485,19.9719,19.8315,3240,1.007079646,0.619047619,1,0.006203406051,20.09903561,4.95,0.2057302429,Premium
2.03,62.8,59,13182 €,8.08,8.04,5.06,328.713792,64.9632,40.8848,40.6824,6493.596059,1.004975124,0.6277915633,0.9394904459,0.006175585112,40.10175515,7.06,0.2003268895,Premium
0.26,62,56,733 €,4.07,4.1,2.53,42.21811,16.687,10.2971,10.373,2819.230769,0.9926829268,0.6193390453,0.9032258065,0.006158494542,17.3622173,3.566666667,0.2055522441,Ideal
0.37,62.5,56,1041 €,4.61,4.58,2.87,60.596606,21.1138,13.2307,13.1446,2813.513514,1.006550218,0.6245919478,0.896,0.006105952535,17.17917997,4.02,0.2023047325,Ideal
0.53,59.4,60,1242 €,5.26,5.24,3.12,85.994688,27.5624,16.4112,16.3488,2343.396226,1.003816794,0.5942857143,1.01010101,0.006163171381,14.44275256,4.54,0.2211728692,Premium
0.41,61.7,57,1115 €,4.73,4.8,2.94,66.74976,22.704,13.9062,14.112,2719.512195,0.9854166667,0.6169989507,0.9238249595,0.006142344182,16.70417991,4.156666667,0.2070860673,Ideal
1.17,61.4,56,5373 €,6.83,6.76,4.17,192.532236,46.1708,28.4811,28.1892,4592.307692,1.01035503,0.6136865342,0.9120521173,0.006076904441,27.90701501,5.92,0.2090822308,Ideal
1.01,59.8,61,5620 €,6.53,6.44,3.88,163.166416,42.0532,25.3364,24.9872,5564.356436,1.013975155,0.5983037779,1.02006689,0.006189999295,34.44336241,5.616666667,0.2187344197,Premium
0.32,61,61,828 €,4.41,4.38,2.68,51.766344,19.3158,11.8188,11.7384,2587.5,1.006849315,0.6097838453,1,0.006181622562,15.99494838,3.823333333,0.2114781649,Premium
0.54,61.5,56,1381 €,5.22,5.25,3.22,88.2441,27.405,16.8084,16.905,2557.407407,0.9942857143,0.6150907354,0.9105691057,0.006119389285,15.64977149,4.563333333,0.2081721834,Ideal
0.42,61.2,56,847 €,4.8,4.84,2.95,68.5344,23.232,14.16,14.278,2016.666667,0.9917355372,0.612033195,0.9150326797,0.006128309287,12.35875706,4.196666667,0.2100899985,Ideal
0.24,61.8,55,678 €,4,4.03,2.48,39.9776,16.12,9.92,9.9944,2825,0.9925558313,0.6176836862,0.8899676375,0.006003361883,16.95949732,3.503333333,0.2065774252,Ideal
0.42,61.6,55,1235 €,4.87,4.81,2.98,69.805606,23.4247,14.5126,14.3338,2940.47619,1.012474012,0.6157024793,0.8928571429,0.006016708744,17.69198881,4.22,0.2078565143,Ideal
1.07,61.4,55,6561 €,6.57,6.62,4.05,176.14827,43.4934,26.6085,26.811,6131.775701,0.9924471299,0.6141015921,0.8957654723,0.006074428094,37.24703058,5.746666667,0.2087989809,Ideal
0.36,61.4,57,1043 €,4.64,4.61,2.54,54.331616,21.3904,11.7856,11.7094,2897.222222,1.006507592,0.5491891892,0.9283387622,0.006625976301,19.19692578,3.93,0.2501157072,Ideal
1.5,59.9,60,11189 €,7.44,7.39,4.44,244.118304,54.9816,33.0336,32.8116,7459.333333,1.0067659,0.5987862441,1.001669449,0.006144561778,45.83433449,6.423333333,0.2183565636,Premium
1.13,62,58,5050 €,6.67,6.63,4.12,182.195052,44.2221,27.4804,27.3156,4469.026549,1.006033183,0.6195488722,0.935483871,0.006202144282,27.71754746,5.806666667,0.2054130702,Premium
0.51,61.8,55,1787 €,5.15,5.18,3.19,85.09963,26.677,16.4285,16.5242,3503.921569,0.9942084942,0.6176185866,0.8899676375,0.005992975528,20.99891621,4.506666667,0.206606024,Ideal
2.01,60.8,58,12048 €,8.19,8.13,4.96,330.260112,66.5847,40.6224,40.3248,5994.029851,1.007380074,0.6078431373,0.9539473684,0.006086111907,36.48033644,7.093333333,0.2126917285,Premium
1.02,61.3,58,8181 €,6.52,6.47,3.98,167.893912,42.1844,25.9496,25.7506,8020.588235,1.007727975,0.6127790608,0.9461663948,0.006075264957,48.72719864,5.656666667,0.2096213458,Premium
2.04,60.2,59,15543 €,8.28,8.22,4.97,338.266152,68.0616,41.1516,40.8534,7619.117647,1.00729927,0.6024242424,0.9800664452,0.00603075415,45.94902537,7.156666667,0.216078366,Premium
0.3,61.2,57,621 €,4.32,4.34,2.65,49.68432,18.7488,11.448,11.501,2070,0.9953917051,0.6120092379,0.931372549,0.006038122289,12.49891314,3.77,0.2100800221,Ideal
0.36,62.8,55,1018 €,4.55,4.52,2.85,58.6131,20.566,12.9675,12.882,2827.777778,1.006637168,0.6284454245,0.8757961783,0.006141971675,17.36813102,3.973333333,0.1999356626,Ideal
0.3,62.4,55,475 €,4.3,4.32,2.69,49.96944,18.576,11.567,11.6208,1583.333333,0.9953703704,0.6241299304,0.8814102564,0.006003669443,9.505809951,3.77,0.2025779764,Ideal
1.01,not_measured,60,4412 €,6.49,6.45,3.9,163.25595,41.8605,25.311,25.155,4368.316832,1.00620155,0.6027820711,0.9950248756,0.006186604531,27.0250487,5.613333333,0.2158467344,Premium
0.8,62.6,58,4268 €,5.89,5.93,3.7,129.23249,34.9277,21.793,21.941,5335,0.9932546374,0.6260575296,0.9265175719,0.006190393762,33.02575072,5.173333333,0.2014043749,Premium
0.35,61.4,54,706 €,4.54,4.58,2.8,58.22096,20.7932,12.712,12.824,2017.142857,0.9912663755,0.6140350877,0.8794788274,0.006011580709,12.12621709,3.973333333,0.2088504984,Ideal
0.41,62.3,57,863 €,4.75,4.78,2.97,67.43385,22.705,14.1075,14.1966,2104.878049,0.9937238494,0.6232948583,0.9149277689,0.006080032506,12.79772696,4.166666667,0.2031023387,Ideal
0.9,61.9,57,2909 €,6.19,6.13,3.81,144.569307,37.9447,23.5839,23.3553,3232.222222,1.009787928,0.6185064935,0.9208400646,0.0062253878,20.12183679,5.376666667,0.2060889146,Ideal
0.53,60.4,59,1946 €,5.26,5.3,3.19,88.93082,27.878,16.7794,16.907,3671.698113,0.9924528302,0.6041666667,0.9768211921,0.005959688666,21.88217763,4.583333333,0.2149899863,Ideal
1.05,60,55,5104 €,6.66,6.61,3.98,,44.0226,26.5068,26.3078,4860.952381,1.007564297,0.5998492841,0.9166666667,0.005992810408,29.13076602,5.75,0.2176948605,Ideal
0.32,62.2,59,468 €,4.41,4.37,2.73,52.611741,19.2717,12.0393,11.9301,1462.5,1.009153318,0.6218678815,0.9485530547,0.006082292544,8.895352845,3.836666667,0.2040057011,Premium
1.54,61.5,61,6278 €,7.41,7.31,4.53,245.376963,54.1671,33.5673,33.1143,4076.623377,1.013679891,0.6154891304,0.9918699187,0.006276057789,25.5851239,6.416666667,0.2080050858,Premium
0.34,61.6,54,974 €,4.49,4.53,2.78,56.544366,20.3397,12.4822,12.5934,2864.705882,0.9911699779,0.6164079823,0.8766233766,0.006012977491,17.22541199,3.933333333,0.2073796519,Ideal
1.2,62.9,56,6129 €,6.8,6.74,4.26,195.24432,45.832,28.968,28.7124,5107.5,1.008902077,0.6292466765,0.8903020668,0.006146145506,31.39143817,5.933333333,0.1994627299,Premium
0.7,62.1,54,,5.72,5.74,3.56,116.884768,32.8328,20.3632,20.4344,2592.857143,0.9965156794,0.6212914485,0.8695652174,0.00598880429,15.52811398,5.006666667,0.2043236475,Ideal
0.31,61.8,60,593 €,4.35,4.32,2.68,50.36256,18.792,11.658,11.5776,1912.903226,1.006944444,0.6182237601,0.9708737864,0.006155366209,11.77461988,3.783333333,0.2062389273,Premium
0.57,61.8,57,1728 €,5.32,5.3,3.28,92.48288,28.196,17.4496,17.384,3031.578947,1.003773585,0.6177024482,0.9223300971,0.006163302873,18.68453924,4.633333333,0.206543743,Ideal
1.03,60.5,61,5410 €,6.47,6.43,3.9,162.24819,41.6021,25.233,25.077,5252.427184,1.00622084,0.6046511628,1.008264463,0.006348298862,33.34397752,5.6,0.2146772217,Premium
2.05,62.5,59,15897 €,8.07,8.12,5.06,331.573704,65.5284,40.8342,41.0872,7754.634146,0.9938423645,0.6250772082,0.944,0.006182637451,47.94409149,7.083333333,0.2020035287,Premium
0.3,61.5,55,658 €,4.28,4.31,2.64,48.699552,18.4468,11.2992,11.3784,2193.333333,0.9930394432,0.6146682189,0.8943089431,0.00616022094,13.51141793,3.743333333,0.2084427271,Ideal
0.25,60.7,60,576 €,4.09,4.11,2.49,41.856651,16.8099,10.1841,10.2339,2304,0.99513382,0.6073170732,0.9884678748,0.005972766431,13.76125386,3.563333333,0.2130042648,Premium
0.62,61.1,55,2207 €,5.52,5.57,3.39,104.230296,30.7464,18.7128,18.8823,3559.677419,0.9910233393,0.611361587,0.9001636661,0.00594836649,21.17426588,4.826666667,0.2105141849,Ideal
0.85,60.1,56,3787 €,6.17,6.18,3.71,141.464526,38.1306,22.8907,22.9278,4455.294118,0.998381877,0.6008097166,0.9317803661,0.006008573485,26.7699621,5.353333333,0.2170646292,Ideal
1.18,62.2,57,5551 €,6.76,6.72,4.19,190.339968,45.4272,28.3244,28.1568,4704.237288,1.005952381,0.6216617211,0.9163987138,0.006199433637,29.16360688,5.89,0.2041073755,Ideal
2.01,61.8,59,17235 €,8.15,8.07,5.01,329.510205,65.7705,40.8315,40.4307,8574.626866,1.009913259,0.617755857,0.9546925566,0.006099962822,52.30490509,7.076666667,0.2065547236,Premium
0.54,60.7,59,1849 €,5.27,5.3,3.21,89.65851,27.931,16.9167,17.013,3424.074074,0.9943396226,0.6073793756,0.9719934102,0.006022852711,20.62269382,4.593333333,0.21296975,Ideal
0.32,61.2,59,,4.38,4.41,2.69,51.959502,19.3158,11.7822,11.8629,1753.125,0.9931972789,0.6120591581,0.9640522876,0.006158642552,10.79687022,3.826666667,0.2100621992,Premium
1.13,61.1,59,8353 €,6.72,6.69,4.1,184.32288,44.9568,27.552,27.429,7392.035398,1.004484305,0.6114839672,0.9656301146,0.006130546571,45.31721727,5.836666667,0.2104060279,Premium
2.04,62.8,58,14184 €,8.11,8.06,5.08,332.062328,65.3666,41.1988,40.9448,6952.941176,1.006203474,0.6283240569,0.923566879,0.006143424978,42.71487249,7.083333333,0.2000071971,Premium
1.2,61.5,58,4838 €,6.82,6.77,4.18,192.996452,46.1714,28.5076,28.2986,4031.666667,1.007385524,0.6151582046,0.9430894309,0.006217730883,25.06781835,5.923333333,0.2081415554,Premium
1.2,60.5,60,10064 €,6.98,6.87,4.19,200.921394,47.9526,29.2462,28.7853,8386.666667,1.016011645,0.6050541516,0.9917355372,0.005972484941,50.08924037,6.013333333,0.2145354563,Premium
0.31,59.7,61,628 €,4.42,4.39,2.63,51.031994,19.4038,11.6246,11.5457,2025.806452,1.006833713,0.5970488082,1.021775544,0.006074620561,12.30600552,3.813333333,0.2194491223,Premium
1.25,59.4,60,5331 €,7.1,7.03,4.2,209.6346,49.913,29.82,29.526,4264.8,1.009957326,0.5944798301,1.01010101,0.005962756148,25.42996242,6.11,0.2210926774,Premium
0.34,62.9,57,995 €,4.47,4.44,2.8,55.57104,19.8468,12.516,12.432,2926.470588,1.006756757,0.6285072952,0.906200318,0.006118294709,17.90500952,3.903333333,0.1998985333,Ideal
1.01,62.2,56,8034 €,6.41,6.46,4,165.6344,41.4086,25.64,25.84,7954.455446,0.9922600619,0.6216006216,0.9003215434,0.00609776713,48.50441696,5.623333333,0.204158534,Ideal
0.37,60.4,58,876 €,4.61,4.66,2.8,60.15128,21.4826,12.908,13.048,2367.567568,0.9892703863,0.6040992449,0.9602649007,0.006151157548,14.56328111,4.023333333,0.2150624944,Premium
1.03,60.4,56,6467 €,6.59,6.56,3.97,171.624688,43.2304,26.1623,26.0432,6278.640777,1.004573171,0.6038022814,0.9271523179,0.006001467574,37.68105903,5.706666667,0.2151991559,Ideal
0.38,62.3,55,572 €,4.63,4.65,2.89,62.220255,21.5295,13.3807,13.4385,1505.263158,0.9956989247,0.6228448276,0.8828250401,0.006107335947,9.193147794,4.056666667,0.203368525,Ideal
0.83,60.7,57,3290 €,6.02,6.1,3.68,135.13696,36.722,22.1536,22.448,3963.855422,0.9868852459,0.6072607261,0.9390444811,0.00614191706,24.34567124,5.266666667,0.2131173465,Ideal
0.27,62.2,55,799 €,4.17,4.12,2.58,44.325432,17.1804,10.7586,10.6296,2959.259259,1.012135922,0.6224366707,0.884244373,0.006091311191,18.02576904,3.623333333,0.2036882462,Ideal
0.9,61,61,3312 €,6.17,6.15,3.76,142.67508,37.9455,23.1992,23.124,3680,1.003252033,0.6103896104,1,0.006308039218,23.21358432,5.36,0.2110821478,Premium
1.01,62.3,60,4395 €,6.31,6.25,3.91,154.200625,39.4375,24.6721,24.4375,4351.485149,1.0096,0.622611465,0.963081862,0.006549908601,28.50183,5.49,0.2035514032,Premium
1.14,60.8,58,10878 €,6.79,6.74,4.11,188.092506,45.7646,27.9069,27.7014,9542.105263,1.007418398,0.6075388027,0.9539473684,0.006060847528,57.83324509,5.88,0.2128818789,Premium
0.72,61.3,56,3478 €,5.75,5.8,3.54,118.059,33.35,20.355,20.532,4830.555556,0.9913793103,0.612987013,0.9135399674,0.006098645592,29.45984635,5.03,0.2095003623,Ideal
0.32,61,59,561 €,4.42,4.46,2.71,53.422772,19.7132,11.9782,12.0866,1753.125,0.9910313901,0.6103603604,0.9672131148,0.005989954995,10.50113985,3.863333333,0.211137178,Premium
0.24,61.1,56,963 €,4.01,4.05,2.47,40.114035,16.2405,9.9047,10.0035,4012.5,0.9901234568,0.6129032258,0.9165302782,0.005982943376,24.0065603,3.51,0.2095647691,Ideal
0.92,62,60,3555 €,6.27,6.21,3.87,150.685029,38.9367,24.2649,24.0327,3864.130435,1.009661836,0.6201923077,0.9677419355,0.006105450595,23.59225746,5.45,0.2050453585,Premium
1.02,61.5,60,8445 €,6.5,6.45,3.98,166.8615,41.925,25.87,25.671,8279.411765,1.007751938,0.6146718147,0.9756097561,0.006112854074,50.61083593,5.643333333,0.2084462015,Premium
0.71,58.9,62,40816.5 €,5.85,5.79,3.43,116.179245,33.8715,20.0655,19.8597,3071.830986,1.010362694,0.589347079,1.052631579,0.006111246462,18.77271625,5.023333333,0.2243377003,Premium
1.32,62.2,58,6171 €,6.99,7.04,4.36,214.553856,49.2096,30.4764,30.6944,4675,0.9928977273,0.6215253029,0.9324758842,0.006152301453,28.76200929,6.13,0.20419991,Premium
1.22,62,58,6620 €,6.81,6.76,4.21,193.809876,46.0356,28.6701,28.4596,5426.229508,1.00739645,0.620486367,0.935483871,0.006294828856,34.15718609,5.926666667,0.2048433504,Premium
1.5,62.6,57,9586 €,7.26,7.31,4.56,,53.0706,33.1056,33.3336,6390.666667,0.9931600547,0.62594372,0.910543131,0.006198297521,39.61125336,6.376666667,0.2014750898,Ideal
1.51,62.3,57,12459 €,7.33,7.3,4.56,244.00104,53.509,33.4248,33.288,8250.993377,1.004109589,0.6233766234,0.9149277689,0.006188498213,51.06125777,6.396666667,0.2030396878,Ideal
0.52,61.8,57,2012 €,5.19,5.14,3.19,85.098354,26.6766,16.5561,16.3966,3869.230769,1.009727626,0.6176185866,0.9223300971,0.006110576475,23.64323051,4.506666667,0.2066377965,Ideal
0.46,62,58,1294 €,4.95,4.98,3.08,75.92508,24.651,15.246,15.3384,2813.043478,0.9939759036,0.6203423968,0.935483871,0.006058604087,17.04311671,4.336666667,0.2049228102,Premium
0.74,61.1,58,3401 €,5.84,5.81,3.56,120.792224,33.9304,20.7904,20.6836,4595.945946,1.005163511,0.6111587983,0.9492635025,0.006126222165,28.15578592,5.07,0.2106117317,Premium
1.09,61.2,56,7357 €,6.62,6.64,4.06,178.464608,43.9568,26.8772,26.9584,6749.541284,0.9969879518,0.6123680241,0.9150326797,0.006107653569,41.22385992,5.773333333,0.2098505425,Ideal
0.31,61.7,58,872 €,4.34,4.31,2.67,49.943418,18.7054,11.5878,11.5077,2812.903226,1.006960557,0.6173410405,0.9400324149,0.006207024117,17.45975816,3.773333333,0.2067854969,Premium
1.14,61.7,55,9074 €,6.68,6.71,4.13,185.118164,44.8228,27.5884,27.7123,7959.649123,0.9955290611,0.6168782674,0.8914100486,0.006158228752,49.01734008,5.84,0.2070572981,Ideal
1.12,58.9,60,8219 €,6.91,6.78,4.03,188.804694,46.8498,27.8473,27.3234,7338.392857,1.019174041,0.5887509131,1.018675722,0.005932055905,43.53175668,5.906666667,0.2248416349,Premium
0.38,62.8,56,998 €,4.64,4.59,2.9,61.76304,21.2976,13.456,13.311,2626.315789,1.010893246,0.6283856988,0.8917197452,0.006152546895,16.15853106,4.043333333,0.2000123011,Ideal
,62,60,7559 €,7.36,7.28,4.54,243.256832,53.5808,33.4144,33.0512,4973.026316,1.010989011,0.6202185792,0.9677419355,0.006248539815,31.07415293,6.393333333,0.2050435046,Premium
0.52,58.8,61,2553 €,5.31,5.27,3.11,87.029307,27.9837,16.5141,16.3897,4909.615385,1.007590133,0.5879017013,1.037414966,0.005974998744,29.33494576,4.563333333,0.2252282523,Premium
1.56,61.2,57,11148 €,7.52,7.48,4.59,258.185664,56.2496,34.5168,34.3332,7146.153846,1.005347594,0.612,0.931372549,0.006042163518,43.17823007,6.53,0.2100894868,Ideal
0.72,62,56,3540 €,5.74,5.78,3.57,118.442604,33.1772,20.4918,20.6346,4916.666667,0.9930795848,0.6197916667,0.9032258065,0.006078893706,29.88789406,5.03,0.2052693925,Ideal
0.31,61.2,55,507 €,4.37,4.39,2.68,51.413924,19.1843,11.7116,11.7652,1635.483871,0.9954441913,0.6118721461,0.8986928105,0.006029495045,9.861141896,3.813333333,0.2101650207,Ideal
0.8,61,56,3137 €,5.98,6.05,3.67,132.77693,36.179,21.9466,22.2035,3921.25,0.9884297521,0.6101413134,0.9180327869,0.006025143073,23.62609227,5.233333333,0.2113018326,Ideal
0.46,61.3,57,1156 €,5.02,4.99,3.07,1039.007704,25.0498,15.4114,15.3193,2513.043478,1.006012024,0.6133866134,0.9298531811,0.005981570054,15.03194562,4.36,0.2092316435,Premium
1.08,61.6,56,8347 €,6.6,6.65,4.08,179.0712,43.89,26.928,27.132,7728.703704,0.992481203,0.6158490566,0.9090909091,0.006031120582,46.61274398,5.776666667,0.2077146239,Ideal
0.34,62.7,58,447 €,4.4,4.43,2.77,53.99284,19.492,12.188,12.2711,1314.705882,0.993227991,0.6274065685,0.9250398724,0.006297131249,8.278875495,3.866666667,0.2005751243,Premium
1.47,60,58,6223 €,7.36,7.31,4.4,236.72704,53.8016,32.384,32.164,4233.333333,1.006839945,0.5998636673,0.9666666667,0.006209683524,26.28766025,6.356666667,0.2176805721,Premium
1.65,62,59,6788 €,7.53,7.57,4.68,266.769828,57.0021,35.2404,35.4276,4113.939394,0.9947159841,0.6198675497,0.9516129032,0.00618510726,25.44515641,6.593333333,0.2052117577,Premium
0.41,62.6,59,827 €,4.73,4.76,2.97,66.868956,22.5148,14.0481,14.1372,2017.073171,0.993697479,0.6259220232,0.9424920128,0.006131395262,12.36747288,4.153333333,0.2014845874,Premium
1.15,61.2,58,3574 €,6.8,6.74,4.14,189.74448,45.832,28.152,27.9036,3107.826087,1.008902077,0.611521418,0.9477124183,0.006060782374,18.83585757,5.893333333,0.2104133216,Premium
1.01,61.8,60,5543 €,6.37,6.35,3.93,158.966535,40.4495,25.0341,24.9555,5488.118812,1.003149606,0.6179245283,0.9708737864,0.006353538498,34.86897415,5.55,0.2064039791,Premium
2.07,61.5,59,13675 €,8.16,8.2,5.03,336.56736,66.912,41.0448,41.246,6606.280193,0.9951219512,0.6149144254,0.9593495935,0.006150329016,40.63079676,7.13,0.2082768624,Premium
1.15,62.6,58,6557 €,6.68,6.71,4.19,896.6736124,44.8228,27.9892,28.1149,5701.73913,0.9955290611,0.6258401792,0.9265175719,0.006123290093,34.91340273,5.86,0.201524204,Premium
0.7,61.1,56,3017 €,5.72,5.74,3.5,114.9148,32.8328,20.02,20.09,4310,0.9965156794,0.6108202443,0.9165302782,0.006091469506,26.25423357,4.986666667,0.2108149311,Ideal
1.15,62.3,56,4927 €,6.75,6.67,4.18,188.19405,45.0225,28.215,27.8806,4284.347826,1.011994003,0.6229508197,0.8988764045,0.006110713915,26.18042388,5.866666667,0.2033694095,Ideal
1.86,62.3,57,11520 €,7.85,7.82,4.88,299.56856,61.387,38.308,38.1616,6193.548387,1.003836317,0.6228462029,0.9149277689,0.006208929268,38.45530385,6.85,0.2033655764,Premium
0.54,60.6,56,1985 €,5.26,5.27,3.19,88.427438,27.7202,16.7794,16.8113,3675.925926,0.9981024668,0.6058879392,0.9240924092,0.006106701859,22.44778368,4.573333333,0.2138862026,Ideal
0.3,60.5,60,658 €,4.29,4.31,2.6,48.07374,18.4899,11.154,11.206,2193.333333,0.9953596288,0.6046511628,0.9917355372,0.006240413165,13.68730621,3.733333333,0.2146685568,Premium
0.38,60.7,56,1069 €,4.75,4.74,2.88,64.8432,22.515,13.68,13.6512,2813.157895,1.002109705,0.6069546891,0.9225700165,0.00586029067,16.48592296,4.123333333,0.2132204308,Ideal
,58.3,58,17379 €,8.35,8.31,4.86,337.22811,69.3885,40.581,40.3866,8519.117647,1.004813478,0.5834333733,0.9948542024,0.006049317775,51.53484981,7.173333333,0.2280467281,Premium
0.36,60.2,58,576 €,4.6,4.63,2.78,59.20844,21.298,12.788,12.8714,1600,0.9935205184,0.602383532,0.9634551495,0.00608021424,9.728342784,4.003333333,0.2160984164,Premium
0.7,62.4,55,2993 €,5.65,5.7,3.54,114.0057,32.205,20.001,20.178,4275.714286,0.9912280702,0.6237885463,0.8814102564,0.006140043875,26.25307331,4.963333333,0.2028184612,Ideal
1.1,59.3,62,3271 €,6.75,6.7,3.99,180.44775,45.225,26.9325,26.733,2973.636364,1.007462687,0.5933085502,1.045531197,0.006095947442,18.12713098,5.813333333,0.2218095657,Premium
1.15,62.4,56,6788 €,6.71,6.65,4.17,186.071655,44.6215,27.9807,27.7305,5902.608696,1.009022556,0.624251497,0.8974358974,0.006180414744,36.48056981,5.843333333,0.2025348884,Ideal
1.02,61,56,3599 €,6.53,6.51,3.98,169.190994,42.5103,25.9894,25.9098,3528.431373,1.003072197,0.6104294479,0.9180327869,0.006028689683,21.27181781,5.673333333,0.2110567546,Ideal
0.7,60.3,58,2930 €,5.7,5.74,3.45,112.8771,32.718,19.665,19.803,4185.714286,0.9930313589,0.6031468531,0.9618573798,0.006201435012,25.95743512,4.963333333,0.2156238123,Premium
1.2,60.8,60,4839 €,6.85,6.89,4.18,197.28137,47.1965,28.633,28.8002,4032.5,0.9941944848,0.6084425036,0.9868421053,0.00608268282,24.52841847,5.973333333,0.2123074725,Premium
0.7,60.7,59,2415 €,5.68,5.66,3.44,110.591872,32.1488,19.5392,19.4704,3450,1.003533569,0.60670194,0.9719934102,0.006329579085,21.83704784,4.926666667,0.213382366,Premium
0.51,62.4,57,1873 €,5.13,5.09,3.19,83.296323,26.1117,16.3647,16.2371,3672.54902,1.007858546,0.6242661448,0.9134615385,0.006122719247,22.48598657,4.47,0.2025154322,Ideal
0.4,62.8,59,945 €,4.69,4.64,2.93,63.761488,21.7616,13.7417,13.5952,2362.5,1.010775862,0.6280814577,0.9394904459,0.006273379316,14.82085863,4.086666667,0.2001977631,Premium
0.5,61.6,60,1838 €,5.1,5.13,3.15,82.41345,26.163,16.065,16.1595,3676,0.9941520468,0.6158357771,0.974025974,0.006066970865,22.3021849,4.46,0.2077109521,Premium
0.3,61.8,57,764 €,4.32,4.36,2.68,50.478336,18.8352,11.5776,11.6848,2546.666667,0.9908256881,0.6175115207,0.9223300971,0.005943143609,15.13520572,3.786666667,0.2066994383,Ideal
0.57,61.8,56,1728 €,5.35,5.3,3.29,93.28795,28.355,17.6015,17.437,3031.578947,1.009433962,0.6178403756,0.9061488673,0.0061101139,18.52329267,4.646666667,0.2064975636,Ideal
1.2,62,57,7294 €,6.69,6.76,4.17,188.585748,45.2244,27.8973,28.1892,6078.333333,0.9896449704,0.6200743494,0.9193548387,0.006363153169,38.67736601,5.873333333,0.2051267072,Ideal
0.3,61.5,58,737 €,4.29,4.31,2.64,48.813336,18.4899,11.3256,11.3784,2456.666667,0.9953596288,0.6139534884,0.9430894309,0.006145861451,15.09833296,3.746666667,0.2088720908,Premium
0.31,60.8,59,739 €,4.36,4.39,2.66,50.913464,19.1404,11.5976,11.6774,2383.870968,0.993166287,0.608,0.9703947368,0.00608876269,14.51482461,3.803333333,0.2125902323,Premium
2.2,61.8,54,13719 €,8.45,8.4,5.2,369.096,70.98,43.94,43.68,6235.909091,1.005952381,0.6172106825,0.8737864078,0.005960508919,37.16919175,7.35,0.2068594027,Premium
0.7,62.2,55,3167 €,5.68,5.71,3.54,114.812112,32.4328,20.1072,20.2134,4524.285714,0.9947460595,0.6215978929,0.884244373,0.006096917719,27.58419774,4.976666667,0.2041427798,Ideal
0.9,59.8,58,4092 €,6.26,6.21,3.73,145.002258,38.8746,23.3498,23.1633,4546.666667,1.00805153,0.5982357658,0.9698996656,0.006206799897,28.2202502,5.4,0.218711988,Premium
0.31,62.3,54,914 €,4.33,4.37,2.71,51.278891,18.9221,11.7343,11.8427,2948.387097,0.9908466819,0.6229885057,0.8667736758,0.006045372549,17.82409842,3.803333333,0.2033153006,Ideal
0.3,59.2,59,658 €,4.37,4.41,2.6,1039.007704,19.2717,11.362,11.466,2193.333333,0.9909297052,0.5922551253,0.9966216216,0.005987256723,13.13204975,3.793333333,0.2224882487,Premium
1.97,?,58,14410 €,8.05,8.11,4.94,322.51037,65.2855,39.767,40.0634,7314.720812,0.9926017263,0.6113861386,0.9492635025,0.006108330718,44.68073383,7.033333333,0.2104852401,Premium
0.55,60.9,55,1841 €,5.27,5.31,3.22,90.107514,27.9837,16.9694,17.0982,3347.272727,0.9924670433,0.6086956522,0.9031198686,0.006103819488,20.43114851,4.6,0.2121617364,Ideal
,59.8,60,12722 €,6.82,6.76,4.06,187.178992,46.1032,27.6892,27.4456,11258.40708,1.00887574,0.5979381443,1.003344482,0.006037002272,67.96702912,5.88,0.218906026,Premium
0.54,61.8,60,972 €,5.2,-1.202,3.2,85.8624,26.832,16.64,16.512,1800,1.007751938,0.6177606178,0.9708737864,0.006289132379,11.32043828,4.52,0.206531812,Premium
0.51,62.1,56,1068 €,5.16,5.11,3.19,84.112644,26.3676,16.4604,16.3009,2094.117647,1.009784736,0.6212268744,0.9017713366,0.006063297689,12.69725869,4.486666667,0.2044076488,Premium
1,59.1,59,3142 €,6.55,6.48,0,0,42.444,0,0,3142,1.010802469,0,0.9983079526,,,4.343333333,0.7071373919,Premium
1.6,61.9,56,15000 €,7.53,7.47,4.64,260.995824,56.2491,34.9392,34.6608,9375,1.008032129,0.6186666667,0.9046849758,0.006130366285,57.47218392,6.546666667,0.2059734359,Ideal
0.31,62.1,55,734 €,4.32,4.35,2.69,50.55048,18.792,11.6208,11.7015,2367.741935,0.9931034483,0.6205305652,0.885668277,0.006132483806,14.52013908,3.786666667,0.204812627,Ideal
0.37,59.5,61,666 €,4.7,4.68,2.79,61.36884,21.996,13.113,13.0572,1800,1.004273504,0.5948827292,1.025210084,0.00602911836,10.85241305,4.056666667,0.2207984729,Premium
0.4,61.5,58,1080 €,4.76,4.7,2.91,65.10252,22.372,13.8516,13.677,2700,1.012765957,0.6152219873,0.9430894309,0.006144155403,16.58921959,4.123333333,0.2081582437,Premium
0.32,61.5,56,1010 €,4.41,4.44,2.72,53.258688,19.5804,11.9952,12.0768,3156.25,0.9932432432,0.6146892655,0.9105691057,0.00600840937,18.96404207,3.856666667,0.2084281804,Ideal
0.55,62.7,55,1580 €,5.24,5.26,3.29,90.680296,27.5624,17.2396,17.3054,2872.727273,0.9961977186,0.6266666667,0.8771929825,0.006065264719,17.42385137,4.596666667,0.2010128217,Ideal
0.3,61.7,59,473 €,4.26,4.3,2.64,48.35952,18.318,11.2464,11.352,1576.666667,0.9906976744,0.6168224299,0.9562398703,0.006203535519,9.780907668,3.733333333,0.2071274625,Premium
0.36,60.3,56,663 €,4.61,4.65,2.79,59.807835,21.4365,12.8619,12.9735,1841.666667,0.9913978495,0.6025917927,0.9286898839,0.006019278243,11.0855041,4.016666667,0.2159845702,Ideal
0.74,62.7,60,2238 €,5.78,5.73,3.61,119.561034,33.1194,20.8658,20.6853,3024.324324,1.008726003,0.6272806255,0.956937799,0.006189307463,18.71847311,5.04,0.2006683948,Premium
1.71,58.1,62,11161 €,8.02,7.84,4.61,,62.8768,36.9722,36.1424,6526.900585,1.022959184,0.5813366961,1.067125645,0.005899358028,38.50452337,6.823333333,0.2296219682,Premium
2.03,62.9,57,16629 €,8.04,7.98,5.04,323.362368,64.1592,40.5216,40.2192,8191.625616,1.007518797,0.6292134831,0.906200318,0.006277786783,51.42527902,7.02,0.1994708953,Premium
0.39,62.6,58,855 €,4.66,4.7,2.93,64.17286,21.902,13.6538,13.771,2192.307692,0.9914893617,0.6260683761,0.9265175719,0.006077335497,13.32338936,4.096666667,0.2014124133,Premium
1,60,60,6720 €,6.43,6.43,3.89,160.831661,41.3449,25.0127,25.0127,6720,1,0.6049766719,1,0.006217681231,41.78281787,5.583333333,0.2144538775,Premium
0.73,62.6,60,2826 €,5.75,5.68,3.58,116.9228,32.66,20.585,20.3344,3871.232877,1.012323944,0.6264216973,0.9584664537,0.00624343584,24.16979409,5.003333333,0.2012366996,Premium
1.18,61.6,58,9137 €,6.77,6.8,4.18,192.43048,46.036,28.2986,28.424,7743.220339,0.9955882353,0.6160648489,0.9415584416,0.006132084688,47.48208288,5.916666667,0.2075611013,Premium
0.3,63,59,608 €,4.29,4.25,2.69,49.045425,18.2325,11.5401,11.4325,2026.666667,1.009411765,0.6299765808,0.9365079365,0.006116778476,12.39667105,3.743333333,0.1990199828,Premium
0.4,62,56,1035 €,4.77,4.74,2.95,66.69891,22.6098,14.0715,13.983,2587.5,1.006329114,0.6203995794,0.9032258065,0.005997099503,15.51749496,4.153333333,0.2048892373,Ideal
0.51,62.8,56,1733 €,5.14,5.11,3.22,,26.2654,16.5508,16.4542,3398.039216,1.005870841,0.6282926829,0.8917197452,0.006030180129,20.49078856,4.49,0.200024304,Ideal
1.21,62.2,54.9,8629 €,6.79,6.84,4.24,196.920864,46.4436,28.7896,29.0016,7131.404959,0.9926900585,0.6221570066,0.8826366559,0.0061446003,43.81963305,5.956666667,0.2038116827,Ideal
0.75,61.1,57,2070 €,5.88,5.84,3.58,122.934336,34.3392,21.0504,20.9072,2760,1.006849315,0.6109215017,0.9328968903,0.00610081792,16.83825746,5.1,0.2107698733,Premium
1.11,62.1,53,8698 €,6.67,6.69,4.14,184.736322,44.6223,27.6138,27.6966,7836.036036,0.9970104634,0.619760479,0.8534621578,0.006008563925,47.08332344,5.833333333,0.2052677694,Ideal
0.8,61.2,53,2867 €,6.05,5.98,3.68,133.13872,36.179,22.264,22.0064,3583.75,1.011705686,0.6118038238,0.8660130719,0.006008770401,21.53393093,5.236666667,0.2102674334,Premium
0.78,61.9,58,2387 €,5.93,5.87,3.65,127.053215,34.8091,21.6445,21.4255,3060.25641,1.010221465,0.6186440678,0.9369951535,0.006139159879,18.78740337,5.15,0.206008345,Premium
0.31,59.7,58,802 €,4.48,4.43,2.66,52.791424,19.8464,11.9168,11.7838,2587.096774,1.011286682,0.5970819304,0.9715242881,0.005872165903,15.19186147,3.856666667,0.2194686135,Premium
0.91,62.4,57,3812 €,6.18,6.22,3.87,148.761252,38.4396,23.9166,24.0714,4189.010989,0.9935691318,0.6241935484,0.9134615385,0.006117184332,25.62495239,5.423333333,0.2025495855,Ideal
0.32,61.7,56,716 €,4.39,4.42,2.72,52.778336,19.4038,11.9408,12.0224,2237.5,0.9932126697,0.6174801362,0.9076175041,0.006063093766,13.5661723,3.843333333,0.2066984474,Ideal
2.09,59.8,59,14024 €,8.37,8.32,4.99,347.495616,69.6384,41.7663,41.5168,6710.047847,1.006009615,0.597962852,0.9866220736,0.006014464367,40.35734367,7.226666667,0.2188690805,Premium
1.52,62.2,55,16055 €,7.29,7.41,4.57,246.866373,54.0189,33.3153,33.8637,10562.5,0.983805668,0.6217687075,0.884244373,0.006157177187,65.03518403,6.423333333,0.2041650118,Ideal
1.1,62.1,58,4354 €,6.61,6.59,4.1,178.59559,43.5599,27.101,27.019,3958.181818,1.003034901,0.6212121212,0.9339774557,0.00615916664,24.37910141,5.766666667,0.2043710265,Premium
0.32,60,59,533 €,4.42,4.45,2.66,52.31954,19.669,11.7572,11.837,1665.625,0.993258427,0.5997745209,0.9833333333,0.006116261726,10.18739844,3.843333333,0.2177361629,Premium
0.3,62,54,776 €,4.35,4.3,2.68,50.1294,18.705,11.658,11.524,2586.666667,1.011627907,0.6196531792,0.8709677419,0.005984512083,15.47993792,3.776666667,0.205400454,Ideal
0.58,62,57,1134 €,5.35,5.29,3.3,93.39495,28.3015,17.655,17.457,1955.172414,1.011342155,0.6203007519,0.9193548387,0.006210185883,12.14198412,4.646666667,0.204996871,Ideal
1.27,60.3,58,10028 €,7.06,7.04,4.25,211.2352,49.7024,30.005,29.92,7896.062992,1.002840909,0.6028368794,0.9618573798,0.006012255533,47.47314841,6.116666667,0.2157969338,Premium
1.13,61,60,4535 €,6.73,6.69,4.09,184.146933,45.0237,27.5257,27.3621,4013.274336,1.005979073,0.609538003,0.9836065574,0.006136404129,24.62707321,5.836666667,0.2116255503,Ideal
1.01,61.7,57,11400 €,6.42,6.44,3.97,164.138856,41.3448,25.4874,25.5668,11287.12871,0.9968944099,0.6174183515,0.9238249595,0.006153326669,69.45339012,5.61,0.2067172665,Ideal
0.3,62.3,58,911 €,4.32,4.29,2.68,49.667904,18.5328,11.5776,11.4972,3036.666667,1.006993007,0.6225319396,0.9309791332,0.00604011798,18.34182493,3.763333333,0.2035775679,Premium
0.42,61.5,61,926 €,4.87,4.82,2.98,69.950732,23.4734,14.5126,14.3636,2204.761905,1.010373444,0.6150670795,0.9918699187,0.006004225946,13.23788863,4.223333333,0.2082256587,Premium
0.5,62.2,54,1721 €,5.12,5.07,3.17,82.288128,25.9584,16.2304,16.0719,3442,1.009861933,0.6221786065,0.8681672026,0.006076210653,20.91431707,4.453333333,0.2038210899,Ideal
0.32,61.3,55,558 €,4.41,4.46,2.72,,19.6686,11.9952,12.1312,1743.75,0.9887892377,0.6133032694,0.8972267537,0.00598146583,10.43018104,3.863333333,0.2093312521,Ideal
0.91,62.5,59,4018 €,6.19,6.09,3.84,144.756864,37.6971,23.7696,23.3856,4415.384615,1.016420361,0.6254071661,0.944,0.00628640311,27.75688758,5.373333333,0.2019228387,Premium
0.63,62,58,1667 €,5.52,5.45,3.4,102.2856,30.084,18.768,18.53,2646.031746,1.012844037,0.6198723792,0.935483871,0.006159224759,16.29750424,4.79,0.2052805396,Premium
1.17,59.9,59,4092 €,6.82,6.86,4.1,191.81932,46.7852,27.962,28.126,3497.435897,0.9941690962,0.5994152047,0.9849749583,0.006099489874,21.33257484,5.926666667,0.2179558397,Premium
1.03,62,55,5411 €,6.46,6.5,4.02,168.7998,41.99,25.9692,26.13,5253.398058,0.9938461538,0.6203703704,0.8870967742,0.006101902964,32.05572518,5.66,0.2049063767,Ideal
1.02,62.8,55,5055 €,6.46,6.38,4.03,166.095644,41.2148,26.0338,25.7114,4955.882353,1.012539185,0.6277258567,0.8757961783,0.006141040038,30.43427195,5.623333333,0.2004380703,Premium
0.42,62.4,56,984 €,4.8,4.78,2.99,68.60256,22.944,14.352,14.2922,2342.857143,1.0041841,0.624217119,0.8974358974,0.006122220512,14.34348806,4.19,0.2025220573,Ideal
0.3,60.6,57,624 €,4.38,4.4,2.66,51.26352,19.272,11.6508,11.704,2080,0.9954545455,0.6059225513,0.9405940594,0.00585211472,12.17239862,3.813333333,0.2138734335,Ideal
1.2,60.2,60,8596 €,7,6.91,4.19,202.6703,48.37,29.33,28.9529,7163.333333,1.013024602,0.6024442847,0.9966777409,0.005920946483,42.41371331,6.033333333,0.2161245183,Premium
1.72,60.5,59,7089 €,7.8,7.71,4.69,282.04722,60.138,36.582,36.1599,4121.511628,1.011673152,0.6047711154,0.9752066116,0.006098269644,25.13408925,6.733333333,0.2146517756,Premium
0.31,62.7,57,698 €,4.32,4.29,2.7,50.03856,18.5328,11.664,11.583,2251.612903,1.006993007,0.6271777003,0.9090909091,0.006195222245,13.94924234,3.77,0.200717076,Ideal
1.01,61.7,58,7372 €,6.4,6.43,3.96,162.96192,41.152,25.344,25.4628,7299.009901,0.9953343701,0.6173031956,0.9400324149,0.006197766938,45.23756225,5.596666667,0.2067950392,Premium
0.31,61.5,56,40816.5 €,4.36,4.39,2.69,51.487676,19.1404,11.7284,11.8091,2790.322581,0.993166287,0.6148571429,0.9105691057,0.006020858273,16.80013679,3.813333333,0.2083245715,Ideal
0.3,62.2,57,450 €,4.27,4.28,2.66,48.613096,18.2756,11.3582,11.3848,1500,0.9976635514,0.6222222222,0.9163987138,0.00617117659,9.256764885,3.736666667,0.2037455612,Ideal
1.01,62.5,60,4434 €,6.42,6.39,4,164.0952,41.0238,25.68,25.56,4390.09901,1.004694836,0.6245120999,0.96,0.006154963704,27.02090006,5.603333333,0.2023427764,Premium
0.62,62.3,60,2009 €,5.46,5.39,3.38,99.471372,29.4294,18.4548,18.2182,3240.322581,1.012987013,0.6230414747,0.963081862,0.006232949114,20.19676576,4.743333333,0.2033265758,Premium
0.42,60.8,57,1087 €,4.85,4.82,2.94,68.72838,23.377,14.259,14.1708,2588.095238,1.006224066,0.6080661841,0.9375,0.006111012656,15.81588275,4.203333333,0.212544533,Ideal
,61.2,58,802 €,4.37,4.35,2.67,50.755365,19.0095,11.6679,11.6145,2587.096774,1.004597701,0.6123853211,0.9477124183,0.00610772871,15.80128524,3.796666667,0.2098460438,Premium
1.23,61.9,55,11927 €,6.92,6.89,4.27,203.588476,47.6788,29.5484,29.4203,9696.747967,1.004354136,0.6183924692,0.8885298869,0.006041599329,58.58386601,6.026666667,0.20611913,Ideal
0.31,61.3,55,558 €,4.37,4.34,2.67,50.638686,18.9658,11.6679,11.5878,1800,1.006912442,0.6130884041,0.8972267537,0.006121801818,11.01924327,3.793333333,0.2094229436,Ideal
1.08,59.3,57,4536 €,6.74,6.71,3.99,180.449346,45.2254,26.8926,26.7729,4200,1.004470939,0.5933085502,0.9612141653,0.005985059098,25.13724821,5.813333333,0.2217917777,Ideal
1.07,62.3,53,6049 €,6.57,6.59,4.1,177.51483,43.2963,26.937,27.019,5653.271028,0.9969650986,0.623100304,0.8507223114,0.006027665407,34.07602621,5.753333333,0.2032059774,Ideal
0.73,61.9,56,3127 €,5.81,5.75,3.58,119.59885,33.4075,20.7998,20.585,4283.561644,1.010434783,0.6193771626,0.9046849758,0.00610373762,26.14573635,5.046666667,0.2055573005,Ideal
1.01,62.9,60,7839 €,6.36,6.32,3.99,160.378848,40.1952,25.3764,25.2168,7761.386139,1.006329114,0.6293375394,0.9538950715,0.00629758857,48.87801663,5.556666667,0.1993858985,Premium
0.34,62.3,55,1033 €,4.48,4.45,2.78,55.42208,19.936,12.4544,12.371,3038.235294,1.006741573,0.6226203807,0.8828250401,0.006134739079,18.63878079,3.903333333,0.2035211869,Ideal
1.52,61.2,60,8521 €,7.41,7.36,4.52,246.509952,54.5376,33.4932,33.2672,5605.921053,1.006793478,0.6120514557,0.9803921569,0.006166079656,34.56655576,6.43,0.2100665939,Premium
0.32,60.7,61,648 €,4.41,4.39,2.67,51.690933,19.3599,11.7747,11.7213,2025,1.004555809,0.6068181818,1.004942339,0.006190640823,12.53604767,3.823333333,0.2133140435,Premium
0.3,61.9,58,710 €,4.28,4.32,2.66,49.182336,18.4896,11.3848,11.4912,2366.666667,0.9907407407,0.6186046512,0.9369951535,0.006099750935,14.43607721,3.753333333,0.2060237637,Premium
0.54,61.1,58,1994 €,5.24,5.3,3.22,89.42584,27.772,16.8728,17.066,3692.592593,0.9886792453,0.6110056926,0.9492635025,0.006038523094,22.29780565,4.586666667,0.2107608259,Premium
1.57,62.7,56,36042.37685 €,7.36,7.4,4.63,252.16832,54.464,34.0768,34.262,6546.496815,0.9945945946,0.6273712737,0.8931419458,0.006226000157,40.7584902,6.463333333,0.2005877174,Ideal
0.4,62.2,55,909 €,4.72,4.74,2.94,65.776032,22.3728,13.8768,13.9356,2272.5,0.9957805907,0.621564482,0.884244373,0.006081242481,13.81962354,4.133333333,0.2041581277,Ideal
0.31,61.6,56,1046 €,4.39,4.35,2.69,51.369585,19.0965,11.8091,11.7015,3374.193548,1.009195402,0.6155606407,0.9090909091,0.006034699326,20.36224353,3.81,0.2079075947,Ideal
1.26,62,58,6068 €,6.9,6.87,4.27,202.41081,47.403,29.463,29.3349,4815.873016,1.004366812,0.6201888163,0.935483871,0.006224963973,29.97863602,6.013333333,0.2050083694,Premium
1.71,62.1,55,18768 €,7.66,7.63,4.75,277.61755,58.4458,36.385,36.2425,10975.4386,1.003931848,0.6213211249,0.885668277,0.006159552953,67.60379522,6.68,0.2043070424,Ideal
0.32,59.2,59,645 €,4.45,4.47,2.64,52.51356,19.8915,11.748,11.8008,2015.625,0.9955257271,0.5919282511,0.9966216216,0.006093664189,12.28254188,3.853333333,0.2226630828,Premium
1.84,61,58,7922 €,7.97,7.87,4.81,301.701959,62.7239,38.3357,37.8547,4305.434783,1.01270648,0.6073232323,0.9508196721,0.006098734016,26.25770156,6.883333333,0.2130706581,Premium
0.71,62,58,2549 €,5.65,5.7,3.52,113.3616,32.205,19.888,20.064,3590.140845,0.9912280702,0.6202643172,0.935483871,0.006263143781,22.48556831,4.956666667,0.2049929655,Premium
0.7,61.5,56,3065 €,5.7,5.75,3.52,115.368,32.775,20.064,20.24,4378.571429,0.9913043478,0.6148471616,0.9105691057,0.006067540392,26.567159,4.99,0.2083461676,Ideal
0.51,62.9,57,40816.5 €,5.12,5.09,3.21,83.655168,26.0608,16.4352,16.3389,3086.27451,1.00589391,0.6287952987,0.906200318,0.006096455392,18.81533488,4.473333333,0.1997158391,Ideal
1.01,62.2,58,4775 €,6.35,6.28,3.93,156.72054,39.878,24.9555,24.6804,4727.722772,1.011146497,0.622327791,0.9324758842,0.006444592394,30.46824622,5.52,0.2037432812,Premium
0.51,62.2,57,1546 €,5.15,5.1,3.19,83.78535,26.265,16.4285,16.269,3031.372549,1.009803922,0.6224390244,0.9163987138,0.006086982987,18.45191313,4.48,0.2036598466,Premium
2.3,59.7,58,13560 €,8.63,8.68,5.17,387.276428,74.9084,44.6171,44.8756,5895.652174,0.9942396313,0.5973425765,0.9715242881,0.005938910385,35.01374992,7.493333333,0.2192577708,Premium
0.35,61.9,57,676 €,4.49,4.52,2.79,56.622492,20.2948,12.5271,12.6108,1931.428571,0.9933628319,0.6193118757,0.9208400646,0.00618128923,11.93871863,3.933333333,0.205563945,Ideal
0.57,61,57,1847 €,5.34,5.31,3.25,92.15505,28.3554,17.355,17.2575,3240.350877,1.005649718,0.6103286385,0.9344262295,0.006185228048,20.04230913,4.633333333,0.2111311623,Ideal
0.71,61.1,54,4981 €,5.84,5.78,3.55,119.83096,33.7552,20.732,20.519,7015.492958,1.010380623,0.6110154905,0.883797054,0.005925013035,41.56688722,5.056666667,0.2107427365,Ideal
0.9,62,56,,6.23,6.15,3.84,147.12768,38.3145,23.9232,23.616,5375.555556,1.01300813,0.620355412,0.9032258065,0.00611713581,32.88300339,5.406666667,0.2049843318,Ideal
1.52,61.9,57,9948 €,7.33,7.37,4.55,245.800555,54.0221,33.3515,33.5335,6544.736842,0.9945725916,0.619047619,0.9208400646,0.006183875378,40.47183701,6.416666667,0.2057195329,Ideal
1.09,62.5,59,5628 €,6.58,6.53,4.1,176.16634,42.9674,26.978,26.773,5163.302752,1.007656968,0.6254767353,0.944,0.006187334084,31.94707911,5.736666667,0.2017684082,Premium
1.2,61.6,61,9370 €,6.86,6.81,4.21,196.676886,46.7166,28.8806,28.6701,7808.333333,1.007342144,0.6159473299,0.9902597403,0.006101377871,47.64159221,5.96,0.2076518816,Premium
0.71,60,58,1952 €,5.79,5.85,3.49,118.211535,33.8715,20.2071,20.4165,2749.295775,0.9897435897,0.5996563574,0.9666666667,0.006006182053,16.51277094,5.043333333,0.2178411694,Premium
0.8,61,57,2818 €,6.07,6,3.68,134.0256,36.42,22.3376,22.08,3522.5,1.011666667,0.6097763049,0.9344262295,0.005969008906,21.02583387,5.25,0.2115286478,Ideal
0.42,62,57,38135.28598 €,4.82,4.79,2.98,68.801644,23.0878,14.3636,14.2742,2511.904762,1.006263048,0.6201873049,0.9193548387,0.006104505294,15.33393592,4.196666667,0.205019958,Ideal
1.11,61.5,59,5315 €,6.69,6.64,4.1,182.12856,44.4216,27.429,27.224,4788.288288,1.00753012,0.6151537884,0.9593495935,0.006094596037,29.18268283,5.81,0.2081454183,Premium
0.72,61,55,3547 €,5.81,5.83,3.55,120.246665,33.8723,20.6255,20.6965,4926.388889,0.9965694683,0.6099656357,0.9016393443,0.00598769205,29.49769958,5.063333333,0.2113468226,Ideal
0.4,63,59,798 €,4.69,4.64,2.94,63.979104,21.7616,13.7886,13.6416,1995,1.010775862,0.6302250804,0.9365079365,0.006252041291,12.47282238,4.09,0.1988823854,Premium
1.5,60.5,56,9533 €,7.38,7.46,4.49,247.196052,55.0548,33.1362,33.4954,6355.333333,0.9892761394,0.6051212938,0.9256198347,0.006068058077,38.56453177,6.443333333,0.2144233821,Ideal
1.04,61.4,56,5663 €,6.52,6.58,4.02,172.464432,42.9016,26.2104,26.4516,5445.192308,0.990881459,0.613740458,0.9120521173,0.006030228888,32.83575595,5.706666667,0.2090370825,Ideal
0.4,61.1,57,895 €,4.77,4.79,2.92,66.717036,22.8483,13.9284,13.9868,2237.5,0.9958246347,0.6108786611,0.9328968903,0.005995470182,13.41486453,4.16,0.210781352,Ideal
1.21,59.5,58,8305 €,6.97,7.01,4.16,203.256352,48.8597,28.9952,29.1616,6863.636364,0.9942938659,0.5951359084,0.974789916,0.005953073486,40.85973166,6.046666667,0.2206463177,Premium
0.9,60.6,61,4079 €,6.19,6.13,3.73,141.533731,37.9447,23.0887,22.8649,4532.222222,1.009787928,0.6055194805,1.00660066,0.006358908181,28.81998497,5.35,0.2141635228,Premium
0.52,61.7,55,1790 €,5.21,5.17,3.2,86.19424,26.9357,16.672,16.544,3442.307692,1.007736944,0.6165703276,0.8914100486,0.006032885724,20.76704894,4.526666667,0.2072688772,Ideal
0.5,62.2,56,1619 €,5.1,5.13,3.18,83.19834,26.163,16.218,16.3134,3238,0.9941520468,0.6217008798,0.9003215434,0.00600973529,19.45952287,4.47,0.2040827664,Ideal
0.34,59.9,58,805 €,4.54,4.58,2.73,56.765436,20.7932,12.3942,12.5034,2367.647059,0.9912663755,0.5986842105,0.9682804674,0.005989560267,14.18116475,3.95,0.2184366628,Premium
0.52,61.5,60,1191 €,5.15,5.16,3.17,84.23958,26.574,16.3255,16.3572,2290.384615,0.9980620155,0.6149369544,0.9756097561,0.006172870283,14.13824713,4.493333333,0.2082522729,Premium
1.74,61.7,58,17904 €,7.78,7.69,4.77,285.380514,59.8282,37.1106,36.6813,10289.65517,1.011703511,0.6166774402,0.9400324149,0.006097122665,62.73728976,6.746666667,0.2072426757,Premium
0.51,61.9,57,1787 €,5.09,5.15,3.17,83.096795,26.2135,16.1353,16.3255,3503.921569,0.9883495146,0.619140625,0.9208400646,0.006137420824,21.5050412,4.47,0.205719265,Ideal
1.01,60.7,58,7862 €,6.52,6.49,3.95,167.14346,42.3148,25.754,25.6355,7784.158416,1.004622496,0.6072252114,0.9555189456,0.006042713248,47.03743718,5.653333333,0.2130602863,Premium
0.3,62.3,54,911 €,4.34,4.29,2.69,946.4292945,18.6186,11.6746,11.5401,3036.666667,1.011655012,0.6234067207,0.8667736758,0.00598993284,18.18942939,3.773333333,0.2030841684,Ideal
0.56,60.9,56,1819 €,5.32,5.35,3.25,92.5015,28.462,17.29,17.3875,3248.214286,0.9943925234,0.6091846298,0.9195402299,0.006053955882,19.66454598,4.64,0.2118436917,Ideal
0.9,61.6,55,3908 €,6.2,6.22,3.82,147.31448,38.564,23.684,23.7604,4342.222222,0.9967845659,0.615136876,0.8928571429,0.006109379064,26.52828154,5.413333333,0.2081317224,Ideal
0.57,62.6,56,2001 €,5.4,5.34,3.36,96.88896,28.836,18.144,17.9424,3510.526316,1.011235955,0.625698324,0.8945686901,0.005883023205,20.65250778,4.7,0.2016680104,Premium
0.46,61.5,55,1252 €,4.98,5.01,3.07,76.595886,24.9498,15.2886,15.3807,2721.73913,0.994011976,0.6146146146,0.8943089431,0.006005544475,16.3455254,4.353333333,0.2084692988,Ideal
1.04,59.2,58,4566 €,6.7,6.64,3.95,175.7276,44.488,26.465,26.228,4390.384615,1.009036145,0.5922038981,0.9797297297,0.005918250747,25.98339703,5.763333333,0.2225195334,Premium
1.03,60.1,58,11335 €,6.55,6.6,3.95,170.7585,43.23,25.8725,26.07,11004.85437,0.9924242424,0.6007604563,0.9650582363,0.006031910564,66.38029732,5.7,0.2171237218,Premium
0.81,62,57,4314 €,5.96,5.98,3.7,131.87096,35.6408,22.052,22.126,5325.925926,0.9966555184,0.6197654941,0.9193548387,0.006142368267,32.7137984,5.213333333,0.2052658718,Ideal
1.26,61.1,57,14429 €,7,6.98,4.27,208.6322,48.86,29.89,29.8046,11451.5873,1.00286533,0.6108726753,0.9328968903,0.00603933621,69.15998585,6.083333333,0.2107802125,Ideal
2,61.1,59,13921 €,8.07,8.11,4.94,323.311638,65.4477,39.8658,40.0634,6960.5,0.9950678175,0.6106304079,0.9656301146,0.006185982083,43.05752829,7.04,0.2109394928,Ideal
1.51,62,60,14165 €,7.23,7.35,4.52,240.19506,53.1405,32.6796,33.222,9380.794702,0.9836734694,0.6200274348,0.9677419355,0.006286557267,58.97290311,6.366666667,0.20524228,Premium
0.76,62.8,61,2175 €,5.78,5.74,3.62,120.101464,33.1772,20.9236,20.7788,2861.842105,1.006968641,0.6284722222,0.9713375796,0.006327982813,18.10968766,5.046666667,0.1999216318,Premium
0.24,62.4,56,449 €,3.99,4.03,2.5,40.19925,16.0797,9.975,10.075,1870.833333,0.9900744417,0.6234413965,0.8974358974,0.005970260639,11.16936261,3.506666667,0.2030441392,Ideal
1.03,62.4,58,4274 €,6.5,6.42,4.03,168.1719,41.73,26.195,25.8726,4149.514563,1.012461059,0.6238390093,0.9294871795,0.006124685515,25.41447174,5.65,0.2028280488,Premium
0.57,62.3,54,2615 €,5.3,5.35,3.32,94.1386,28.355,17.596,17.762,4587.719298,0.9906542056,0.6234741784,0.8667736758,0.006054902027,27.77819088,4.656666667,0.2030178507,Ideal
0.33,59.5,60,668 €,4.54,4.5,2.69,54.9567,20.43,12.2126,12.105,2024.242424,1.008888889,0.5951327434,1.008403361,0.006004727358,12.15502386,3.91,0.220671309,Premium
1,62.2,60,4469 €,6.45,6.34,3.98,162.75414,40.893,25.671,25.2332,4469,1.017350158,0.6223612197,0.9646302251,0.006144236945,27.45859491,5.59,0.203815257,Premium
0.41,61.2,57,683 €,4.76,4.78,2.92,66.438176,22.7528,13.8992,13.9576,1665.853659,0.9958158996,0.6121593291,0.931372549,0.006171150755,10.28023406,4.153333333,0.2099847314,Ideal
0.54,62.1,56,1250 €,5.22,5.18,3.23,87.337908,27.0396,16.8606,16.7314,2314.814815,1.007722008,0.6211538462,0.9017713366,0.006182882237,14.3122274,4.543333333,0.2044337058,Ideal
1.71,61.4,60,17766 €,7.72,7.62,4.71,277.072344,58.8264,36.3612,35.8902,10389.47368,1.01312336,0.6140808344,0.9771986971,0.006171673345,64.1204378,6.683333333,0.2088709934,Premium
0.71,62,55,3247 €,5.7,5.75,3.55,116.35125,32.775,20.235,20.4125,4573.239437,0.9913043478,0.6200873362,0.8870967742,0.006102212052,27.90687681,5,0.2051016008,Ideal
1.04,60.1,58,3392 €,6.65,6.56,3.97,173.18728,43.624,26.4005,26.0432,3261.538462,1.013719512,0.6010598032,0.9650582363,0.006005059956,19.58573401,5.726666667,0.2170013165,Premium
,61.8,53.6,2297 €,5.1,5.13,3.16,82.67508,26.163,16.116,16.2108,4594,0.9941520468,0.6177908113,0.8673139159,0.00604777159,27.78346268,4.463333333,0.2064997495,Ideal
0.3,62.3,57,367 €,4.27,4.3,2.67,49.02387,18.361,11.4009,11.481,1223.333333,0.9930232558,0.6231038506,0.9149277689,0.006119467925,7.486149094,3.746666667,0.2032251267,Ideal
0.52,62,54,1019 €,5.17,5.19,3.21,86.131683,26.8323,16.5957,16.6599,1959.615385,0.9961464355,0.6196911197,0.8709677419,0.006037267378,11.83072204,4.523333333,0.2053138097,Ideal
1.51,62.4,60,10939 €,7.34,7.27,4.56,243.329808,53.3618,33.4704,33.1512,7244.370861,1.009628611,0.6242299795,0.9615384615,0.006205569356,44.95544582,6.39,0.202554136,Premium
0.82,62.5,59,2544 €,6,5.94,3.73,132.9372,35.64,22.38,22.1562,3102.439024,1.01010101,0.6247906198,0.944,0.006168326097,19.1368556,5.223333333,0.2022138214,Premium
2.13,62.4,58,13760 €,8.22,8.16,5.11,342.754272,67.0752,42.0042,41.6976,6460.093897,1.007352941,0.6239316239,0.9294871795,0.006214364558,40.14537855,7.163333333,0.2027174311,Premium
1.21,61.9,60,6607 €,6.88,6.78,4.23,197.314272,46.6464,29.1024,28.6794,5460.330579,1.014749263,0.6193265007,0.9693053312,0.006132349109,33.48465336,5.963333333,0.2056453006,Premium
0.9,62.1,62,2964 €,6.12,6.05,3.78,139.95828,37.026,23.1336,22.869,3293.333333,1.011570248,0.6211996713,0.998389694,0.006430487714,21.17773954,5.316666667,0.2044444796,Premium
0.33,61.7,56,666 €,4.41,4.44,2.73,53.454492,19.5804,12.0393,12.1212,2018.181818,0.9932432432,0.6169491525,0.9076175041,0.006173475561,12.45919613,3.86,0.207027078,Ideal
0.35,62.5,58,906 €,4.51,4.48,2.81,56.775488,20.2048,12.6731,12.5888,2588.571429,1.006696429,0.6251390434,0.928,0.006164632174,15.95759071,3.933333333,0.2019689066,Premium
0.4,61.9,55,1168 €,4.75,4.78,2.95,66.97975,22.705,14.0125,14.101,2920,0.9937238494,0.6190975866,0.8885298869,0.00597195421,17.43810629,4.16,0.2056939564,Ideal
0.34,61.2,58,787 €,4.45,4.5,2.74,54.8685,20.025,12.193,12.33,2314.705882,0.9888888889,0.6122905028,0.9477124183,0.00619663377,14.34338464,3.896666667,0.2099593307,Ideal
1.2,62,57,8545 €,6.78,6.81,4.21,194.383278,46.1718,28.5438,28.6701,7120.833333,0.9955947137,0.6195732156,0.9193548387,0.00617337053,43.95954265,5.933333333,0.2053891402,Ideal
1.24,60.1,59,9738 €,6.99,7.02,4.21,206.583858,49.0698,29.4279,29.5542,7853.225806,0.9957264957,0.6009992862,0.9816971714,0.006002405086,47.13824252,6.073333333,0.216953769,Premium
0.33,60.8,58,743 €,4.47,4.45,2.71,53.905965,19.8915,12.1137,12.0595,2251.515152,1.004494382,0.6076233184,0.9539473684,0.006121771496,13.78326128,3.876666667,0.2128112596,Premium
0.42,62.2,55,1031 €,4.75,4.8,2.97,67.716,22.8,14.1075,14.256,2454.761905,0.9895833333,0.6219895288,0.884244373,0.006202374623,15.22535294,4.173333333,0.2039448805,Ideal
0.55,58.1,62,1708 €,5.46,5.38,3.15,92.53062,29.3748,17.199,16.947,3105.454545,1.014869888,0.5811808118,1.067125645,0.005943978328,18.45875452,4.663333333,0.2295753854,Premium
0.31,59.5,60,749 €,4.43,4.45,2.64,52.04364,19.7135,11.6952,11.748,2416.129032,0.995505618,0.5945945946,1.008403361,0.00595653955,14.39176814,3.84,0.220981099,Ideal
1.51,63,55,9302 €,7.34,7.3,4.61,247.01302,53.582,33.8374,33.653,6160.264901,1.005479452,0.6297814208,0.873015873,0.00611303809,37.65793398,6.416666667,0.1991081481,Premium
0.71,60.9,58,2694 €,5.77,5.73,3.5,115.71735,33.0621,20.195,20.055,3794.366197,1.006980803,0.6086956522,0.9523809524,0.006135639988,23.28086497,5,0.2121571744,Premium
0.36,62,54,1033 €,4.57,4.63,2.85,60.303435,21.1591,13.0245,13.1955,2869.444444,0.9870410367,0.6195652174,0.8709677419,0.005969809183,17.13003579,4.016666667,0.2054742289,Ideal
0.35,61.6,56,827 €,4.53,4.49,2.78,56.544366,20.3397,12.5934,12.4822,2362.857143,1.008908686,0.6164079823,0.9090909091,0.00618982977,14.62568349,3.933333333,0.2073796519,Ideal
0.35,60.6,58,669 €,4.6,4.58,2.78,58.56904,21.068,12.788,12.7324,1911.428571,1.004366812,0.605664488,0.9570957096,0.005975853454,11.42241703,3.986666667,0.214033758,Premium
2.03,60.9,59,12021 €,8.15,8.11,4.95,327.177675,66.0965,40.3425,40.1445,5921.674877,1.004932182,0.6088560886,0.9688013136,0.00620457982,36.74150444,7.07,0.2120445994,Premium
,60.8,59,936 €,4.44,4.41,2.69,52.671276,19.5804,11.9436,11.8629,2925,1.006802721,0.6079096045,0.9703947368,0.006075417653,17.77059663,3.846666667,0.2126460671,Premium
0.41,61.4,58,1015 €,4.78,4.76,2.93,66.665704,22.7528,14.0054,13.9468,2475.609756,1.004201681,0.6142557652,0.9446254072,0.006150088807,15.22521985,4.156666667,0.2086822968,Premium
0.38,220.67,58,700 €,4.63,4.66,2.87,61.922546,21.5758,13.2881,13.3742,1842.105263,0.9935622318,0.617868676,0.9385113269,0.006136698578,11.30444475,4.053333333,0.2064554242,Premium
0.51,61.8,56,1852 €,5.1,5.15,3.17,83.26005,26.265,16.167,16.3255,3631.372549,0.9902912621,0.6185365854,0.9061488673,0.006125386665,22.24356099,4.473333333,0.2060704622,Ideal
,61.6,60,4578 €,6.6,6.67,4.09,180.04998,44.022,26.994,27.2803,4124.324324,0.9895052474,0.6164280332,0.974025974,0.006164954864,25.4262733,5.786666667,0.2073844723,Premium
1.1,62,59,36536.81949 €,6.62,6.6,4.1,179.1372,43.692,27.142,27.06,4480,1.003030303,0.6202723147,0.9516129032,0.006140544789,27.50964066,5.773333333,0.2049515332,Premium
0.38,62,56,853 €,4.62,4.66,2.88,,21.5292,13.3056,13.4208,2244.736842,0.991416309,0.6206896552,0.9032258065,0.006128627373,13.75715566,4.053333333,0.2047284491,Ideal
0.37,60.5,59,696 €,4.62,4.67,2.81,60.626874,21.5754,12.9822,13.1227,1881.081081,0.9892933619,0.6049515608,0.9752066116,0.006102904135,11.48005751,4.033333333,0.2145292816,Premium
1.08,62.3,54,7187 €,6.59,6.61,4.11,179.031189,43.5599,27.0849,27.1671,6654.62963,0.9969742814,0.6227272727,0.8667736758,0.006032468454,40.14384332,5.77,0.2034359886,Ideal
0.3,60.8,61,675 €,4.34,4.31,2.63,49.195202,18.7054,11.4142,11.3353,2250,1.006960557,0.6080924855,1.003289474,0.00609815567,13.72085026,3.76,0.2125331173,Premium
0.46,62.2,56,1073 €,4.96,4.9,3.07,74.61328,24.304,15.2272,15.043,2332.608696,1.012244898,0.6227180527,0.9003215434,0.006165122348,14.380818,4.31,0.2035161231,Ideal
1.02,62.8,56,6158 €,6.44,6.39,4.03,165.840948,41.1516,25.9532,25.7517,6037.254902,1.007824726,0.6282151208,0.8917197452,0.006150471354,37.13196333,5.62,0.2000863109,Ideal
1.02,62.4,59,6652 €,6.4,6.45,4.01,165.5328,41.28,25.664,25.8645,6521.568627,0.992248062,0.6241245136,0.9455128205,0.006161920779,40.18538924,5.62,0.2026022957,Premium
0.3,61.4,58,506 €,4.33,4.3,2.65,,18.619,11.4745,11.395,1686.666667,1.006976744,0.6141367323,0.9446254072,0.006080216294,10.25529815,3.76,0.2087723607,Premium
0.31,60.4,56,1239 €,4.43,4.38,2.66,51.613044,19.4034,11.7838,11.6508,3996.774194,1.011415525,0.6038592509,0.9271523179,0.006006233618,24.00555952,3.823333333,0.2152190353,Ideal
1.5,60.3,60,16558 €,7.43,7.34,4.45,242.68609,54.5362,33.0635,32.663,11038.66667,1.01226158,0.6025727827,0.9950248756,0.006180823961,68.22805543,6.406666667,0.216034347,Premium
0.73,60.9,61,3311 €,5.81,5.79,3.53,118.748847,33.6399,20.5093,20.4387,4535.616438,1.003454231,0.6086206897,1.001642036,0.006147428109,27.88237599,5.043333333,0.2121849462,Premium
0.31,61.2,60,802 €,4.39,4.37,2.68,51.413924,19.1843,11.7652,11.7116,2587.096774,1.004576659,0.6118721461,0.9803921569,0.006029495045,15.59888718,3.813333333,0.2101650207,Premium
1.08,60,58,5867 €,6.69,6.66,4.01,178.667154,44.5554,26.8269,26.7066,5432.407407,1.004504505,0.6007490637,0.9666666667,0.006044759632,32.837597,5.786666667,0.2171116496,Ideal
1.09,43,54,4778 €,6.53,6.55,4.12,176.21858,42.7715,26.9036,26.986,4383.486239,0.9969465649,0.629969419,1.255813953,0.006185499849,27.11405347,5.733333333,0.1989816557,Ideal
1.19,61.1,57,10079 €,6.84,6.87,4.19,196.891452,46.9908,28.6596,28.7853,8469.747899,0.9956331878,0.6112326769,0.9328968903,0.006043939378,51.19064285,5.966666667,0.2105619127,Ideal
1.5,60.2,55,14281 €,7.45,7.51,4.5,251.77275,55.9495,33.525,33.795,9520.666667,0.9920106525,0.6016042781,0.9136212625,0.005957753569,56.72178582,6.486666667,0.2165979977,Ideal
0.92,62.2,55,,6.25,6.19,3.87,149.720625,38.6875,24.1875,23.9553,3695.652174,1.009693053,0.6221864952,0.884244373,0.006144777982,22.70896211,5.436666667,0.2038144815,Ideal
0.52,61.1,57,1656 €,5.2,5.17,3.16,84.95344,26.884,16.432,16.3372,3184.615385,1.005802708,0.6094503375,0.9328968903,0.006120999927,19.49303054,4.51,0.2116790951,Ideal
1,61.7,53,8958 €,6.46,6.48,3.99,167.024592,41.8608,25.7754,25.8552,8958,0.9969135802,0.6166924266,0.8589951378,0.005987142301,53.63282073,5.643333333,0.2071668736,Ideal
0.38,61.6,56,1074 €,4.67,4.72,2.89,63.702536,22.0424,13.4963,13.6408,2826.315789,0.9894067797,0.6155484558,0.9090909091,0.005965225623,16.85961137,4.093333333,0.2079307739,Ideal
1.13,61.3,59,4214 €,6.77,6.67,4.12,186.042308,45.1559,27.8924,27.4804,3729.20354,1.014992504,0.6130952381,0.9624796085,0.006073887236,22.65076178,5.853333333,0.2095099332,Premium
0.57,59.7,59,1608 €,5.37,5.41,3.22,93.546474,29.0517,17.2914,17.4202,2821.052632,0.9926062847,0.5974025974,0.9882747069,0.006093228057,17.18931704,4.666666667,0.2192310309,Premium
0.51,62.9,59,956 €,5.11,5.07,3.2,82.90464,25.9077,16.352,16.224,1874.509804,1.007889546,0.6286836935,0.9379968203,0.006151646036,11.5313208,4.46,0.1997991444,Premium
1.11,60.1,61,5483 €,6.74,6.64,4.06,181.699616,44.7536,27.3644,26.9584,4939.63964,1.015060241,0.6068759342,1.014975042,0.006108983742,30.17617825,5.813333333,0.2133828892,Premium
0.7,60.9,60,2657 €,5.72,5.68,3.47,112.738912,32.4896,19.8484,19.7096,3795.714286,1.007042254,0.6087719298,0.9852216749,0.006209036326,23.56772788,4.956666667,0.2121100691,Premium
1.13,62.3,56,3607 €,6.69,6.61,4.14,183.074526,44.2209,27.6966,27.3654,3192.035398,1.012102874,0.622556391,0.8988764045,0.006172349724,19.70235881,5.813333333,0.203613992,Premium
1.16,61.5,54,5301 €,6.78,6.75,4.16,190.3824,45.765,28.2048,28.08,4569.827586,1.004444444,0.6149297857,0.8780487805,0.006093000193,27.84396037,5.896666667,0.208265096,Ideal
0.42,61.6,56,1621 €,4.82,4.79,2.96,68.339888,23.0878,14.2672,14.1784,3859.52381,1.006263048,0.616024974,0.9090909091,0.006145751951,23.71967598,4.19,0.2075960785,Ideal
0.3,61.9,57,709 €,4.35,4.31,2.68,50.24598,18.7485,11.658,11.5508,2363.333333,1.009280742,0.6189376443,0.9208400646,0.005970626904,14.11058158,3.78,0.2058171588,Ideal
0.4,62.5,55,947 €,4.67,4.71,2.93,64.447401,21.9957,13.6831,13.8003,2367.5,0.991507431,0.6247334755,0.88,0.006206611807,14.69415345,4.103333333,0.2022337889,Ideal
1.58,61.4,56,10738 €,7.53,7.46,4.6,258.39948,56.1738,34.638,34.316,6796.202532,1.009383378,0.613742495,0.9120521173,0.006114563388,41.55581118,6.53,0.2090375593,Ideal
0.5,62,56,1178 €,5.09,5.12,3.16,82.352128,26.0608,16.0844,16.1792,2356,0.994140625,0.6190009794,0.9032258065,0.006071488523,14.30442696,4.456666667,0.2057509921,Ideal
0.35,62.1,57,706 €,4.53,4.55,2.82,58.12443,20.6115,12.7746,12.831,2017.142857,0.9956043956,0.6211453744,0.9178743961,0.006021564427,12.14635567,3.966666667,0.2044177022,Ideal
,62.6,58,743 €,4.4,4.36,2.74,52.56416,19.184,12.056,11.9464,2251.515152,1.009174312,0.6255707763,0.9265175719,0.006278041921,14.13510651,3.833333333,0.2017241374,Premium
0.31,62.4,58,802 €,4.31,4.28,2.68,49.437424,18.4468,11.5508,11.4704,2587.096774,1.007009346,0.6239813737,0.9294871795,0.006270553255,16.2225281,3.756666667,0.2026841548,Premium
1.1,62.6,57,4832 €,6.6,6.56,4.12,178.37952,43.296,27.192,27.0272,4392.727273,1.006097561,0.6261398176,0.910543131,0.0061666272,27.08831148,5.76,0.2013489743,Premium
,61.9,59,7821 €,6.41,6.45,3.98,164.55111,41.3445,25.5118,25.671,7743.564356,0.9937984496,0.6189735614,0.9531502423,0.006137910586,47.52930564,5.613333333,0.2057701632,Premium
0.71,59.7,59,2913 €,5.8,5.82,3.47,117.13332,33.756,20.126,20.1954,4102.816901,0.9965635739,0.5972461274,0.9882747069,0.006061469102,24.86909788,5.03,0.2193075142,Premium
0.34,60.8,57,805 €,4.49,4.53,2.74,55.730778,20.3397,12.3026,12.4122,2367.647059,0.9911699779,0.6075388027,0.9375,0.006100758184,14.44444217,3.92,0.2128943328,Ideal
0.78,61.5,59,2816 €,5.96,5.88,3.64,127.563072,35.0448,21.6944,21.4032,3610.25641,1.013605442,0.6148648649,0.9593495935,0.006114622263,22.07535422,5.16,0.2083911644,Premium
1.12,62.1,57,6209 €,6.6,6.63,4.11,179.84538,43.758,27.126,27.2493,5543.75,0.9954751131,0.6213151927,0.9178743961,0.006227571706,34.52410065,5.78,0.2043134663,Ideal
0.25,61,55,472 €,4.11,4.09,2.5,42.02475,16.8099,10.275,10.225,1888,1.004889976,0.6097560976,0.9016393443,0.005948875365,11.23147669,3.566666667,0.2114835774,Ideal
1.03,60.9,56,5206 €,6.52,6.59,3.99,171.437532,42.9668,26.0148,26.2941,5054.368932,0.9893778452,0.6086956522,0.9195402299,0.006008019294,30.36674606,5.7,0.2121912721,Ideal
1.07,62.4,57,4419 €,6.56,6.58,4.1,176.97568,43.1648,26.896,26.978,4129.906542,0.9969604863,0.6240487062,0.9134615385,0.006046028471,24.96953254,5.746666667,0.2026214258,Ideal
2.14,61.5,57,18528 €,8.36,8.29,5.12,354.838528,69.3044,42.8032,42.4448,8657.943925,1.008443908,0.615015015,0.9268292683,0.006030912179,52.21529946,7.256666667,0.2082390995,Ideal
0.3,62,55,658 €,4.3,4.34,2.68,50.01416,18.662,11.524,11.6312,2193.333333,0.9907834101,0.6203703704,0.8870967742,0.005998301281,13.15627414,3.773333333,0.204931765,Ideal
1.53,62,56,11229 €,7.43,7.38,4.59,251.685306,54.8334,34.1037,33.8742,7339.215686,1.006775068,0.6198514517,0.9032258065,0.006079019965,44.61523868,6.466666667,0.2052310379,Ideal
0.32,60.9,56,612 €,4.45,4.41,2.7,52.98615,19.6245,12.015,11.907,1912.5,1.009070295,0.6094808126,0.9195402299,0.006039314047,11.55018812,3.853333333,0.2116851118,Premium
1.18,61.6,58,11184 €,6.78,6.82,4.19,193.743924,46.2396,28.4082,28.5758,9477.966102,0.9941348974,0.6161764706,0.9415584416,0.006090513579,57.72568125,5.93,0.2074998589,Ideal
0.5,61.1,60,1629 €,5.1,5.05,3.1,79.8405,25.755,15.81,15.655,3258,1.00990099,0.6108374384,0.9819967267,0.006262485831,20.40317884,4.416666667,0.210848529,Premium
0.4,60.9,60,884 €,4.78,4.74,2.9,65.70588,22.6572,13.862,13.746,2210,1.008438819,0.6092436975,0.9852216749,0.006087735222,13.45389484,4.14,0.2118271646,Premium
1.02,62.4,55,4398 €,6.44,6.47,4.03,167.917204,41.6668,25.9532,26.0741,4311.764706,0.9953632148,0.6243222308,0.8814102564,0.006074422249,26.19147946,5.646666667,0.2024595458,Ideal
1,60.6,62,5410 €,6.43,6.4,3.89,160.08128,41.152,25.0127,24.896,5410,1.0046875,0.6063912705,1.02310231,0.006246826612,33.79533197,5.573333333,0.2135812362,Premium
0.37,60.9,59,1082 €,4.65,4.61,2.82,60.45093,21.4365,13.113,13.0002,2924.324324,1.00867679,0.6090712743,0.9688013136,0.006120666795,17.89881479,4.026666667,0.2119366974,Premium
0.3,61,60,709 €,4.35,4.3,2.64,49.3812,18.705,11.484,11.352,2363.333333,1.011627907,0.6104046243,0.9836065574,0.006075186508,14.35769078,3.763333333,0.2111369852,Premium
0.42,61.6,59,992 €,4.85,4.83,2.98,69.80799,23.4255,14.453,14.3934,2361.904762,1.004140787,0.6157024793,0.9577922078,0.006016503268,14.21040772,4.22,0.2077844607,Premium
0.95,59.5,56,3724 €,6.41,6.36,3.8,154.91688,40.7676,24.358,24.168,3920,1.007861635,0.5951448708,0.9411764706,0.006132320765,24.0386974,5.523333333,0.2206550944,Premium
0.31,62.2,56,907 €,4.37,4.34,2.71,51.397318,18.9658,11.8427,11.7614,2925.806452,1.006912442,0.6222732491,0.9003215434,0.006031443119,17.64683519,3.806666667,0.2037365536,Ideal
0.3,60.7,58,620 €,4.35,4.38,2.65,50.49045,19.053,11.5275,11.607,2066.666667,0.9931506849,0.6071019473,0.9555189456,0.005941717691,12.2795499,3.793333333,0.2131506635,Premium
2.06,58.4,55,15393 €,8.42,8.35,4.9,344.5043,70.307,41.258,40.915,7472.330097,1.008383234,0.5843768634,0.9417808219,0.00597960606,44.68159033,7.223333333,0.2274702292,Premium
1.73,63,60,8816 €,7.63,7.52,4.77,273.691152,57.3776,36.3951,35.8704,5095.953757,1.01462766,0.6297029703,0.9523809524,0.006320993526,32.21149071,6.64,0.1992548234,Premium
1.54,61.9,61,10758 €,7.41,7.33,4.56,247.677768,54.3153,33.7896,33.4248,6985.714286,1.010914052,0.618724559,0.98546042,0.006217756291,43.43546894,6.433333333,0.205966207,Premium
1.31,59.8,58,7732 €,7.19,7.09,4.27,217.672217,50.9771,30.7013,30.2743,5902.290076,1.014104372,0.5980392157,0.9698996656,0.006018223263,35.52129944,6.183333333,0.2189024444,Premium
0.51,61.8,55,1569 €,5.14,5.18,3.19,84.934388,26.6252,16.3966,16.5242,3076.470588,0.9922779923,0.6182170543,0.8899676375,0.006004635013,18.47308301,4.503333333,0.2062495492,Ideal
0.3,62.4,60,630 €,4.29,4.23,2.66,48.270222,18.1467,11.4114,11.2518,2100,1.014184397,0.6244131455,0.9615384615,0.006215011814,13.05152481,3.726666667,0.202498625,Premium
0.58,61.7,56,2772 €,5.33,5.37,3.3,94.45293,28.6221,17.589,17.721,4779.310345,0.9925512104,0.6168224299,0.9076175041,0.006140624754,29.34795141,4.666666667,0.207110835,Ideal
0.43,61.2,60,993 €,4.84,4.8,2.95,68.5344,23.232,14.278,14.16,2309.302326,1.008333333,0.612033195,0.9803921569,0.006274221413,14.4890741,4.196666667,0.2100899985,Premium
1.23,59.6,58,9016 €,7.02,6.94,4.16,202.670208,48.7188,29.2032,28.8704,7330.081301,1.011527378,0.5959885387,0.9731543624,0.0060689729,44.48606477,6.04,0.2201592522,Premium
0.31,59.9,59,544 €,4.38,4.4,2.63,50.68536,19.272,11.5194,11.572,1754.83871,0.9954545455,0.5990888383,0.9849749583,0.00611616451,10.73288224,3.803333333,0.2181539348,Premium
0.31,61.4,54,571 €,4.38,4.41,2.7,52.15266,19.3158,11.826,11.907,1841.935484,0.9931972789,0.614334471,0.8794788274,0.005944087991,10.94862659,3.83,0.2086487,Ideal
,62.7,56,7217 €,7.04,6.99,4.4,216.52224,49.2096,30.976,30.756,5426.315789,1.007153076,0.6272273699,0.8931419458,0.006142556072,33.331449,6.143333333,0.2006877612,Ideal
1.24,62.1,58,4854 €,6.92,6.88,4.28,203.769088,47.6096,29.6176,29.4464,3914.516129,1.005813953,0.6202898551,0.9339774557,0.006085319477,23.82108124,6.026666667,0.204953727,Premium
0.51,62.2,58,1749 €,5.14,-11.309,3.19,83.950592,26.3168,16.3966,16.3328,3429.411765,1.00390625,0.6218323587,0.9324758842,0.00607500183,20.83368275,4.483333333,0.2039913498,Premium
0.53,60.6,58,2290 €,5.26,5.2,3.17,86.70584,27.352,16.6742,16.484,4320.754717,1.011538462,0.6061185468,0.9570957096,0.00611262171,26.41113909,4.543333333,0.2138082598,Premium
0.33,59.7,58,594 €,4.53,4.48,2.69,54.591936,20.2944,12.1857,12.0512,1800,1.011160714,0.5971143174,0.9715242881,0.006044848822,10.88072788,3.9,0.2194468371,Premium
0.5,63,58,1583 €,5.07,5.02,3.18,80.935452,25.4514,16.1226,15.9636,3166,1.009960159,0.6303270565,0.9206349206,0.006177762496,19.55879606,4.423333333,0.1988107834,Premium
0.57,60.7,57,1320 €,5.42,5.35,3.27,94.82019,28.997,17.7234,17.4945,2315.789474,1.013084112,0.6072423398,0.9390444811,0.006011377957,13.92108579,4.68,0.213126075,Premium
1,61.3,57,3080 €,6.41,6.44,3.94,162.644776,41.2804,25.2554,25.3736,3080,0.9953416149,0.613229572,0.9298531811,0.006148368393,18.93697465,5.596666667,0.2093217849,Ideal
0.59,61,57,1912 €,5.46,5.43,3.32,98.430696,29.6478,18.1272,18.0276,3240.677966,1.005524862,0.6097337006,0.9344262295,0.005994065103,19.42483471,4.736666667,0.2115009445,Ideal
1.07,62.1,55,3412 €,6.55,6.59,4.08,176.11116,43.1645,26.724,26.8872,3188.785047,0.9939301973,0.6210045662,0.885668277,0.006075708093,19.37412711,5.74,0.2045140841,Ideal
0.51,61.7,56,2718 €,5.14,5.16,3.18,84.341232,26.5224,16.3452,16.4088,5329.411765,0.996124031,0.6174757282,0.9076175041,0.00604686448,32.2262307,4.493333333,0.2066845992,Ideal
0.72,61.8,54,1864 €,5.76,5.8,3.57,119.26656,33.408,20.5632,20.706,2588.888889,0.9931034483,0.6176470588,0.8737864078,0.006036897518,15.62885691,5.043333333,0.2065958955,Ideal
0.52,61.2,60,1689 €,5.13,5.19,3.16,84.134052,26.6247,16.2108,16.4004,3248.076923,0.9884393064,0.6124031008,0.9803921569,0.006180612815,20.07510586,4.493333333,0.2098947743,Premium
1.23,59.3,59,9836 €,7.03,6.96,4.15,203.05452,48.9288,29.1745,28.884,7996.747967,1.010057471,0.5932809149,0.9949409781,0.006057486433,48.44019232,6.046666667,0.2218495523,Premium
0.72,62.7,59,2584 €,5.71,5.75,3.59,117.868675,32.8325,20.4989,20.6425,3588.888889,0.9930434783,0.6265270506,0.9409888357,0.006108493202,21.92270338,5.016666667,0.2011171765,Premium
2.08,61.6,58,13038 €,8.15,8.22,5.04,337.64472,66.993,41.076,41.4288,6268.269231,0.9914841849,0.6157605376,0.9415584416,0.006160321417,38.61455319,7.136666667,0.2077780405,Ideal
2.02,59.6,60,16861 €,8.25,8.2,4.9,331.485,67.65,40.425,40.18,8347.029703,1.006097561,0.5957446809,1.006711409,0.006093790066,50.86504668,7.116666667,0.2202650502,Premium
0.45,60.3,59,941 €,4.99,4.93,2.99,73.556093,24.6007,14.9201,14.7407,2091.111111,1.012170385,0.6028225806,0.9784411277,0.006117780073,12.79295789,4.303333333,0.2158768149,Premium
0.32,61.5,55,825 €,4.43,4.45,2.73,53.817855,19.7135,12.0939,12.1485,2578.125,0.995505618,0.6148648649,0.8943089431,0.005945982054,15.32948498,3.87,0.2083057056,Ideal
0.72,59.5,62,2670 €,5.85,5.74,3.45,115.84755,33.579,20.1825,19.803,3708.333333,1.019163763,0.595340811,1.042016807,0.00621506454,23.047531,5.013333333,0.2206825887,Premium
1.51,62.2,58,11374 €,7.32,7.27,4.54,241.602456,53.2164,33.2328,33.0058,7532.450331,1.006877579,0.6223440713,0.9324758842,0.006249936466,47.077336,6.376666667,0.2036926073,Premium
1.02,61.5,58,5183 €,6.46,6.51,3.99,167.797854,42.0546,25.7754,25.9749,5081.372549,0.9923195084,0.6152659985,0.9430894309,0.006078742819,30.88835689,5.653333333,0.2080774877,Premium
0.51,61.7,54,1656 €,5.13,5.18,3.18,84.503412,26.5734,16.3134,16.4724,3247.058824,0.9903474903,0.6168768186,0.8752025932,0.006035259263,19.59684184,4.496666667,0.207097332,Ideal
0.26,61.9,58,452 €,4.1,4.11,2.54,42.80154,16.851,10.414,10.4394,1738.461538,0.99756691,0.6187576127,0.9369951535,0.006074547785,10.56036769,3.583333333,0.205886336,Premium
1.52,59.4,60,13530 €,7.61,7.5,4.49,256.26675,57.075,34.1689,33.675,8901.315789,1.014666667,0.594308405,1.01010101,0.005931319611,52.79654891,6.533333333,0.2212580459,Premium
0.54,62.1,56,1786 €,5.25,5.22,3.25,89.06625,27.405,17.0625,16.965,3307.407407,1.005747126,0.6208213945,0.9017713366,0.006062902615,20.05248902,4.573333333,0.2046249536,Premium
0.91,59.6,59,2486 €,6.32,6.29,3.76,149.470528,39.7528,23.7632,23.6504,2731.868132,1.004769475,0.5963521015,0.9899328859,0.006088156723,16.63204133,5.456666667,0.2198754462,Premium
1.2,61.4,57,5098 €,6.87,6.8,4.2,196.2072,46.716,28.854,28.56,4248.333333,1.010294118,0.6144842721,0.9283387622,0.006115983511,25.98273662,5.956666667,0.2085863905,Premium
1,62.9,56,3450 €,6.32,6.3,3.97,158.06952,39.816,25.0904,25.011,3450,1.003174603,0.6291600634,0.8903020668,0.006326330339,21.82583967,5.53,0.199478625,Ideal
1.05,61.9,56,6604 €,6.56,6.52,4.05,173.22336,42.7712,26.568,26.406,6289.52381,1.006134969,0.619266055,0.9046849758,0.00606153812,38.12418833,5.71,0.2055885889,Ideal
2.03,62.1,56,18139 €,8.2,8.12,5.07,337.58088,66.584,41.574,41.1684,8935.46798,1.009852217,0.6213235294,0.9017713366,0.006013373743,53.73230854,7.13,0.2043486764,Premium
2.27,62.5,59,14937 €,8.45,8.39,5.26,372.91033,70.8955,44.447,44.1314,6580.176211,1.007151371,0.6247030879,0.944,0.006087254274,40.05520576,7.366666667,0.2022406783,Premium
0.52,62,55.4,1575 €,5.16,5.21,3.21,86.296356,26.8836,16.5636,16.7241,3028.846154,0.990403071,0.6190935391,0.8935483871,0.006025746904,18.25106033,4.526666667,0.2057248166,Ideal
1.12,62.2,59,7827 €,6.61,6.58,4.1,178.32458,43.4938,27.101,26.978,6988.392857,1.004559271,0.6216830933,0.9485530547,0.006280682113,43.89187402,5.763333333,0.2040864161,Premium
0.41,60.9,56,1231 €,4.84,4.78,2.93,67.786136,23.1352,14.1812,14.0054,3002.439024,1.012552301,0.6091476091,0.9195402299,0.006048434447,18.16005562,4.183333333,0.2119312214,Premium
0.33,62.1,56,781 €,4.44,4.48,2.77,55.098624,19.8912,12.2988,12.4096,2366.666667,0.9910714286,0.6210762332,0.9017713366,0.005989260276,14.17458265,3.896666667,0.2044929816,Ideal
0.77,62.2,56,3148 €,5.9,5.85,3.66,1039.007704,34.515,21.594,21.411,4088.311688,1.008547009,0.6229787234,0.9003215434,0.006095393703,24.91986932,5.136666667,0.2033148313,Ideal
1.84,59.7,58,13779 €,7.98,8.01,4.77,908.4282226,63.9198,38.0646,38.2077,7488.586957,0.9962546816,0.5966228893,0.9715242881,0.006034816048,45.19224474,6.92,0.2197007098,Premium
0.5,61.9,58,1006 €,5.12,5.09,3.16,82.352128,26.0608,16.1792,16.0844,2012,1.00589391,0.6190009794,0.9369951535,0.006071488523,12.21583491,4.456666667,0.2057509921,Premium
1.01,60.9,55,5288 €,6.5,6.48,3.95,166.374,42.12,25.675,25.596,5235.643564,1.00308642,0.6086286595,0.9031198686,0.006070660079,31.78381237,5.643333333,0.2121787338,Premium
0.7,62.8,53.4,3618 €,5.64,5.68,3.55,113.72496,32.0352,20.022,20.164,5168.571429,0.9929577465,0.6272084806,0.8503184713,0.00615520111,31.81359659,4.956666667,0.2006989062,Ideal
0.43,61.3,56,935 €,4.89,4.87,2.99,71.204757,23.8143,14.6211,14.5613,2174.418605,1.004106776,0.612704918,0.9135399674,0.006038922371,13.13114516,4.25,0.2096451663,Ideal
0.3,61.7,61,844 €,4.31,4.28,2.65,48.88402,18.4468,11.4215,11.342,2813.333333,1.007009346,0.6169965076,0.9886547812,0.006136974823,17.26535584,3.746666667,0.2069992386,Premium
0.3,60.7,56,465 €,4.35,4.37,2.65,50.375175,19.0095,11.5275,11.5805,1550,0.995423341,0.6077981651,0.9225700165,0.005955314299,9.230737164,3.79,0.2127026598,Ideal
0.39,61.7,54.2,952 €,4.69,4.75,2.91,64.827525,22.2775,13.6479,13.8225,2441.025641,0.9873684211,0.6165254237,0.8784440843,0.006015963127,14.68512025,4.116666667,0.2073506989,Ideal
0.3,62.4,57,624 €,4.3,4.32,2.69,49.96944,18.576,11.567,11.6208,2080,0.9953703704,0.6241299304,0.9134615385,0.006003669443,12.48763244,3.77,0.2025779764,Ideal
0.33,61.2,57,965 €,4.44,4.42,2.71,53.183208,19.6248,12.0324,11.9782,2924.242424,1.004524887,0.611738149,0.931372549,0.006204966049,18.14482496,3.856666667,0.2102481121,Premium
,60.9,56,5139 €,6.8,6.73,4.12,188.54768,45.764,28.016,27.7276,4507.894737,1.010401189,0.6090169993,0.9195402299,0.006046216002,27.25570529,5.883333333,0.2119873772,Premium
1.05,61.9,56,4504 €,6.49,6.56,4.04,172.000576,42.5744,26.2196,26.5024,4289.52381,0.9893292683,0.6191570881,0.9046849758,0.006104630719,26.18595882,5.696666667,0.2056972656,Ideal
1.21,60,60,6659 €,6.96,6.91,4.16,200.069376,48.0936,28.9536,28.7456,5503.305785,1.00723589,0.5998558039,1,0.006047902104,33.28345464,6.01,0.2176883184,Premium
0.38,62.2,54,1212 €,4.64,4.69,2.9,63.10864,21.7616,13.456,13.601,3189.473684,0.9893390192,0.6216505895,0.8681672026,0.006021362527,19.20497732,4.076666667,0.2041568275,Ideal
0.4,61.1,59,1323 €,4.78,4.75,2.91,66.07155,22.705,13.9098,13.8225,3307.5,1.006315789,0.610703043,0.9656301146,0.006054042928,20.02374698,4.146666667,0.2109022065,Premium
1.16,61.5,57,5207 €,6.75,6.78,4.16,190.3824,45.765,28.08,28.2048,4488.793103,0.9955752212,0.6149297857,0.9268292683,0.006093000193,27.35021725,5.896666667,0.208265096,Ideal
1.19,62.1,59,6662 €,6.82,6.73,4.21,193.233106,45.8986,28.7122,28.3333,5598.319328,1.013372957,0.621402214,0.9500805153,0.006158365016,34.4764939,5.92,0.2043430252,Ideal
1.34,62,57,6010 €,7.12,7.04,4.39,220.047872,50.1248,31.2568,30.9056,4485.074627,1.011363636,0.6200564972,0.9193548387,0.006089583997,27.31223868,6.183333333,0.2051480337,Ideal
1.07,62,57,5820 €,6.55,6.58,4.07,175.41293,43.099,26.6585,26.7806,5439.252336,0.9954407295,0.6199543031,0.9193548387,0.006099892408,33.17885403,5.733333333,0.2051543101,Ideal
0.83,60.2,60,3495 €,6.09,6.04,3.65,134.26014,36.7836,22.2285,22.046,4210.843373,1.008278146,0.6018136851,0.9966777409,0.006182028411,26.03155337,5.26,0.2164686125,Premium
0.37,62.2,58,787 €,4.56,4.6,2.85,59.7816,20.976,12.996,13.11,2127.027027,0.9913043478,0.6222707424,0.9324758842,0.006189195338,13.16458576,4.003333333,0.2037535298,Premium
0.56,59.5,61,2290 €,5.36,5.33,3.18,90.848784,28.5688,17.0448,16.9494,4089.285714,1.005628518,0.59494855,1.025210084,0.006164089109,25.20672153,4.623333333,0.2207637214,Premium
0.9,61.5,57,3644 €,6.17,6.23,3.81,146.452971,38.4391,23.5077,23.7363,4048.888889,0.9903691814,0.614516129,0.9268292683,0.006145317462,24.88170759,5.403333333,0.2085607121,Ideal
0.34,60.2,58,596 €,4.51,4.56,2.73,56.144088,20.5656,12.3123,12.4488,1752.941176,0.9890350877,0.6019845645,0.9634551495,0.006055846877,10.61554335,3.933333333,0.2163889749,Premium
1.08,59.4,59,6532 €,6.75,6.68,3.99,179.9091,45.09,26.9325,26.6532,6048.148148,1.010479042,0.5941921072,0.9932659933,0.006003031531,36.30722404,5.806666667,0.2212793031,Premium
1.01,62.4,60,10221 €,6.31,6.36,3.95,158.51982,40.1316,24.9245,25.122,10119.80198,0.9921383648,0.6235201263,0.9615384615,0.006371443016,64.47774165,5.54,0.2029756439,Premium
0.41,62.3,57,876 €,4.78,4.75,2.97,67.43385,22.705,14.1966,14.1075,2136.585366,1.006315789,0.6232948583,0.9149277689,0.006080032506,12.99050848,4.166666667,0.2031023387,Ideal
0.57,62.1,55,1244 €,5.34,5.36,3.32,95.026368,28.6224,17.7288,17.7952,2182.45614,0.9962686567,0.6205607477,0.885668277,0.005998335115,13.0911033,4.673333333,0.2047758936,Ideal
0.7,60.7,56,2872 €,5.72,5.75,3.48,114.4572,32.89,19.9056,20.01,4102.857143,0.9947826087,0.6068003487,0.9225700165,0.006115823207,25.09234893,4.983333333,0.2133286447,Ideal
2.14,61.2,57,13421 €,8.36,8.32,5.1,354.73152,69.5552,42.636,42.432,6271.495327,1.004807692,0.6115107914,0.931372549,0.006032731458,37.83424715,7.26,0.2103909011,Premium
0.36,62.5,56,945 €,4.6,4.52,2.85,59.2572,20.792,13.11,12.882,2625,1.017699115,0.625,0.896,0.006075211114,15.94742917,3.99,0.2021962606,Premium
0.3,61.6,58,814 €,4.27,4.3,2.64,48.47304,18.361,11.2728,11.352,2713.333333,0.9930232558,0.6161026838,0.9415584416,0.006189007333,16.7928399,3.736666667,0.2075532063,Ideal
0.36,60.1,56,38633.86799 €,4.62,4.67,2.79,60.195366,21.5754,12.8898,13.0293,1666.666667,0.9892933619,0.6006458558,0.9317803661,0.005980526807,9.967544678,4.026666667,0.2172252311,Ideal
0.83,59.3,59,2022 €,6.17,6.1,3.64,136.99868,37.637,22.4588,22.204,2436.144578,1.01147541,0.5933170334,0.9949409781,0.006058452534,14.75926629,5.303333333,0.2218418739,Premium
0.5,61.3,55,1695 €,5.13,5.15,3.15,,26.4195,16.1595,16.2225,3390,0.9961165049,0.6128404669,0.8972267537,0.006008068235,20.36735132,4.476666667,0.2095600585,Ideal
1.5,?,60,14386 €,7.31,7.27,4.53,240.740961,53.1437,33.1143,32.9331,9590.666667,1.005502063,0.621399177,0.9661835749,0.00623076353,59.7571761,6.37,0.2042667116,Premium
0.93,61.6,57,4724 €,6.27,6.33,3.88,153.993708,39.6891,24.3276,24.5604,5079.569892,0.990521327,0.6158730159,0.9253246753,0.006039207784,30.67657803,5.493333333,0.2077175759,Ideal
1.24,62.8,57,5305 €,6.83,6.79,4.28,198.487996,46.3757,29.2324,29.0612,4278.225806,1.005891016,0.6284875184,0.9076433121,0.006247229178,26.72705709,5.966666667,0.1999047868,Premium
0.81,62.2,57,2100 €,5.95,5.92,3.69,129.97656,35.224,21.9555,21.8448,2592.592593,1.005067568,0.6217354676,0.9163987138,0.006231892889,16.15675934,5.186666667,0.2040566867,Ideal
0.32,62,54,912 €,4.39,4.42,2.73,52.972374,19.4038,11.9847,12.0666,2850,0.9932126697,0.6197502838,0.8709677419,0.006040884632,17.2165212,3.846666667,0.2052939908,Ideal
1.01,61.8,58,6075 €,6.42,6.37,3.95,161.53683,40.8954,25.359,25.1615,6014.851485,1.007849294,0.6176700547,0.9385113269,0.006252444102,37.60752269,5.58,0.2065886725,Premium
0.72,61.1,56,2177 €,5.84,5.82,3.56,121.000128,33.9888,20.7904,20.7192,3023.611111,1.003436426,0.6106346484,0.9165302782,0.005950406928,17.9917165,5.073333333,0.2109302389,Ideal
0.7,200.43,59,2264 €,5.73,5.67,3.45,112.087395,32.4891,19.7685,19.5615,3234.285714,1.010582011,0.6052631579,0.9752066116,0.006245126849,20.19852455,4.95,0.2143319145,Premium
1.2,62.1,56,7741 €,6.84,6.78,4.23,196.167096,46.3752,28.9332,28.6794,6450.833333,1.008849558,0.6211453744,0.9017713366,0.00611723385,39.46125603,5.95,0.2044487906,Ideal
0.42,62.2,54,1087 €,4.82,4.8,2.99,69.17664,23.136,14.4118,14.352,2588.095238,1.004166667,0.6216216216,0.8681672026,0.006071413703,15.71339689,4.203333333,0.2041225406,Ideal
0.76,61.7,54,2954 €,5.88,5.92,3.64,126.706944,34.8096,21.4032,21.5488,3886.842105,0.9932432432,0.6169491525,0.8752025932,0.005998092733,23.31363939,5.146666667,0.207027078,Ideal
0.32,62,60,624 €,4.43,4.38,2.73,52.971282,19.4034,12.0939,11.9574,1950,1.011415525,0.6197502838,0.9677419355,0.006041009164,11.77996787,3.846666667,0.2053378789,Premium
1.66,61.5,57,14859 €,7.62,7.59,4.68,270.671544,57.8358,35.6616,35.5212,8951.204819,1.003952569,0.6153846154,0.9268292683,0.006132894413,54.89679403,6.63,0.2079807866,Ideal
0.31,62.8,57,628 €,4.32,4.28,2.7,49.92192,18.4896,11.664,11.556,2025.806452,1.009345794,0.6279069767,0.9076433121,0.006209697063,12.57964437,3.766666667,0.2002895547,Ideal
1.01,62.2,54,3439 €,6.44,6.42,4,165.3792,41.3448,25.76,25.68,3404.950495,1.003115265,0.6220839813,0.8681672026,0.006107176719,20.79463439,5.62,0.2038331111,Ideal
0.42,62.2,56,1142 €,4.79,4.82,2.99,69.032522,23.0878,14.3221,14.4118,2719.047619,0.9937759336,0.6222684703,0.9003215434,0.006084088888,16.5429274,4.2,0.2037349663,Ideal
1.71,61.9,57,16384 €,7.73,7.62,4.75,279.78735,58.9026,36.7175,36.195,9581.28655,1.014435696,0.6188925081,0.9208400646,0.006111784539,58.558759,6.7,0.2059088524,Ideal
0.33,62.1,55,666 €,4.43,4.46,2.76,54.531528,19.7578,12.2268,12.3096,2018.181818,0.9932735426,0.6209223847,0.885668277,0.00605154508,12.21311825,3.883333333,0.2045693646,Ideal
2.01,60.8,59,12423 €,8.08,8,4.89,316.0896,64.64,39.5112,39.12,6180.597015,1.01,0.6082089552,0.9703947368,0.006358956448,39.30214724,6.99,0.2124868902,Premium
0.46,61.1,55,1130 €,4.97,5.01,3.05,75.944085,24.8997,15.1585,15.2805,2456.521739,0.9920159681,0.6112224449,0.9001636661,0.006057087922,14.87936816,4.343333333,0.210591839,Ideal
1.09,59,61,4090 €,6.78,6.75,3.98,182.1447,45.765,26.9844,26.865,3752.293578,1.004444444,0.5883222469,1.033898305,0.005984253179,22.45467477,5.836666667,0.2249432409,Premium
0.35,59.5,58,984 €,4.62,4.59,2.74,58.103892,21.2058,12.6588,12.5766,2811.428571,1.006535948,0.5950054289,0.974789916,0.006023692871,16.93518224,3.983333333,0.2207334063,Premium
1.01,62.3,59,5139 €,6.38,6.3,3.95,158.7663,40.194,25.201,24.885,5088.118812,1.012698413,0.6230283912,0.9470304976,0.006361551538,32.36833005,5.543333333,0.2033307424,Premium
0.34,61.8,58,596 €,4.47,4.5,2.77,55.71855,20.115,12.3819,12.465,1752.941176,0.9933333333,0.6176142698,0.9385113269,0.006102097057,10.69661719,3.913333333,0.2066145273,Premium
0.31,62.2,55,489 €,4.35,4.39,2.72,51.94248,19.0965,11.832,11.9408,1577.419355,0.9908883827,0.6224256293,0.884244373,0.005968140143,9.414259774,3.82,0.2036620053,Ideal
1.02,62.3,56,6796 €,6.46,6.51,4.04,169.900584,42.0546,26.0984,26.3004,6662.745098,0.9923195084,0.6229760987,0.8988764045,0.006003510853,39.99986251,5.67,0.2033094872,Ideal
0.5,62,58,1676 €,5.09,5.07,3.15,81.289845,25.8063,16.0335,15.9705,3352,1.003944773,0.6200787402,0.935483871,0.006150829787,20.61758145,4.436666667,0.2050745369,Premium
0.93,62.7,54,4265 €,6.25,6.2,3.9,151.125,38.75,24.375,24.18,4586.021505,1.008064516,0.6265060241,0.8612440191,0.006153846154,28.2216708,5.45,0.2011386379,Ideal
1.6,62.1,56,9275 €,7.43,7.51,4.64,258.908752,55.7993,34.4752,34.8464,5796.875,0.9893475366,0.6211512718,0.9017713366,0.00617978337,35.82343172,6.526666667,0.2044649405,Ideal
0.72,61.2,57,3352 €,5.76,5.77,3.53,117.320256,33.2352,20.3328,20.3681,4655.555556,0.9982668977,0.6123156982,0.931372549,0.006137047638,28.57136623,5.02,0.2098798831,Ideal
1.56,61.3,56,16052 €,7.48,7.44,4.57,254.325984,55.6512,34.1836,34.0008,10289.74359,1.005376344,0.6126005362,0.9135399674,0.006133860078,63.11584742,6.496666667,0.2097163054,Ideal
1.33,60.2,60,9992 €,7.2,7.12,4.31,220.94784,51.264,31.032,30.6872,7512.781955,1.011235955,0.6019553073,0.9966777409,0.006019520263,45.22334321,6.21,0.2164089852,Premium
1.03,61,58,4038 €,6.52,6.47,3.96,167.050224,42.1844,25.8192,25.6212,3920.38835,1.007727975,0.6096997691,0.9508196721,0.006165810349,24.17237106,5.65,0.2115371298,Premium
0.57,61.6,57,1571 €,5.37,5.34,3.3,94.63014,28.6758,17.721,17.622,2756.140351,1.005617978,0.6162464986,0.9253246753,0.006023450879,16.60147602,4.67,0.2074547554,Ideal
1.51,61.3,56,9833 €,7.4,7.44,4.55,250.5048,55.056,33.67,33.852,6511.92053,0.9946236559,0.6132075472,0.9135399674,0.006027828608,39.25274087,6.463333333,0.2093392763,Ideal
0.52,61.7,53,1893 €,5.19,5.25,3.22,958.2823119,27.2475,16.7118,16.905,3640.384615,0.9885714286,0.6168582375,0.8589951378,0.005926807349,21.57585829,4.553333333,0.2071289574,Ideal
0.3,61.8,55,844 €,4.35,4.33,2.68,50.47914,18.8355,11.658,11.6044,2813.333333,1.004618938,0.6175115207,0.8899676375,0.005943048951,16.71977771,3.786666667,0.2066656955,Ideal
0.32,61.5,55,808 €,4.43,4.45,2.73,53.817855,19.7135,12.0939,12.1485,2525,0.995505618,0.6148648649,0.8943089431,0.005945982054,15.01360469,3.87,0.2083057056,Ideal
0.33,61.6,57,668 €,4.46,4.41,2.73,53.695278,19.6686,12.1758,12.0393,2024.242424,1.011337868,0.6155580609,0.9253246753,0.006145791814,12.44057252,3.866666667,0.2079320352,Ideal
0.43,62.2,55,1129 €,4.84,4.81,3,69.8412,23.2804,14.52,14.43,2625.581395,1.006237006,0.621761658,0.884244373,0.006156824339,16.16524344,4.216666667,0.2040475313,Premium
0.7,61.5,57,2354 €,5.74,5.68,3.51,114.437232,32.6032,20.1474,19.9368,3362.857143,1.01056338,0.6147110333,0.9268292683,0.006116890349,20.5702284,4.976666667,0.2084485954,Premium
0.33,61.7,54,868 €,4.47,4.48,2.76,55.270656,20.0256,12.3372,12.3648,2630.30303,0.9977678571,0.6167597765,0.8752025932,0.005970618478,15.70453588,3.903333333,0.2071227312,Ideal
1.3,60.2,59,7002 €,7,7.05,4.23,208.7505,49.35,29.61,29.8215,5386.153846,0.9929078014,0.6021352313,0.9800664452,0.006227529994,33.54243463,6.093333333,0.2162582732,Premium
1.27,62.1,55,8256 €,6.92,6.96,4.31,870.9081483,48.1632,29.8252,29.9976,6500.787402,0.9942528736,0.621037464,0.885668277,0.006118023161,39.77196788,6.063333333,0.2044917146,Ideal
0.37,60.1,59,649 €,4.64,4.68,2.8,,21.7152,12.992,13.104,1754.054054,0.9914529915,0.6008583691,0.9816971714,0.006085270094,10.67389268,4.04,0.2170704113,Premium
0.33,60.3,59,,4.52,4.44,2.7,54.18576,20.0688,12.204,11.988,2587.878788,1.018018018,0.6026785714,0.9784411277,0.006090160957,15.76059836,3.886666667,0.2160554223,Premium
0.37,62.4,58,681 €,4.55,4.58,2.85,59.39115,20.839,12.9675,13.053,1840.540541,0.9934497817,0.6243154436,0.9294871795,0.006229884419,11.46635484,3.993333333,0.2024753381,Premium
0.7,62.6,59,3136 €,5.66,5.62,3.53,112.286476,31.8092,19.9798,19.8386,4480,1.007117438,0.6258865248,0.9424920128,0.006234054402,27.92856372,4.936666667,0.201512001,Premium
0.31,62,56,756 €,4.38,4.36,2.71,51.752328,19.0968,11.8698,11.8156,2438.709677,1.004587156,0.6201372998,0.9032258065,0.005990068698,14.6080385,3.816666667,0.2050412489,Ideal
0.3,62.2,56,621 €,4.31,4.34,2.69,50.317526,18.7054,11.5939,11.6746,2070,0.9930875576,0.6219653179,0.9003215434,0.005962137328,12.34162427,3.78,0.2039269031,Ideal
1.28,62.2,57,8774 €,6.99,6.94,4.33,210.050898,48.5106,30.2667,30.0502,6854.6875,1.007204611,0.6216798277,0.9163987138,0.006093761142,41.77082833,6.086666667,0.2041049213,Ideal
1.01,61.3,59,5006 €,6.48,6.44,3.96,165.255552,41.7312,25.6608,25.5024,4956.435644,1.00621118,0.613003096,0.9624796085,0.006111746249,30.29247695,5.626666667,0.2094711671,Premium
2.28,62.5,58,15413 €,8.39,8.33,5.23,365.517901,69.8887,43.8797,43.5659,6760.087719,1.007202881,0.6255980861,0.928,0.006237724592,42.16756541,7.316666667,0.2016901309,Premium
1.04,61.4,56,4892 €,6.56,6.5,4.01,170.9864,42.64,26.3056,26.065,4703.846154,1.009230769,0.6140888208,0.9120521173,0.006082355088,28.61046259,5.69,0.2088210727,Ideal
0.51,62.2,55,1656 €,5.11,5.14,3.19,83.786626,26.2654,16.3009,16.3966,3247.058824,0.9941634241,0.6224390244,0.884244373,0.006086890287,19.76449082,4.48,0.2036272245,Ideal
0.44,61.6,61,990 €,4.88,4.83,2.99,70.475496,23.5704,14.5912,14.4417,2250,1.010351967,0.6158599382,0.9902597403,0.006243304765,14.04743572,4.233333333,0.2077337871,Premium
0.53,62.4,54,1659 €,5.18,5.21,3.24,87.440472,26.9878,16.7832,16.8804,3130.188679,0.9942418426,0.6236766121,0.8653846154,0.006061266458,18.97290765,4.543333333,0.202863657,Ideal
0.31,62.5,57,1046 €,4.4,4.3,2.72,51.4624,18.92,11.968,11.696,3374.193548,1.023255814,0.6252873563,0.912,0.006023815446,20.32551921,3.806666667,0.2021382988,Premium
0.57,61,60,1320 €,5.36,5.32,3.26,92.959552,28.5152,17.4736,17.3432,2315.789474,1.007518797,0.6104868914,0.9836065574,0.006131699086,14.1997242,4.646666667,0.2110453463,Premium
1,59.7,60,8124 €,6.45,6.42,3.84,159.01056,41.409,24.768,24.6528,8124,1.004672897,0.5967365967,1.005025126,0.006288890499,51.09094641,5.57,0.2196330412,Premium
0.3,62.6,56,844 €,4.34,4.29,2.7,50.27022,18.6186,11.718,11.583,2813.333333,1.011655012,0.6257242178,0.8945686901,0.005967747903,16.7892641,3.776666667,0.2016571668,Ideal
0.71,61.5,60,2432 €,5.7,5.74,3.52,115.16736,32.718,20.064,20.2048,3425.352113,0.9930313589,0.6153846154,0.9756097561,0.006164941178,21.11709429,4.986666667,0.2079983628,Ideal
0.54,62.6,57,1389 €,5.21,5.18,3.25,1039.007704,26.9878,16.9325,16.835,2572.222222,1.005791506,0.6256015399,0.910543131,0.006156628038,15.83621545,4.546666667,0.2016782086,Ideal
1.12,60.6,59,6052 €,6.77,6.7,4.08,855.401411,45.359,27.6216,27.336,5403.571429,1.010447761,0.6057906459,0.9735973597,0.006051936858,32.70207309,5.85,0.2140008914,Premium
,62.8,55,2656 €,5.94,5.88,3.71,129.579912,34.9272,22.0374,21.8148,3362.025316,1.010204082,0.627749577,0.8757961783,0.006096623989,20.4970042,5.176666667,0.2003952047,Premium
1.11,61.2,54,10053 €,6.71,6.73,4.11,185.600613,45.1583,27.5781,27.6603,9056.756757,0.9970282318,0.6116071429,0.8823529412,0.005980583696,54.16469179,5.85,0.2103235711,Ideal
1,62.7,56,5755 €,6.39,6.43,4.02,165.172554,41.0877,25.6878,25.8486,5755,0.9937791602,0.6271450858,0.8931419458,0.00605427461,34.84235038,5.613333333,0.2007319138,Ideal
0.31,62.7,58,942 €,4.31,4.3,2.7,50.0391,18.533,11.637,11.61,3038.709677,1.002325581,0.6271777003,0.9250398724,0.006195155388,18.82527863,3.77,0.2006937055,Premium
0.56,60.3,56,2318 €,5.39,5.35,3.24,93.43026,28.8365,17.4636,17.334,4139.285714,1.007476636,0.6033519553,0.9286898839,0.005993775464,24.80994915,4.66,0.2154988005,Ideal
0.32,61.7,55,828 €,4.41,4.37,2.71,52.226307,19.2717,11.9511,11.8427,2587.5,1.009153318,0.6173120729,0.8914100486,0.006127180312,15.85407906,3.83,0.2068219154,Ideal
0.3,62.3,54,615 €,4.31,4.33,2.69,50.201587,18.6623,11.5939,11.6477,2050,0.9953810624,0.6226851852,0.8667736758,0.005975906698,12.25060873,3.776666667,0.2034685124,Ideal
0.33,61.9,59,854 €,4.45,4.43,2.75,54.212125,19.7135,12.2375,12.1825,2587.878788,1.004514673,0.6193693694,0.9531502423,0.006087199128,15.7529335,3.876666667,0.2055156009,Premium
0.3,61.3,58,873 €,4.29,4.33,2.64,49.039848,18.5757,11.3256,11.4312,2910,0.9907621247,0.6125290023,0.9461663948,0.0061174741,17.80184963,3.753333333,0.2097908255,Ideal
1.25,63,62,5947 €,6.86,6.82,4.3,201.17636,46.7852,29.498,29.326,4757.6,1.005865103,0.6286549708,0.9841269841,0.006213453708,29.56112736,5.993333333,0.1998018075,Premium
0.3,61.5,56,789 €,4.31,4.34,2.66,49.756364,18.7054,11.4646,11.5444,2630,0.9930875576,0.6150289017,0.9105691057,0.006029379478,15.85726803,3.77,0.2082185879,Ideal
1.91,62.2,55,12816 €,7.94,7.9,4.93,309.23918,62.726,39.1442,38.947,6709.947644,1.005063291,0.6224747475,0.884244373,0.006176448922,41.44364889,6.923333333,0.2036004974,Ideal
0.38,60,59,641 €,4.71,4.69,2.82,62.293518,22.0899,13.2822,13.2258,1686.842105,1.004264392,0.6,0.9833333333,0.006100153149,10.28999518,4.073333333,0.2175805508,Premium
0.33,62,56,928 €,4.48,4.46,2.77,55.346816,19.9808,12.4096,12.3542,2812.121212,1.004484305,0.6196868009,0.9032258065,0.005962402607,16.76699885,3.903333333,0.2053192004,Ideal
1.01,60.3,59,4191 €,6.45,6.42,3.88,160.66692,41.409,25.026,24.9096,4149.50495,1.004672897,0.602952603,0.9784411277,0.006286297142,26.08502111,5.583333333,0.2157314899,Premium
0.5,62,56,2016 €,5.08,5.05,3.14,80.55356,25.654,15.9512,15.857,4032,1.005940594,0.61994077,0.9032258065,0.006207050315,25.02682687,4.423333333,0.2051702368,Ideal
0.71,63,58,2572 €,5.67,5.6,3.55,112.7196,31.752,20.1285,19.88,3622.535211,1.0125,0.6299911269,0.9206349206,0.006298815823,22.81768211,4.94,0.1990473248,Premium
0.77,61.3,55,2723 €,5.9,-3.212,3.6,124.254,34.515,21.24,21.06,3536.363636,1.008547009,0.6127659574,0.8972267537,0.006196983598,21.91478745,5.116666667,0.2096363897,Premium
1.58,61,57,13557 €,7.55,7.5,4.59,259.90875,56.625,34.6545,34.425,8580.379747,1.006666667,0.6099667774,0.9344262295,0.006079056592,52.16061406,6.546666667,0.2113629588,Ideal
0.93,61.7,60,3802 €,6.25,6.2,3.84,148.8,38.75,24,23.808,4088.172043,1.008064516,0.6168674699,0.9724473258,0.00625,25.55107527,5.43,0.2070874894,Premium
0.9,62.4,56,3498 €,6.15,6.18,3.85,146.32695,38.007,23.6775,23.793,3886.666667,0.9951456311,0.6244931062,0.8974358974,0.006150609987,23.90537082,5.393333333,0.202355412,Ideal
1.54,61.3,59,10219 €,7.41,7.38,4.53,247.726674,54.6858,33.5673,33.4314,6635.714286,1.004065041,0.6125760649,0.9624796085,0.006216528786,41.25110887,6.44,0.209725075,Premium
2.02,63,58,8640 €,8.07,8.02,5.07,328.137498,64.7214,40.9149,40.6614,4277.227723,1.006234414,0.6302050963,0.9206349206,0.006155956001,26.33042567,7.053333333,0.1988530709,Premium
1.08,61.3,56,6203 €,6.63,6.72,4.09,182.224224,44.5536,27.1167,27.4848,5743.518519,0.9866071429,0.6127340824,0.9135399674,0.005926764161,34.04047971,5.813333333,0.2097135006,Ideal
0.51,61.6,56,1933 €,5.12,5.16,3.17,83.748864,26.4192,16.2304,16.3572,3790.196078,0.992248062,0.6167315175,0.9090909091,0.00608963484,23.08091009,4.483333333,0.2071696215,Ideal
0.33,61.1,58,579 €,4.43,4.47,2.72,53.861712,19.8021,12.0496,12.1584,1754.545455,0.9910514541,0.6112359551,0.9492635025,0.006126801168,10.74975114,3.873333333,0.2105920734,Premium
0.31,61.3,57,652 €,4.34,4.4,2.68,51.17728,19.096,11.6312,11.792,2103.225806,0.9863636364,0.6132723112,0.9298531811,0.00605737546,12.74002839,3.806666667,0.2093826927,Ideal
0.51,61,55,1100 €,5.18,5.21,3.17,85.551326,26.9878,16.4206,16.5157,2156.862745,0.9942418426,0.6102021174,0.9016393443,0.005961333668,12.8577785,4.52,0.2112107785,Ideal
0.4,62.2,56,1050 €,4.75,4.71,2.94,65.77515,22.3725,13.965,13.8474,2625,1.008492569,0.621564482,0.9003215434,0.006081324026,15.96347557,4.133333333,0.204186796,Ideal
1.05,62.7,59,5468 €,6.49,6.43,4.05,169.009335,41.7307,26.2845,26.0415,5207.619048,1.00933126,0.6269349845,0.9409888357,0.006212674584,32.3532425,5.656666667,0.2008866699,Premium
1.23,59.6,60,8293 €,6.99,6.94,4.15,201.31899,48.5106,29.0085,28.801,6742.276423,1.007204611,0.5958363245,1.006711409,0.006109706789,41.19333203,6.026666667,0.2202147199,Premium
0.79,60,60,2853 €,6.07,6.03,3.63,132.865623,36.6021,22.0341,21.8889,3611.392405,1.006633499,0.6,1,0.005945857041,21.47282296,5.243333333,0.2175936068,Premium
0.33,62.1,58,694 €,4.39,4.43,2.74,53.286698,19.4477,12.0286,12.1382,2103.030303,0.9909706546,0.6213151927,0.9339774557,0.006192915162,13.02388825,3.853333333,0.2043464269,Premium
0.31,60.8,56,707 €,4.38,4.4,2.67,51.45624,19.272,11.6946,11.748,2280.645161,0.9954545455,0.6082004556,0.9210526316,0.006024536577,13.73983019,3.816666667,0.2124515857,Ideal
1.01,61.8,60,4642 €,6.48,6.43,3.99,166.248936,41.6664,25.8552,25.6557,4596.039604,1.00777605,0.6181254841,0.9708737864,0.006075226851,27.92198321,5.633333333,0.2063061686,Premium
1.15,61.3,57,5216 €,6.78,6.71,4.13,187.889394,45.4938,28.0014,27.7123,4535.652174,1.010432191,0.6123054114,0.9298531811,0.006120622221,27.76101348,5.873333333,0.2099410935,Ideal
0.7,61,60,2492 €,5.75,5.72,3.5,115.115,32.89,20.125,20.02,3560,1.005244755,0.6102877071,0.9836065574,0.006080875646,21.6479173,4.99,0.2111543661,Premium
1.59,61.1,55,9972 €,7.54,7.48,4.59,258.872328,56.3992,34.6086,34.3332,6271.698113,1.00802139,0.6111850866,0.9001636661,0.006142023801,38.52091908,6.536666667,0.2106148588,Ideal
1.12,62.4,58,4065 €,6.58,6.63,4.12,179.736648,43.6254,27.1096,27.3156,3629.464286,0.9924585219,0.6237698713,0.9294871795,0.006231339087,22.61642267,5.776666667,0.2028190533,Premium
0.31,61.7,56,523 €,4.38,4.34,2.69,51.134748,19.0092,11.7822,11.6746,1687.096774,1.00921659,0.6169724771,0.9076175041,0.006062413762,10.2278787,3.803333333,0.2070328392,Ideal
0.9,62.6,58,3387 €,6.12,6.08,3.82,142.140672,37.2096,23.3784,23.2256,3763.333333,1.006578947,0.6262295082,0.9265175719,0.006331755629,23.82850702,5.34,0.20129707,Premium
0.41,61.7,56,1439 €,4.79,4.83,2.97,68.713029,23.1357,14.2263,14.3451,3509.756098,0.9917184265,0.6174636175,0.9076175041,0.005966845094,20.94217095,4.196666667,0.2067207363,Ideal
0.3,62.2,55,624 €,4.28,4.31,2.67,49.252956,18.4468,11.4276,11.5077,2080,0.9930394432,0.621653085,0.884244373,0.006091004974,12.66929035,3.753333333,0.2041199593,Ideal
1.55,61.5,56,13291 €,7.4,7.36,4.54,247.26656,54.464,33.596,33.4144,8574.83871,1.005434783,0.6151761518,0.9105691057,0.006268538698,53.75170828,6.433333333,0.2081173722,Ideal
0.5,61.9,54,1370 €,5.12,5.15,3.18,83.85024,26.368,16.2816,16.377,2740,0.9941747573,0.6192794547,0.8723747981,0.005963012151,16.33865329,4.483333333,0.205578561,Ideal
1.26,62.7,58,9896 €,6.86,6.93,4.32,205.371936,47.5398,29.6352,29.9376,7853.968254,0.9898989899,0.6265409717,0.9250398724,0.006135210217,48.18574627,6.036666667,0.2011379876,Premium
0.61,61.8,52,2601 €,5.46,5.55,3.4,103.0302,30.303,18.564,18.87,4263.934426,0.9837837838,0.6176203451,0.8414239482,0.005920594156,25.24502525,4.803333333,0.2067286294,Ideal
1.19,59.3,59,4591 €,6.98,6.88,4.11,197.372064,48.0224,28.6878,28.2768,3857.983193,1.014534884,0.5930735931,0.9949409781,0.006029222048,23.26063733,5.99,0.2220346358,Premium
0.4,61.6,56,1125 €,4.78,4.73,2.93,66.245542,22.6094,14.0054,13.8589,2812.5,1.010570825,0.6161934805,0.9090909091,0.006038142159,16.98227482,4.146666667,0.2075294316,Ideal
0.71,62,61,3062 €,5.71,5.65,3.52,113.56048,32.2615,20.0992,19.888,4312.676056,1.010619469,0.6197183099,0.9838709677,0.006252175052,26.96360565,4.96,0.2053484577,Premium
0.39,63,61,834 €,4.65,4.62,2.92,62.73036,21.483,13.578,13.4904,2138.461538,1.006493506,0.6299892125,0.9682539683,0.006217085316,13.29499783,4.063333333,0.1989872478,Premium
1.5,61.8,56,12389 €,7.27,7.34,4.52,241.195336,53.3618,32.8604,33.1768,8259.333333,0.9904632153,0.6187542779,0.9061488673,0.006219025728,51.36500649,6.376666667,0.2059340166,Ideal
0.81,62.1,57,3050 €,5.97,5.91,3.69,1039.007704,35.2827,22.0293,21.8079,3765.432099,1.010152284,0.6212121212,0.9178743961,0.006221524858,23.42672941,5.19,0.2044206121,Ideal
0.84,61.8,56,3246 €,6.04,6.06,3.74,136.892976,36.6024,22.5896,22.6644,3864.285714,0.99669967,0.6181818182,0.9061488673,0.006136180428,23.71195437,5.28,0.2062452752,Ideal
1.03,60.6,60,5076 €,6.52,6.46,3.93,165.528456,42.1192,25.6236,25.3878,4928.15534,1.009287926,0.6055469954,0.9900990099,0.006222495062,30.66542226,5.636666667,0.2141414796,Premium
0.32,62.5,60,720 €,4.38,4.32,2.72,51.466752,18.9216,11.9136,11.7504,2250,1.013888889,0.6252873563,0.96,0.006217606271,13.98961411,3.806666667,0.2019561375,Premium
,60.5,57,11305 €,7.68,7.62,4.64,271.540224,58.5216,35.6352,35.3568,6893.292683,1.007874016,0.6065359477,0.9421487603,0.006039620856,41.63287425,6.646666667,0.213511387,Ideal
0.39,60.2,59,1024 €,4.76,4.74,2.86,64.528464,22.5624,13.6136,13.5564,2625.641026,1.004219409,0.6021052632,0.9800664452,0.006043844465,15.86896598,4.12,0.2162601836,Premium
0.72,62.7,55,2647 €,5.7,5.72,3.58,116.72232,32.604,20.406,20.4776,3676.388889,0.9965034965,0.6269702277,0.8771929825,0.006168486027,22.67775349,5,0.2008249652,Ideal
1.21,61.7,56,12111 €,6.82,6.85,4.22,197.14574,46.717,28.7804,28.907,10009.09091,0.995620438,0.6174103877,0.9076175041,0.006137591408,61.43171037,5.963333333,0.2067272769,Ideal
0.31,61.7,56,34958.58556 €,4.34,4.38,2.69,1039.007704,19.0092,11.6746,11.7822,1316.129032,0.9908675799,0.6169724771,0.9076175041,0.006062413762,7.978918758,3.803333333,0.2070328392,Ideal
0.72,60.4,61,1579 €,5.87,5.82,3.53,120.596802,34.1634,20.7211,20.5446,2193.055556,1.008591065,0.6039349872,1.009933775,0.005970307571,13.09321619,5.073333333,0.2151430393,Premium
0.9,62,55,3599 €,6.23,6.15,3.84,147.12768,38.3145,23.9232,23.616,3998.888889,1.01300813,0.620355412,0.8870967742,0.00611713581,24.46174642,5.406666667,0.2049843318,Ideal
1.77,61.3,59,9704 €,7.83,7.71,4.76,287.357868,60.3693,37.2708,36.6996,5482.485876,1.015564202,0.6126126126,0.9624796085,0.006159566858,33.7697383,6.766666667,0.2098186795,Premium
0.37,61.5,57,681 €,4.6,4.63,2.84,60.48632,21.298,13.064,13.1492,1840.540541,0.9935205184,0.6153846154,0.9268292683,0.006117085648,11.25874413,4.023333333,0.2079948599,Ideal
0.32,60.9,56,813 €,4.41,4.43,2.69,52.552647,19.5363,11.8629,11.9167,2540.625,0.9954853273,0.6085972851,0.9195402299,0.006089131914,15.47020077,3.843333333,0.2122039965,Ideal
,61.9,56,707 €,4.42,4.47,2.75,54.33285,19.7574,12.155,12.2925,2209.375,0.9888143177,0.6186726659,0.9046849758,0.005889622944,13.01238569,3.88,0.206002926,Ideal
2.2,61.2,59,17265 €,8.42,8.37,0,0,70.4754,0,0,7847.727273,1.005973716,0,0.9640522876,,,5.596666667,0.7071161873,Premium
1.22,error,54,6459 €,6.82,6.86,4.26,199.304952,46.7852,29.0532,29.2236,5294.262295,0.9941690962,0.6228070175,0.8667736758,0.006121272892,32.40762427,5.98,0.2034002153,Ideal
0.39,60,56,1018 €,4.77,4.79,2.87,65.574621,22.8483,13.6899,13.7473,2610.25641,0.9958246347,0.60041841,0.9333333333,0.00594742286,15.52429865,4.143333333,0.2173176964,Ideal
1.5,61.1,59,3599 €,7.37,7.26,4.47,239.172714,53.5062,32.9439,32.4522,2399.333333,1.015151515,0.6110731374,0.9656301146,0.006271618426,15.04770314,6.366666667,0.2107692402,Premium
1.19,60.2,57,5717 €,6.84,6.87,4.13,194.072004,46.9908,28.2492,28.3731,4804.201681,0.9956331878,0.6024799416,0.9468438538,0.006131744793,29.45813864,5.946666667,0.2160261832,Ideal
1.6,61.5,53,16300 €,7.57,7.69,4.66,271.273978,58.2133,35.2762,35.8354,10187.5,0.9843953186,0.6107470511,0.8617886179,0.005898096131,60.08685433,6.64,0.2109831722,Ideal
0.3,61.8,59,1013 €,4.33,4.28,2.66,49.296184,18.5324,11.5178,11.3848,3376.666667,1.011682243,0.6178861789,0.9546925566,0.00608566375,20.54925793,3.756666667,0.206493979,Premium
0.55,59.1,60,1664 €,5.35,5.31,3.15,89.486775,28.4085,16.8525,16.7265,3025.454545,1.007532957,0.5909943715,1.015228426,0.006146159586,18.59492646,4.603333333,0.223271164,Premium
2.01,61.2,57.2,18705 €,8.08,8.14,4.97,326.882864,65.7712,40.1576,40.4558,9305.970149,0.9926289926,0.6128236745,0.9346405229,0.006148991646,57.22233271,7.063333333,0.209591249,Premium
0.32,61.6,55,,4.43,4.4,2.72,53.01824,19.492,12.0496,11.968,2925,1.006818182,0.6160815402,0.8928571429,0.006035658671,17.65430161,3.85,0.2075648106,Ideal
0.31,61.5,57,671 €,4.32,4.36,2.67,50.289984,18.8352,11.5344,11.6412,2164.516129,0.9908256881,0.6152073733,0.9268292683,0.006164249326,13.34261709,3.783333333,0.2081272859,Ideal
0.34,60.8,59,765 €,4.53,4.48,2.74,55.606656,20.2944,12.4122,12.2752,2250,1.011160714,0.6082130966,0.9703947368,0.006114375948,13.75734588,3.916666667,0.2124968511,Premium
0.33,61.4,57,932 €,4.49,4.47,2.75,,20.0703,12.3475,12.2925,2824.242424,1.004474273,0.6138392857,0.9283387622,0.005978983872,16.8860999,3.903333333,0.2089421076,Ideal
2.02,62.1,61,16985 €,8.06,7.99,4.98,320.709012,64.3994,40.1388,39.7902,8408.415842,1.008760951,0.6205607477,0.9822866345,0.006298544551,52.96078178,7.01,0.2048090165,Premium
0.31,59.2,60,698 €,4.47,4.42,2.63,51.961962,19.7574,11.7561,11.6246,2251.612903,1.011312217,0.5916760405,1.013513514,0.005965902519,13.43290309,3.84,0.2228756939,Premium
1.29,61.1,62,4291 €,7,6.94,4.26,206.9508,48.58,29.82,29.5644,3326.356589,1.008645533,0.6111908178,1.014729951,0.006233365612,20.73439677,6.066666667,0.2106166586,Premium
1.76,62,58,11177 €,7.74,7.7,4.79,285.47442,59.598,37.0746,36.883,6350.568182,1.005194805,0.6204663212,0.935483871,0.00616517585,39.15236959,6.743333333,0.2048410938,Premium
0.38,58.8,61,1117 €,4.74,4.71,2.78,62.064612,22.3254,13.1772,13.0938,2939.473684,1.006369427,0.5883597884,1.037414966,0.006122651665,17.99737345,4.076666667,0.2249297436,Premium
0.32,61.9,57,756 €,4.4,4.36,2.71,51.98864,19.184,11.924,11.8156,2362.5,1.009174312,0.6187214612,0.9208400646,0.006155190826,14.54163833,3.823333333,0.2059498427,Ideal
1.02,61.4,60,3769 €,6.42,6.47,3.96,164.488104,41.5374,25.4232,25.6212,3695.098039,0.9922720247,0.6144297905,0.9771986971,0.006201056339,22.91351112,5.616666667,0.208596688,Premium
0.3,62.6,58,878 €,4.29,4.27,2.68,49.093044,18.3183,11.4972,11.4436,2926.666667,1.004683841,0.6261682243,0.9265175719,0.006110845357,17.88440741,3.746666667,0.2013233344,Premium
1.02,62,55,6968 €,6.4,6.53,4.01,167.58592,41.792,25.664,26.1853,6831.372549,0.9800918836,0.6202629544,0.8870967742,0.006086430173,41.578672,5.646666667,0.2051678349,Ideal
1.52,61.2,60,14293 €,7.37,7.4,4.52,246.51176,54.538,33.3124,33.448,9403.289474,0.9959459459,0.6120514557,0.9803921569,0.006166034432,57.98100667,6.43,0.2100512415,Premium
0.34,60.2,60,803 €,4.54,4.5,2.72,55.5696,20.43,12.3488,12.24,2361.764706,1.008888889,0.6017699115,0.9966777409,0.006118453255,14.45034695,3.92,0.2165013413,Premium
2.26,62.4,57,16904 €,8.43,8.37,5.24,882.9001177,70.5591,44.1732,43.8588,7479.646018,1.007168459,0.6238095238,0.9134615385,0.006112573855,45.7198887,7.346666667,0.2027912427,Ideal
1.74,59.9,59,10874 €,7.88,7.8,4.7,288.8808,61.464,37.036,36.66,6249.425287,1.01025641,0.5994897959,0.9849749583,0.006023245574,37.6418232,6.793333333,0.2179446213,Premium
1.2,58.2,59,5268 €,6.98,6.9,4.04,194.57448,48.162,28.1992,27.876,4390,1.011594203,0.5821325648,1.013745704,0.00616730416,27.07446526,5.973333333,0.2289279881,Premium
0.32,61.2,59,730 €,4.39,4.44,2.7,52.62732,19.4916,11.853,11.988,2281.25,0.9887387387,0.6115515289,0.9640522876,0.006080492033,13.87112245,3.843333333,0.2104205735,Premium
2.25,60.1,60,18034 €,8.55,8.51,5.13,373.261365,72.7605,43.8615,43.6563,8015.111111,1.004700353,0.6014067995,0.9983361065,0.006027947736,48.31467087,7.396666667,0.2167001204,Premium
1.17,62.4,53,5423 €,6.74,6.76,4.21,191.817704,45.5624,28.3754,28.4596,4635.042735,0.9970414201,0.6237037037,0.8493589744,0.00609954126,28.27163441,5.903333333,0.2028337642,Ideal
0.62,61.1,56,2197 €,5.48,5.52,3.36,101.638656,30.2496,18.4128,18.5472,3543.548387,0.9927536232,0.6109090909,0.9165302782,0.006100041307,21.61579154,4.786666667,0.2107808848,Ideal
0.4,62.3,54,1043 €,4.75,4.76,2.96,66.9256,22.61,14.06,14.0896,2607.5,0.9978991597,0.6225026288,0.8667736758,0.005976786163,15.58446992,4.156666667,0.2035720039,Ideal
1.21,63,58,7318 €,6.72,6.67,4.22,189.150528,44.8224,28.3584,28.1474,6047.933884,1.007496252,0.6303211352,0.9206349206,0.00639702153,38.68876327,5.87,0.1987912671,Premium
0.32,unknown,55,972 €,4.41,4.37,2.73,52.611741,19.2717,12.0393,11.9301,3037.5,1.009153318,0.6218678815,0.884244373,0.006082292544,18.4749636,3.836666667,0.2040057011,Ideal
0.51,62.9,56,1125 €,5.08,5.06,3.19,81.998312,25.7048,16.2052,16.1414,2205.882353,1.003952569,0.6291913215,0.8903020668,0.006219640229,13.71979462,4.443333333,0.1994624404,Premium
1.7,61.8,61,11848 €,7.59,7.52,4.67,266.548656,57.0768,35.4453,35.1184,6969.411765,1.009308511,0.6181336863,0.9870550162,0.006377822442,44.44967076,6.593333333,0.2063148009,Premium
0.32,61.4,56,575 €,4.42,4.44,2.72,53.379456,19.6248,12.0224,12.0768,1796.875,0.9954954955,0.6139954853,0.9120521173,0.005994815683,10.77193443,3.86,0.2088453577,Ideal
1.09,62.4,57,,6.55,6.6,4.1,177.243,43.23,26.855,27.06,4921.100917,0.9924242424,0.6235741445,0.9134615385,0.006149749214,30.2635365,5.75,0.2029399544,Ideal
0.35,62.2,56,583 €,4.48,4.52,2.8,56.69888,20.2496,12.544,12.656,1665.714286,0.9911504425,0.6222222222,0.9003215434,0.006172961441,10.28239006,3.933333333,0.203784927,Ideal
0.32,61.2,59,720 €,4.41,4.38,2.69,51.959502,19.3158,11.8629,11.7822,2250,1.006849315,0.6120591581,0.9640522876,0.006158642552,13.85694574,3.826666667,0.2100621992,Premium
0.71,62.4,56,2559 €,5.66,5.71,3.55,114.73103,32.3186,20.093,20.2705,3604.225352,0.9912434326,0.6244503078,0.8974358974,0.006188386873,22.30434086,4.973333333,0.2024106493,Ideal
0.32,61.7,56,639 €,4.39,4.43,2.72,52.897744,19.4477,11.9408,12.0496,1996.875,0.9909706546,0.6167800454,0.9076175041,0.006049407324,12.07991025,3.846666667,0.207151036,Ideal
1.02,63,58,4398 €,6.43,6.37,4.03,165.065173,40.9591,25.9129,25.6711,4311.764706,1.009419152,0.6296875,0.9206349206,0.006179377403,26.64402139,5.61,0.1991973625,Premium
1.01,62.4,56,4242 €,6.42,6.37,3.99,163.172646,40.8954,25.6158,25.4163,4200,1.007849294,0.6239249414,0.8974358974,0.006189762958,25.99700442,5.593333333,0.2027255573,Ideal
0.73,61.2,57,2947 €,5.79,5.81,3.55,119.421645,33.6399,20.5545,20.6255,4036.986301,0.9965576592,0.6120689655,0.931372549,0.006112794712,24.67726851,5.05,0.2100379403,Ideal
0.74,206.83,54,2328 €,5.76,5.73,3.61,119.147328,33.0048,20.7936,20.6853,3145.945946,1.005235602,0.6283724978,0.8598726115,0.006210798114,19.53883515,5.033333333,0.1999714904,Premium
0.38,61.5,53.9,703 €,4.66,4.7,2.89,63.29678,21.902,13.4674,13.583,1850,0.9914893617,0.6175213675,0.8764227642,0.006003464947,11.10641015,4.083333333,0.2066870425,Ideal
0.53,error,57,2830 €,5.23,5.29,3.19,88.256773,27.6667,16.6837,16.8751,5339.622642,0.988657845,0.6064638783,0.9359605911,0.006005204836,32.06552771,4.57,0.2135918484,Ideal
0.27,62.5,57,799 €,4.13,4.1,2.57,43.51781,16.933,10.6141,10.537,2959.259259,1.007317073,0.6245443499,0.912,0.006204356331,18.36029892,3.6,0.2023397095,Ideal
0.38,61.7,54,1038 €,4.66,4.68,2.88,62.809344,21.8088,13.4208,13.4784,2731.578947,0.9957264957,0.6167023555,0.8752025932,0.006050055227,16.52620349,4.073333333,0.2071653669,Ideal
0.56,61.8,56,3270 €,5.28,5.31,3.27,91.680336,28.0368,17.2656,17.3637,5839.285714,0.9943502825,0.6175637394,0.9061488673,0.006108180057,35.66740855,4.62,0.2066391166,Ideal
1.03,59.8,57,5018 €,6.64,6.57,3.95,172.31796,43.6248,26.228,25.9515,4871.84466,1.01065449,0.5980317941,0.9531772575,0.005977322387,29.12058615,5.72,0.218864548,Ideal
1.13,62.5,58,6743 €,6.69,6.59,4.15,182.961465,44.0871,27.7635,27.3485,5967.256637,1.015174507,0.625,0.928,0.006176163926,36.85475518,5.81,0.2021526659,Premium
1.23,61.1,60,6206 €,6.95,6.89,4.23,202.555665,47.8855,29.3985,29.1447,5045.528455,1.008708273,0.6112716763,0.9819967267,0.006072404837,30.6384914,6.023333333,0.2105669149,Premium
0.54,61.4,59,1090 €,5.21,5.24,3.21,87.634284,27.3004,16.7241,16.8204,2018.518519,0.9942748092,0.614354067,0.9609120521,0.006161971952,12.43805449,4.553333333,0.2086293697,Premium
0.36,61.9,56,1013 €,4.59,4.56,2.83,59.233032,20.9304,12.9897,12.9048,2813.888889,1.006578947,0.618579235,0.9046849758,0.006077689894,17.10194406,3.993333333,0.2060163751,Ideal
2.06,61.2,58,5203 €,8.1,8.07,4.95,323.56665,65.367,40.095,39.9465,2525.728155,1.003717472,0.612244898,0.9477124183,0.006366539939,16.08014917,7.04,0.2099295342,Premium
0.9,59.9,59,4158 €,6.29,6.26,3.76,148.051504,39.3754,23.6504,23.5376,4620,1.004792332,0.5992031873,0.9849749583,0.006078965601,28.08482108,5.436666667,0.2180831934,Premium
0.31,61.5,56,687 €,4.38,4.4,2.7,52.0344,19.272,11.826,11.88,2216.129032,0.9954545455,0.6150341686,0.9105691057,0.005957597282,13.2028043,3.826666667,0.2082009093,Ideal
1.53,61,55,15505 €,7.5,7.44,4.56,254.448,55.8,34.2,33.9264,10133.98693,1.008064516,0.6104417671,0.9016393443,0.006013016412,60.93582972,6.5,0.2110778201,Ideal
0.34,61.2,57,1033 €,4.5,4.45,2.74,54.8685,20.025,12.33,12.193,3038.235294,1.011235955,0.6122905028,0.931372549,0.00619663377,18.82683142,3.896666667,0.2099593307,Ideal
0.3,61.6,60,473 €,4.27,4.3,2.64,48.47304,18.361,11.2728,11.352,1576.666667,0.9930232558,0.6161026838,0.974025974,0.006189007333,9.758001561,3.736666667,0.2075532063,Premium
0.36,61.8,59,689 €,4.57,4.55,2.82,58.63767,20.7935,12.8874,12.831,1913.888889,1.004395604,0.6184210526,0.9546925566,0.006139398104,11.75012582,3.98,0.206101634,Premium
0.71,59.7,57,2920 €,5.87,5.78,3.48,118.071528,33.9286,20.4276,20.1144,4112.676056,1.015570934,0.5974248927,0.9547738693,0.006013304071,24.73077167,5.043333333,0.2193101217,Premium
0.81,62.3,58,2951 €,5.95,5.96,3.71,131.56402,35.462,22.0745,22.1116,3643.209877,0.9983221477,0.6230058774,0.9309791332,0.006156698465,22.43014466,5.206666667,0.2032607599,Ideal
0.31,60.9,55,864 €,4.42,4.45,2.7,53.1063,19.669,11.934,12.015,2787.096774,0.993258427,0.6087936866,0.9031198686,0.005837348864,16.26925619,3.856666667,0.2120946944,Ideal
0.3,61.8,56,1013 €,4.33,4.31,2.67,49.828341,18.6623,11.5611,11.5077,3376.666667,1.004640371,0.6180555556,0.9061488673,0.006020670044,20.32979585,3.77,0.2063289955,Ideal
0.9,60.8,60,3662 €,6.21,6.25,3.79,147.099375,38.8125,23.5359,23.6875,4068.888889,0.9936,0.6083467095,0.9868421053,0.006118312875,24.89473528,5.416666667,0.2123710051,Premium
1.03,61.8,57,5491 €,6.53,6.49,4.02,170.366394,42.3797,26.2506,26.0898,5331.067961,1.006163328,0.6175115207,0.9223300971,0.00604579328,32.23053486,5.68,0.2066744441,Premium
0.51,61.6,56,1662 €,5.18,5.15,3.18,84.83286,26.677,16.4724,16.377,3258.823529,1.005825243,0.6156824782,0.9090909091,0.006011821363,19.59146491,4.503333333,0.2078056523,Ideal
,62,56,4377 €,6.84,6.8,4.23,196.74576,46.512,28.9332,28.764,3617.355372,1.005882353,0.6202346041,0.9032258065,0.006150069003,22.24698514,5.956666667,0.2049882893,Ideal
0.3,62.1,57,886 €,4.27,4.3,2.66,48.84026,18.361,11.3582,11.438,2953.333333,0.9930232558,0.6207701284,0.9178743961,0.006142473443,18.14077157,3.743333333,0.2046652486,Ideal
1.54,61.6,57,10740 €,7.4,7.44,4.57,251.60592,55.056,33.818,34.0008,6974.025974,0.9946236559,0.615902965,0.9253246753,0.006120682693,42.68580008,6.47,0.2076664797,Ideal
0.3,62.2,57,1013 €,4.31,4.27,2.67,49.137879,18.4037,11.5077,11.4009,3376.666667,1.009367681,0.6223776224,0.9163987138,0.006105269623,20.61546043,3.75,0.2036933061,Ideal
1,62.6,58,7244 €,6.4,6.37,4,163.072,40.768,25.6,25.48,7244,1.004709576,0.626468285,0.9265175719,0.006132260597,44.42209576,5.59,0.2011389067,Premium
0.3,60.7,58,1013 €,4.36,4.34,2.64,49.955136,18.9224,11.5104,11.4576,3376.666667,1.004608295,0.6068965517,0.9555189456,0.006005388515,20.27819522,3.78,0.2132653653,Premium
1.59,61.3,57,40816.5 €,7.5,7.55,4.61,261.04125,56.625,34.575,34.8055,5971.069182,0.9933774834,0.6126245847,0.9298531811,0.006090991366,36.36973084,6.553333333,0.2097094272,Ideal
0.51,62.7,56,1758 €,5.14,5.1,3.21,84.14694,26.214,16.4994,16.371,3447.058824,1.007843137,0.626953125,0.8931419458,0.006060826454,20.89202531,4.483333333,0.2008618679,Ideal
1.21,58.9,61,4976 €,6.98,6.91,4.09,197.268062,48.2318,28.5482,28.2619,4112.396694,1.010130246,0.588912887,1.03565365,0.00613378561,25.22455967,5.993333333,0.2246101122,Premium
0.32,60.4,61,672 €,4.42,4.39,2.66,51.614108,19.4038,11.7572,11.6774,2100,1.006833713,0.6038592509,1.009933775,0.00619985528,13.01969609,3.823333333,0.2151766499,Premium
0.27,61,55,577 €,4.18,4.2,2.56,44.94336,17.556,10.7008,10.752,2137.037037,0.9952380952,0.6109785203,0.9016393443,0.006007561517,12.83838147,3.646666667,0.2107219603,Ideal
0.41,61.9,58,876 €,4.73,4.71,2.92,65.052636,22.2783,13.8116,13.7532,2136.585366,1.004246285,0.6186440678,0.9369951535,0.006302588568,13.4660185,4.12,0.2059629661,Premium
0.32,61.5,57,1067 €,4.43,4.45,2.73,53.817855,19.7135,12.0939,12.1485,3334.375,0.995505618,0.6148648649,0.9268292683,0.005945982054,19.82613391,3.87,0.2083057056,Ideal
0.92,62.1,54,5886 €,6.26,6.23,3.88,151.319224,38.9998,24.2888,24.1724,6397.826087,1.004815409,0.6212970376,0.8695652174,0.006079862001,38.89789971,5.456666667,0.2043260162,Ideal
0.3,61.3,56,640 €,4.34,4.37,2.67,50.638686,18.9658,11.5878,11.6679,2133.333333,0.9931350114,0.6130884041,0.9135399674,0.00592432434,12.63855859,3.793333333,0.2094229436,Ideal
0.42,61.8,61,778 €,4.84,4.8,2.98,69.23136,23.232,14.4232,14.304,1852.380952,1.008333333,0.6182572614,0.9870550162,0.006066614898,11.23768188,4.206666667,0.2062293241,Premium
0.54,61.8,56,1696 €,5.25,5.27,3.25,89.919375,27.6675,17.0625,17.1275,3140.740741,0.9962049336,0.6178707224,0.9061488673,0.006005379819,18.86134106,4.59,0.2064397093,Ideal
0.32,60.8,57,1080 €,4.46,4.42,2.7,53.22564,19.7132,12.042,11.934,3375,1.009049774,0.6081081081,0.9375,0.006012140014,20.29097255,3.86,0.212540519,Ideal
0.3,61.7,58,573 €,4.28,4.31,2.65,48.88402,18.4468,11.342,11.4215,1910,0.9930394432,0.6169965076,0.9400324149,0.006136974823,11.72162191,3.746666667,0.2069992386,Ideal
2.02,62.9,59,15808 €,8.03,7.93,5.02,319.663058,63.6779,40.3106,39.8086,7825.742574,1.01261034,0.6290726817,0.9379968203,0.006319153713,49.45207025,6.993333333,0.1996121743,Premium
1.31,60.7,58,4475 €,7.11,7.06,4.3,215.84538,50.1966,30.573,30.358,3416.030534,1.007082153,0.6069160198,0.9555189456,0.006069159321,20.73243356,6.156666667,0.2132680456,Premium
1.21,60.7,56,4880 €,6.86,6.91,4.18,198.142868,47.4026,28.6748,28.8838,4033.057851,0.99276411,0.6071169208,0.9225700165,0.006106704784,24.62869368,5.983333333,0.2131441668,Ideal
2.5,59,60,18447 €,8.76,8.89,5.21,405.736044,77.8764,45.6396,46.3169,7378.8,0.9853768279,0.590368272,1.016949153,0.006161641385,45.46551945,7.62,0.2237471873,Premium
,60.8,58,10341 €,6.55,6.48,3.96,168.07824,42.444,25.938,25.6608,10238.61386,1.010802469,0.607828089,0.9539473684,0.006009106235,61.5249184,5.663333333,0.2127329359,Premium
1.7,58.9,62,10091 €,7.79,7.72,4.57,274.834316,60.1388,35.6003,35.2804,5935.882353,1.009067358,0.5892972276,1.052631579,0.006185544894,36.71666678,6.693333333,0.2243568732,Premium
1.06,58.8,60,7679 €,6.76,6.68,3.95,178.36936,45.1568,26.702,26.386,7244.339623,1.011976048,0.587797619,1.020408163,0.005942724692,43.05111595,5.796666667,0.2253362098,Premium
1.34,61.9,56,9401 €,7.1,7.05,4.38,219.2409,50.055,31.098,30.879,7015.671642,1.007092199,0.6190812721,0.9046849758,0.006111998263,42.87977289,6.176666667,0.2057095238,Ideal
1.65,61.6,58,,7.59,7.55,4.66,267.03897,57.3045,35.3694,35.183,7098.181818,1.005298013,0.6155878468,0.9415584416,0.006178873443,43.85876713,6.6,0.207861265,Premium
0.59,62,55,2611 €,5.36,5.38,3.33,96.026544,28.8368,17.8488,17.9154,4425.423729,0.9962825279,0.6201117318,0.8870967742,0.00614413448,27.19039852,4.69,0.2050532801,Ideal
0.9,62.3,57,3704 €,6.18,6.15,3.84,145.94688,38.007,23.7312,23.616,4115.555556,1.004878049,0.6228710462,0.9149277689,0.0061666272,25.37909683,5.39,0.2033550906,Premium
0.39,61.3,56,1333 €,4.71,4.75,2.9,64.88025,22.3725,13.659,13.775,3417.948718,0.9915789474,0.6131078224,0.9135399674,0.006011074248,20.54554352,4.12,0.2094234995,Ideal
0.4,60.4,59,1053 €,4.76,4.81,2.89,66.168284,22.8956,13.7564,13.9009,2632.5,0.9896049896,0.6039707419,0.9768211921,0.006045192286,15.91396869,4.153333333,0.2151391857,Premium
0.35,62.6,59,788 €,4.5,4.45,2.8,56.07,20.025,12.6,12.46,2251.428571,1.011235955,0.625698324,0.9424920128,0.006242197253,14.05386124,3.916666667,0.2016680104,Premium
1.57,61.8,55,11596 €,7.43,7.49,4.61,1039.007704,55.6507,34.2523,34.5289,7385.987261,0.9919893191,0.6179624665,0.8899676375,0.006119671295,45.19981423,6.51,0.2064095488,Ideal
0.36,61.3,57,665 €,4.65,4.61,2.84,60.87966,21.4365,13.206,13.0924,1847.222222,1.00867679,0.6133909287,0.9298531811,0.005913305035,10.92318847,4.033333333,0.2092492785,Premium
0.56,60.7,56,1571 €,5.34,5.37,3.25,93.19635,28.6758,17.355,17.4525,2805.357143,0.9944134078,0.6069094304,0.9225700165,0.006008819015,16.85688334,4.653333333,0.2132626278,Ideal
0.62,62.2,58,2196 €,5.41,5.46,3.38,99.840468,29.5386,18.2858,18.4548,3541.935484,0.9908424908,0.6218951242,0.9324758842,0.006209906788,21.99508921,4.75,0.2039897522,Premium
0.31,61.3,56,593 €,4.41,4.36,2.69,51.722244,19.2276,11.8629,11.7284,1912.903226,1.01146789,0.6134549601,0.9135399674,0.005993552793,11.46508647,3.82,0.209238574,Ideal
0.3,62.9,55,878 €,4.28,4.24,2.68,48.634496,18.1472,11.4704,11.3632,2926.666667,1.009433962,0.6291079812,0.8744038156,0.006168461168,18.05302968,3.733333333,0.1995530721,Premium
1.6,62,56,18780 €,7.47,7.52,4.65,933.3764362,56.1744,34.7355,34.968,11737.5,0.9933510638,0.6204136091,0.9032258065,0.006125317253,71.89591126,6.546666667,0.2048830742,Ideal
0.35,61.3,56,669 €,4.56,4.54,2.79,57.759696,20.7024,12.7224,12.6666,1911.428571,1.004405286,0.6131868132,0.9135399674,0.006059588679,11.58247093,3.963333333,0.2093470476,Ideal
0.31,63,58,907 €,4.37,4.33,2.74,51.846554,18.9221,11.9738,11.8642,2925.806452,1.009237875,0.6298850575,0.9206349206,0.005979182339,17.49393026,3.813333333,0.1990743716,Premium
1,62.1,59,8008 €,6.29,6.4,3.94,158.60864,40.256,24.7826,25.216,8008,0.9828125,0.6209613869,0.9500805153,0.006304826774,50.4890528,5.543333333,0.2046813446,Premium
0.34,62.6,57,745 €,4.45,4.47,2.79,55.497285,19.8915,12.4155,12.4713,2191.176471,0.9955257271,0.6255605381,0.910543131,0.006126425824,13.42408011,3.903333333,0.2016962998,Ideal
0.95,59.7,61,3830 €,6.35,6.27,3.77,150.100665,39.8145,23.9395,23.6379,4031.578947,1.012759171,0.5974643423,1.021775544,0.006329085884,25.51620941,5.463333333,0.219245788,Premium
0.3,61.3,58,34306.31449 €,4.29,4.33,2.64,49.039848,18.5757,11.3256,11.4312,2456.666667,0.9907621247,0.6125290023,0.9461663948,0.0061174741,15.02859471,3.753333333,0.2097908255,Premium
2,62.8,56,15258 €,8.04,7.95,5.02,320.86836,63.918,40.3608,39.909,7629,1.011320755,0.6278924328,0.8917197452,0.006233085743,47.55221113,7.003333333,0.2003202772,Ideal
0.34,61,58,596 €,4.46,4.49,2.73,54.669342,20.0254,12.1758,12.2577,1752.941176,0.9933184855,0.6100558659,0.9508196721,0.006219207833,10.9019055,3.893333333,0.2113078916,Premium
0.76,61.8,58,2744 €,5.85,5.89,3.63,125.077095,34.4565,21.2355,21.3807,3610.526316,0.9932088285,0.6183986371,0.9385113269,0.006076252411,21.93846923,5.123333333,0.2061299391,Premium
0.86,60.6,56,4228 €,6.16,6.18,3.74,142.377312,38.0688,23.0384,23.1132,4916.27907,0.996763754,0.6061588331,0.9240924092,0.006040288217,29.69574254,5.36,0.2137205381,Ideal
0.31,62.2,54,707 €,4.36,4.39,2.72,52.061888,19.1404,11.8592,11.9408,2280.645161,0.993166287,0.6217142857,0.8681672026,0.005954451748,13.57999157,3.823333333,0.2040812402,Ideal
1.07,60.9,57,5031 €,6.61,6.68,4.05,178.82694,44.1548,26.7705,27.054,4701.869159,0.9895209581,0.6094808126,0.9359605911,0.005983438513,28.13334501,5.78,0.2117004297,Ideal
1.02,62.5,59,4291 €,6.37,6.42,4,163.5816,40.8954,25.48,25.68,4206.862745,0.992211838,0.625488663,0.944,0.006235420121,26.23155661,5.596666667,0.2017626574,Premium
1.03,63,59,5364 €,6.47,6.36,4.04,166.242768,41.1492,26.1388,25.6944,5207.76699,1.017295597,0.6297739673,0.9365079365,0.006195758242,32.26606525,5.623333333,0.1992565511,Premium
0.25,62.4,55,525 €,4.04,4.08,2.53,41.702496,16.4832,10.2212,10.3224,2100,0.9901960784,0.6231527094,0.8814102564,0.005994845009,12.58917452,3.55,0.2032207768,Ideal
0.76,61.1,59,2847 €,5.93,5.88,3.61,125.874924,34.8684,21.4073,21.2268,3746.052632,1.008503401,0.6113463167,0.9656301146,0.006037739494,22.61768992,5.14,0.2105186625,Premium
0.31,59.5,60,816 €,4.39,4.41,2.62,50.722938,19.3599,11.5018,11.5542,2632.258065,0.9954648526,0.5954545455,1.008403361,0.00611163336,16.0873962,3.806666667,0.2204395196,Premium
1.5,60.7,55,10080 €,7.44,7.39,4.5,247.4172,54.9816,33.48,33.255,6720,1.0067659,0.6068779501,0.9060955519,0.006062634287,40.74090241,6.443333333,0.2132895674,Premium
1.16,61.8,58,,6.81,6.75,4.19,192.603825,45.9675,28.5339,28.2825,4200,1.008888889,0.6179941003,0.9385113269,0.006022725665,25.29544779,5.916666667,0.2063971938,Premium
2.25,61.5,61,17233 €,8.47,8.41,5.19,369.697713,71.2327,43.9593,43.6479,7659.111111,1.007134364,0.61492891,0.9918699187,0.006086053337,46.61375874,7.356666667,0.2082818977,Premium
2.17,not_measured,59,16472 €,8.28,8.34,5.17,357.015384,69.0552,42.8076,43.1178,7590.78341,0.9928057554,0.6221419976,0.9485530547,0.006078169449,46.13806782,7.263333333,0.2038200352,Premium
2.21,61.3,60,14299 €,8.35,8.33,5.11,355.428605,69.5555,42.6685,42.5663,6470.135747,1.00240096,0.6127098321,0.9787928222,0.006217845072,40.23030167,7.263333333,0.2096363232,Premium
0.7,59.6,61,2859 €,5.8,5.77,3.45,115.4577,33.466,20.01,19.9065,4084.285714,1.005199307,0.5963699222,1.023489933,0.006062826472,24.76231555,5.006666667,0.2198663829,Premium
1.72,62.2,59,9551 €,7.62,7.55,4.72,271.54632,57.531,35.9664,35.636,5552.906977,1.009271523,0.6222808174,0.9485530547,0.006334094308,35.17263648,6.63,0.2037520752,Premium
1.6,62,54,17050 €,7.53,7.5,4.6,259.785,56.475,34.638,34.5,10656.25,1.004,0.6121091151,0.8709677419,0.006158939123,65.63119503,6.543333333,0.2100150927,Ideal
,61,57,1399 €,5.3,5.34,3.24,,28.302,17.172,17.3016,2498.214286,0.9925093633,0.6090225564,0.9344262295,0.006106971457,15.25652334,4.626666667,0.2119576461,Ideal
1.03,61.7,54,7119 €,6.49,6.52,4.01,169.682348,42.3148,26.0249,26.1452,6911.650485,0.995398773,0.6164488855,0.8752025932,0.006070165884,41.95486498,5.673333333,0.2073239797,Ideal
0.71,61.9,59,2686 €,5.75,5.72,3.55,116.7595,32.89,20.4125,20.306,3783.098592,1.005244755,0.6190061029,0.9531502423,0.006080875646,23.00455209,5.006666667,0.2057440126,Premium
0.73,62.7,58,2703 €,5.76,5.7,3.59,117.86688,32.832,20.6784,20.463,3702.739726,1.010526316,0.6265270506,0.9250398724,0.006193427704,22.9326508,5.016666667,0.2011501021,Premium
1.41,61.1,56,6988 €,7.19,7.15,4.38,225.16923,51.4085,31.4922,31.317,4956.028369,1.005594406,0.6108786611,0.9165302782,0.00626195684,31.03443574,6.24,0.2107884594,Premium
0.31,61.3,56,1064 €,4.39,4.43,2.7,52.50879,19.4477,11.853,11.961,3432.258065,0.9909706546,0.612244898,0.9135399674,0.005903773444,20.26327402,3.84,0.2099653955,Ideal
0.6,61.8,55,1009 €,5.44,5.46,3.37,100.097088,29.7024,18.3328,18.4002,1681.666667,0.9963369963,0.6183486239,0.8899676375,0.00599418037,10.08021332,4.756666667,0.2061433913,Ideal
2.51,59.6,60,17452 €,8.84,8.79,5.25,407.9439,77.7036,46.41,46.1475,6952.988048,1.005688282,0.5955757232,1.006711409,0.006152806795,42.78039211,7.626666667,0.2203690226,Premium
0.61,61.3,55,2373 €,5.48,5.45,3.35,100.0511,29.866,18.358,18.2575,3890.163934,1.005504587,0.6129917658,0.8972267537,0.006096884492,23.71788016,4.76,0.2094739039,Ideal
2.18,62.3,59,11579 €,8.37,8.26,5.18,358.125516,69.1362,43.3566,42.7868,5311.46789,1.013317191,0.6229705352,0.9470304976,0.006087251264,32.33223963,7.27,0.2033748709,Premium
2.21,61.9,56,13615 €,8.4,8.36,5.19,364.46256,70.224,43.596,43.3884,6160.633484,1.004784689,0.6193317422,0.9046849758,0.006063722979,37.35637482,7.316666667,0.2055401937,Ideal
0.93,62.1,59,4793 €,6.21,6.16,3.84,146.893824,38.2536,23.8464,23.6544,5153.763441,1.008116883,0.6208569119,0.9500805153,0.006331103478,32.62900964,5.403333333,0.2046203664,Premium
0.34,62.5,53,895 €,4.47,4.49,2.8,56.19684,20.0703,12.516,12.572,2632.352941,0.995545657,0.625,0.848,0.006050162251,15.9261624,3.92,0.2020412458,Ideal
0.3,60.6,58,878 €,4.36,4.35,2.64,50.07024,18.966,11.5104,11.484,2926.666667,1.002298851,0.6061997704,0.9570957096,0.005991583024,17.53536632,3.783333333,0.2136922628,Premium
0.3,59.6,59,605 €,4.34,4.38,2.6,49.42392,19.0092,11.284,11.388,2016.666667,0.9908675799,0.5963302752,0.9899328859,0.006069935367,12.24103632,3.773333333,0.2199203128,Premium
0.33,61.9,55,858 €,4.45,4.5,2.77,55.46925,20.025,12.3265,12.465,2600,0.9888888889,0.6189944134,0.8885298869,0.005949242148,15.46802958,3.906666667,0.2058030383,Ideal
1.02,60.3,58,2815 €,6.55,6.5,3.94,167.7455,42.575,25.807,25.61,2759.803922,1.007692308,0.6038314176,0.9618573798,0.006080640017,16.78137417,5.663333333,0.215200407,Premium
1.28,62.5,62,5161 €,6.89,6.84,4.3,202.64868,47.1276,29.627,29.412,4032.03125,1.007309942,0.6263656227,0.992,0.00631635005,25.46772079,6.01,0.2012187821,Premium
1.06,62.6,56,6426 €,6.49,6.52,4.07,172.221236,42.3148,26.4143,26.5364,6062.264151,0.995398773,0.6256725596,0.8945686901,0.006154873955,37.31247173,5.693333333,0.2016279879,Ideal
0.32,61.9,54,708 €,4.4,4.42,2.73,53.09304,19.448,12.012,12.0666,2212.5,0.9954751131,0.619047619,0.8723747981,0.006027155348,13.33508121,3.85,0.205714723,Ideal
0.7,61.6,57,2846 €,5.71,5.76,3.53,116.100288,32.8896,20.1563,20.3328,4065.714286,0.9913194444,0.6155187446,0.9253246753,0.006029270143,24.51328975,5,0.2079294752,Ideal
0.3,62.2,57,862 €,4.28,4.31,2.67,49.252956,18.4468,11.4276,11.5077,2873.333333,0.9930394432,0.621653085,0.9163987138,0.006091004974,17.50148763,3.753333333,0.2041199593,Ideal
1,61.2,60,6133 €,6.4,6.45,3.93,162.2304,41.28,25.152,25.3485,6133,0.992248062,0.6116731518,0.9803921569,0.006164072825,37.80425863,5.593333333,0.2103095465,Ideal
0.3,62.8,56,641 €,4.26,4.24,2.67,48.226608,18.0624,11.3742,11.3208,2136.666667,1.004716981,0.6282352941,0.8917197452,0.006220632394,13.29141788,3.723333333,0.2000529709,Ideal
0.57,61.5,56,1326 €,5.32,5.35,3.28,93.35536,28.462,17.4496,17.548,2326.315789,0.9943925234,0.6148078725,0.9105691057,0.006105701911,14.20379076,4.65,0.2083470339,Ideal
1,62.7,58,4724 €,6.41,6.32,3.99,161.639688,40.5112,25.5759,25.2168,4724,1.014240506,0.6268656716,0.9250398724,0.00618659942,29.22549566,5.573333333,0.2009907553,Premium
0.27,60.7,59,623 €,4.21,4.19,2.55,44.981745,17.6399,10.7355,10.6845,2307.407407,1.00477327,0.6071428571,0.9719934102,0.006002434988,13.85006295,3.65,0.2131124145,Premium
0.72,62.3,55,2949 €,5.72,5.74,3.57,117.213096,32.8328,20.4204,20.4918,4095.833333,0.9965156794,0.6230366492,0.8828250401,0.006142658325,25.15930472,5.01,0.2032468065,Ideal
0.3,60.1,62,574 €,4.37,4.35,2.62,49.80489,19.0095,11.4494,11.397,1913.333333,1.004597701,0.6009174312,1.031613977,0.006023504921,11.52497275,3.78,0.2170064824,Premium
0.32,62.6,58,477 €,4.31,4.35,2.71,50.808435,18.7485,11.6801,11.7885,1490.625,0.9908045977,0.6258660508,0.9265175719,0.00629816683,9.388204931,3.79,0.2015435087,Premium
1.01,61.2,58,8163 €,6.49,6.45,3.96,165.76758,41.8605,25.7004,25.542,8082.178218,1.00620155,0.6120556414,0.9477124183,0.006092868099,49.24364583,5.633333333,0.210060005,Premium
1,61.3,58,3920 €,6.45,6.41,3.94,162.89733,41.3445,25.413,25.2554,3920,1.00624025,0.6127527216,0.9461663948,0.006138836039,24.06423727,5.6,0.2096269362,Premium
0.72,60.9,57,1579 €,5.84,5.78,3.54,119.493408,33.7552,20.6736,20.4612,2193.055556,1.010380623,0.6092943201,0.9359605911,0.006025436985,13.21411805,5.053333333,0.211814362,Premium
0.9,not_measured,61,4385 €,6.45,6.34,3.71,151.71303,40.893,23.9295,23.5214,4872.222222,1.017350158,0.5801407349,1.051724138,0.00593225249,28.90325241,5.5,0.2302759155,Premium
0.53,61.9,56,1721 €,5.19,5.21,3.22,87.068478,27.0399,16.7118,16.7762,3247.169811,0.9961612284,0.6192307692,0.9046849758,0.006087162796,19.76605127,4.54,0.2055983839,Ideal
1.53,62.6,57,9022 €,7.38,7.29,4.59,246.942918,53.8002,33.8742,33.4611,5896.732026,1.012345679,0.6257668712,0.910543131,0.006195763832,36.53475902,6.42,0.2016397104,Premium
,59.4,59,557 €,4.52,4.5,2.68,54.5112,20.34,12.1136,12.06,1687.878788,1.004444444,0.5942350333,0.9932659933,0.006053801788,10.21808362,3.9,0.2212074133,Premium
0.3,62.1,54,709 €,4.35,4.31,2.69,50.433465,18.7485,11.7015,11.5939,2363.333333,1.009280742,0.6212471132,0.8695652174,0.005948431265,14.05812589,3.783333333,0.2043900951,Ideal
2.22,60,60,18706 €,8.49,8.43,5.08,363.579156,71.5707,43.1292,42.8244,8426.126126,1.007117438,0.6004728132,1,0.006105960596,51.4495941,7.333333333,0.2173003025,Premium
0.37,59.8,58,1064 €,4.71,4.69,2.81,62.072619,22.0899,13.2351,13.1789,2875.675676,1.004264392,0.5978723404,0.9698996656,0.005960760251,17.14121326,4.07,0.2189169426,Premium
1.1,61,56,10410 €,6.67,6.73,4.09,183.596419,44.8891,27.2803,27.5257,9463.636364,0.9910846954,0.6104477612,0.9180327869,0.005991402262,56.70045231,5.83,0.211082265,Ideal
0.41,60.6,59,1079 €,4.77,4.8,2.9,66.3984,22.896,13.833,13.92,2631.707317,0.99375,0.6060606061,0.9735973597,0.006174847587,16.25039158,4.156666667,0.2137967731,Premium
0.61,63,58,1800 €,5.43,5.4,3.41,99.98802,29.322,18.5163,18.414,2950.819672,1.005555556,0.6297322253,0.9206349206,0.006100730868,18.00215666,4.746666667,0.1991387806,Premium
0.7,62.1,60,1724 €,5.65,5.62,3.5,111.1355,31.753,19.775,19.67,2462.857143,1.005338078,0.6211180124,0.9661835749,0.006298617453,15.51259499,4.923333333,0.2044393707,Premium
0.33,62.2,56,984 €,4.43,4.45,2.76,54.40926,19.7135,12.2268,12.282,2981.818182,0.995505618,0.6216216216,0.9003215434,0.006065144058,18.08515683,3.88,0.2041241452,Ideal
0.7,61.5,53,1702 €,5.74,5.77,3.54,117.244092,33.1198,20.3196,20.4258,2431.428571,0.9948006932,0.6151172893,0.8617886179,0.005970450093,14.51672294,5.016666667,0.2081527254,Ideal
1.23,62,57,5855 €,6.91,6.87,4.27,202.704159,47.4717,29.5057,29.3349,4760.162602,1.005822416,0.6197387518,0.9193548387,0.006067956405,28.88445915,6.016666667,0.2052943704,Ideal
0.43,60.2,60,679 €,4.85,4.91,2.94,70.01169,23.8135,14.259,14.4354,1579.069767,0.9877800407,0.6024590164,0.9966777409,0.006141831457,9.69838037,4.233333333,0.216106949,Premium
2.19,61.8,60,13355 €,8.35,8.25,5.13,353.392875,68.8875,42.8355,42.3225,6098.173516,1.012121212,0.6180722892,0.9708737864,0.006197068914,37.79080153,7.243333333,0.2063842451,Premium
1.2,62.8,57,7072 €,6.75,6.79,4.25,194.788125,45.8325,28.6875,28.8575,5893.333333,0.9941089838,0.6277695716,0.9076433121,0.006160539817,36.30611466,5.93,0.2003459741,Ideal
0.4,60.6,55,1080 €,4.82,4.78,2.91,67.045236,23.0396,14.0262,13.9098,2700,1.008368201,0.60625,0.9075907591,0.005966121142,16.10852708,4.17,0.2136940489,Ideal
2.05,61.6,56,18181 €,8.16,8.11,5.01,331.549776,66.1776,40.8816,40.6311,8868.780488,1.006165228,0.6158574063,0.9090909091,0.006183083653,54.83641165,7.093333333,0.2076993245,Ideal
0.72,61.4,58,2586 €,5.73,5.76,3.53,116.506944,33.0048,20.2269,20.3328,3591.666667,0.9947916667,0.6144473455,0.9446254072,0.006179889158,22.19610189,5.006666667,0.2085684765,Ideal
0.55,62.2,54.3,,5.24,5.27,3.27,90.300396,27.6148,17.1348,17.2329,3681.818182,0.9943074004,0.62226451,0.8729903537,0.006090781706,22.42515083,4.593333333,0.2037339886,Ideal
1.2,62.4,56,8870 €,6.74,6.68,4.19,,45.0232,28.2406,27.9892,7391.666667,1.008982036,0.6244411326,0.8974358974,0.006361080096,47.01898371,5.87,0.2024177008,Premium
0.3,61.9,54.5,631 €,4.31,4.35,2.68,50.24598,18.7485,11.5508,11.658,2103.333333,0.9908045977,0.6189376443,0.8804523425,0.005970626904,12.55821859,3.78,0.2058171588,Ideal
0.31,61,56,680 €,4.34,4.38,2.66,50.564472,19.0092,11.5444,11.6508,2193.548387,0.9908675799,0.6100917431,0.9180327869,0.00613078685,13.44817761,3.793333333,0.2113059876,Ideal
0.33,62.1,56,828 €,4.43,4.46,2.76,54.531528,19.7578,12.2268,12.3096,2509.090909,0.9932735426,0.6209223847,0.9017713366,0.00605154508,15.18387675,3.883333333,0.2045693646,Ideal
0.32,62.1,56,828 €,4.43,4.4,2.74,53.40808,19.492,12.1382,12.056,2587.5,1.006818182,0.6206115515,0.9017713366,0.005991602769,15.50327216,3.856666667,0.2047616814,Premium
2.01,65.1,56,16733 €,7.91,7.84,5.12,317.513728,62.0144,40.4992,40.1408,8324.875622,1.008928571,0.6501587302,0.8602150538,0.006330434947,52.70008357,6.956666667,0.1867322227,Ideal
0.58,62.3,54,1401 €,5.36,5.39,3.35,96.78284,28.8904,17.956,18.0565,2415.517241,0.9944341373,0.623255814,0.8667736758,0.005992797897,14.47570664,4.7,0.2031218551,Ideal
1.51,60.6,57,11540 €,7.46,7.45,4.52,251.20804,55.577,33.7192,33.674,7642.384106,1.001342282,0.6063044936,0.9405940594,0.006010954108,45.93802014,6.476666667,0.2136250579,Ideal
2.01,59.5,58,14502 €,8.21,8.18,4.88,327.730064,67.1578,40.0648,39.9184,7214.925373,1.003667482,0.5954850519,0.974789916,0.006133096169,44.24983117,7.09,0.2204166402,Premium
0.73,62.2,57,2107 €,5.8,5.77,3.6,120.4776,33.466,20.88,20.772,2886.30137,1.005199307,0.6222990493,0.9163987138,0.006059217647,17.4887282,5.056666667,0.2037096288,Premium
0.74,62.7,58,2999 €,5.83,5.74,3.63,121.475046,33.4642,21.1629,20.8362,4052.702703,1.015679443,0.6274848747,0.9250398724,0.006091786127,24.6881981,5.066666667,0.2006330873,Premium
1.31,62.4,58,7527 €,7.02,6.96,4.36,213.026112,48.8592,30.6072,30.3456,5745.801527,1.00862069,0.6237482117,0.9294871795,0.006149480867,35.33369656,6.113333333,0.2028411955,Premium
0.24,62.6,57,35463.01241 €,3.93,3.96,2.47,38.440116,15.5628,9.7071,9.7812,2300,0.9924242424,0.6261089987,0.910543131,0.006243477517,14.35999829,3.453333333,0.2013792057,Ideal
0.3,61.5,55,844 €,4.31,4.28,2.64,48.699552,18.4468,11.3784,11.2992,2813.333333,1.007009346,0.6146682189,0.8943089431,0.00616022094,17.33075491,3.743333333,0.2084427271,Ideal
0.55,62.3,56,1551 €,5.23,5.26,3.27,89.957046,27.5098,17.1021,17.2002,2820,0.9942965779,0.6234509056,0.8988764045,0.006114029133,17.24156216,4.586666667,0.2030024306,Ideal
0.71,61.7,57,3307 €,5.72,5.74,3.53,115.899784,32.8328,20.1916,20.2622,4657.746479,0.9965156794,0.6160558464,0.9238249595,0.006125982081,28.53327147,4.996666667,0.2075627925,Ideal
0.51,60.3,59,1569 €,5.2,5.22,3.14,85.23216,27.144,16.328,16.3908,3076.470588,0.9961685824,0.6026871401,0.9784411277,0.005983656873,18.40854438,4.52,0.215894141,Premium
0.52,61.2,57,1809 €,5.17,5.22,3.18,85.819932,26.9874,16.4406,16.5996,3478.846154,0.9904214559,0.6121270452,0.931372549,0.006059198462,21.07901927,4.523333333,0.2100440847,Ideal
0.58,62.1,55,1227 €,5.31,5.39,3.32,95.021388,28.6209,17.6292,17.8948,2115.517241,0.9851576994,0.6205607477,0.885668277,0.006103888948,12.91288231,4.673333333,0.204887662,Ideal
1.13,62.7,57,6525 €,6.65,6.68,4.18,185.68396,44.422,27.797,27.9224,5774.336283,0.995508982,0.6271567892,0.9090909091,0.006085609118,35.14035353,5.836666667,0.200714607,Ideal
0.31,59,59,625 €,4.44,4.47,2.63,52.197084,19.8468,11.6772,11.7561,2016.129032,0.9932885906,0.5903479237,1,0.005939029084,11.97384896,3.846666667,0.2236742869,Premium
0.43,62,55,1129 €,4.85,4.83,3,70.2765,23.4255,14.55,14.49,2625.581395,1.004140787,0.6198347107,0.8870967742,0.006118688324,16.06511423,4.226666667,0.205226202,Ideal
0.8,59.1,61,2304 €,6.03,5.99,3.55,128.224935,36.1197,21.4065,21.2645,2880,1.006677796,0.5906821963,1.0321489,0.006239036113,17.968424,5.19,0.2234624455,Premium
0.31,62.2,59,544 €,4.3,4.35,2.69,50.31645,18.705,11.567,11.7015,1754.83871,0.9885057471,0.6219653179,0.9485530547,0.006161006987,10.81157355,3.78,0.2039726574,Premium
0.61,61.4,56,1659 €,5.46,5.49,3.36,100.717344,29.9754,18.3456,18.4464,2719.672131,0.9945355191,0.6136986301,0.9120521173,0.006056553676,16.47184024,4.77,0.2090347553,Ideal
1.53,58.4,59,9476 €,7.62,7.55,4.43,254.86233,57.531,33.7566,33.4465,6193.464052,1.009271523,0.5840474621,1.010273973,0.006003241044,37.1808576,6.533333333,0.2276871104,Premium
1.11,59.5,60,6579 €,6.77,6.7,4.01,181.88959,45.359,27.1477,26.867,5927.027027,1.010447761,0.5953971789,1.008403361,0.006102603233,36.1702943,5.826666667,0.2205197632,Premium
1.22,61.2,57,4676 €,6.86,6.9,4.21,199.27614,47.334,28.8806,29.049,3832.786885,0.9942028986,0.6119186047,0.931372549,0.006122157926,23.46492661,5.99,0.2101429048,Ideal
0.42,60.6,57,1221 €,4.85,4.82,2.93,68.49461,23.377,14.2105,14.1226,2907.142857,1.006224066,0.6059979317,0.9405940594,0.006131869354,17.82622019,4.2,0.2138355059,Ideal
0.54,61.7,56,1605 €,5.21,5.24,3.23,88.180292,27.3004,16.8283,16.9252,2972.222222,0.9942748092,0.6181818182,0.9076175041,0.006123817326,18.20134594,4.56,0.2062569659,Ideal
0.31,60.6,59,684 €,4.39,4.35,2.65,50.605725,19.0965,11.6335,11.5275,2206.451613,1.009195402,0.6064073227,0.9735973597,0.006125789128,13.5162573,3.796666667,0.213603214,Premium
0.31,62.6,57,489 €,4.34,4.38,2.73,51.895116,19.0092,11.8482,11.9574,1577.419355,0.9908675799,0.626146789,0.910543131,0.005973587187,9.422852046,3.816666667,0.2013701849,Ideal
0.34,62.6,54,995 €,4.47,4.44,2.79,55.372572,19.8468,12.4713,12.3876,2926.470588,1.006756757,0.6262626263,0.8626198083,0.006140224081,17.96918518,3.9,0.2012779683,Ideal
0.42,61.3,57,1142 €,4.8,4.82,2.95,68.2512,23.136,14.16,14.219,2719.047619,0.9958506224,0.6133056133,0.9298531811,0.006153737956,16.73230654,4.19,0.2092721776,Ideal
1.62,63,58,13298 €,7.47,7.43,4.69,260.304849,55.5021,35.0343,34.8467,8208.641975,1.00538358,0.6295302013,0.9206349206,0.006223472234,51.08625541,6.53,0.1992617079,Premium
0.7,62.6,58,2648 €,5.64,5.61,3.52,,31.6404,19.8528,19.7472,3782.857143,1.005347594,0.6257777778,0.9265175719,0.006285117646,23.77570218,4.923333333,0.2015671147,Premium
0.54,60.6,58,1993 €,5.3,5.26,3.2,89.2096,27.878,16.96,16.832,3690.740741,1.007604563,0.6060606061,0.9570957096,0.006053160198,22.34064495,4.586666667,0.2138061139,Premium
0.3,61.8,55,606 €,4.32,4.35,2.68,50.36256,18.792,11.5776,11.658,2020,0.9931034483,0.6182237601,0.8899676375,0.005956806008,12.03274814,3.783333333,0.2062389273,Ideal
1.5,62.3,58,15153 €,7.28,7.33,4.55,242.79892,53.3624,33.124,33.3515,10102,0.9931787176,0.6228610541,0.9309791332,0.006177951698,62.40966805,6.386666667,0.2033736732,Premium
0.8,60.7,59,3010 €,5.98,6.02,3.64,131.038544,35.9996,21.7672,21.9128,3762.5,0.9933554817,0.6066666667,0.9719934102,0.006105073939,22.9703407,5.213333333,0.213420942,Ideal
0.34,59.8,57,2287 €,4.57,4.59,2.74,57.475062,20.9763,12.5218,12.5766,6726.470588,0.9956427015,0.5982532751,0.9531772575,0.005915609104,39.79117065,3.966666667,0.2186780035,Ideal
0.36,61.5,56,896 €,4.58,4.61,2.82,59.540916,21.1138,12.9156,13.0002,2488.888889,0.9934924078,0.613710555,0.9105691057,0.006046262372,15.04847524,4.003333333,0.2090339682,Ideal
1,not_measured,60,6097 €,6.45,6.42,3.92,162.32328,41.409,25.284,25.1664,6097,1.004672897,0.6091686092,0.9852216749,0.006160545795,37.56084771,5.596666667,0.2118485339,Premium
0.5,61.6,57,1842 €,5.08,5.14,3.15,,26.1112,16.002,16.191,3684,0.9883268482,0.6164383562,0.9253246753,0.006079006661,22.39506054,4.456666667,0.2073921082,Ideal
0.71,61.7,56,2704 €,5.72,5.69,3.52,114.564736,32.5468,20.1344,20.0288,3808.450704,1.005272408,0.6170026293,0.9076175041,0.006197369494,23.60237621,4.976666667,0.2069842645,Ideal
1.08,61.2,60,7683 €,6.61,6.63,4.05,177.488415,43.8243,26.7705,26.8515,7113.888889,0.9969834087,0.6117824773,0.9803921569,0.006084904189,43.2873323,5.763333333,0.2102146556,Premium
0.32,61.4,56,756 €,4.42,4.47,2.73,53.937702,19.7574,12.0666,12.2031,2362.5,0.9888143177,0.6141732283,0.9120521173,0.005932770365,14.01616999,3.873333333,0.20879081,Ideal
0.52,61.6,58,1605 €,5.17,5.12,3.17,83.911168,26.4704,16.3889,16.2304,3086.538462,1.009765625,0.6161321672,0.9415584416,0.006197029697,19.12737051,4.486666667,0.207558916,Premium
0.9,61.6,58,3478 €,6.15,6.09,3.77,141.199695,37.4535,23.1855,22.9593,3864.444444,1.009852217,0.6160130719,0.9415584416,0.006373951445,24.63178125,5.336666667,0.207633616,Premium
0.31,61,58,1046 €,4.38,4.34,2.66,50.564472,19.0092,11.6508,11.5444,3374.193548,1.00921659,0.6100917431,0.9508196721,0.00613078685,20.68646143,3.793333333,0.2113059876,Premium
1,61.6,55,4956 €,6.51,6.41,3.98,166.081818,41.7291,25.9098,25.5118,4956,1.015600624,0.6160990712,0.8928571429,0.006021128695,29.84071381,5.633333333,0.2076560598,Ideal
,61.3,56,701 €,4.73,4.76,2.91,65.518068,22.5148,13.7643,13.8516,1752.5,0.993697479,0.6132771338,0.9135399674,0.00610518613,10.69933869,4.133333333,0.2093017727,Ideal
1.59,62.6,59,9385 €,7.42,7.4,4.64,254.77312,54.908,34.4288,34.336,5902.515723,1.002702703,0.6261808367,0.9424920128,0.006240846758,36.83669612,6.486666667,0.2013077158,Premium
0.33,62.3,55,928 €,4.46,4.43,2.77,54.729106,19.7578,12.3542,12.2711,2812.121212,1.006772009,0.6231721035,0.8828250401,0.006029698347,16.95624263,3.886666667,0.2031811881,Ideal
0.71,62.1,60,3002 €,5.68,5.72,3.54,,32.4896,20.1072,20.2488,4228.169014,0.993006993,0.6210526316,0.9661835749,0.006173205326,26.10135548,4.98,0.2044909041,Premium
0.51,61.8,56,1974 €,5.16,5.1,3.17,83.42172,26.316,16.3572,16.167,3870.588235,1.011764706,0.6179337232,0.9061488673,0.006113515761,23.66290218,4.476666667,0.2064655612,Ideal
0.3,61.2,57,895 €,4.33,4.36,2.66,50.217608,18.8788,11.5178,11.5976,2983.333333,0.9931192661,0.6121979287,0.931372549,0.005974000195,17.82243392,3.783333333,0.2099764844,Ideal
0.71,61.8,55,3080 €,5.75,5.78,3.56,118.3166,33.235,20.47,20.5768,4338.028169,0.9948096886,0.6175195143,0.8899676375,0.006000848571,26.03185014,5.03,0.2066638409,Ideal
1.52,61.9,56,8131 €,7.37,7.41,4.57,249.575469,54.6117,33.6809,33.8637,5349.342105,0.9946018893,0.6184032476,0.9046849758,0.006090342156,32.57932373,6.45,0.2061179913,Ideal
1.04,62.2,59,3861 €,6.57,6.49,4.06,173.115558,42.6393,26.6742,26.3494,3712.5,1.012326656,0.6217457887,0.9485530547,0.00600754786,22.30302143,5.706666667,0.2041169021,Premium
0.33,62.8,55,765 €,4.41,4.45,2.78,54.55611,19.6245,12.2598,12.371,2318.181818,0.991011236,0.6275395034,0.8757961783,0.006048818363,14.02226075,3.88,0.2005125928,Ideal
0.7,61.8,57,2298 €,5.67,5.72,3.52,114.162048,32.4324,19.9584,20.1344,3282.857143,0.9912587413,0.6180860404,0.9223300971,0.00613163492,20.12928149,4.97,0.2063396387,Ideal
0.42,62.7,56,898 €,4.78,4.76,2.99,68.030872,22.7528,14.2922,14.2324,2138.095238,1.004201681,0.6268343816,0.8931419458,0.006173667743,13.1998896,4.176666667,0.2009113578,Ideal
1.25,61.8,56,5259 €,6.92,6.94,4.28,205.546144,48.0248,29.6176,29.7032,4207.2,0.9971181556,0.6176046176,0.9061488673,0.006081359522,25.58549578,6.046666667,0.2066012122,Ideal
0.3,62.1,55,658 €,4.3,4.33,2.68,49.89892,18.619,11.524,11.6044,2193.333333,0.9930715935,0.6210892236,0.885668277,0.006012154171,13.18665815,3.77,0.2044678232,Ideal
1.01,61.7,55,10852 €,6.44,6.49,3.99,166.764444,41.7956,25.6956,25.8951,10744.55446,0.9922958398,0.6171693735,0.8914100486,0.006056446901,65.07382353,5.64,0.2068980031,Ideal
1.12,61.8,56,5838 €,6.67,6.69,4.13,905.4926573,44.6223,27.5471,27.6297,5212.5,0.9970104634,0.6182634731,0.9061488673,0.006077374781,31.67831604,5.83,0.2061936977,Ideal
1.09,61.7,60,4578 €,6.59,6.57,4.06,175.782978,43.2963,26.7554,26.6742,4200,1.00304414,0.6170212766,0.9724473258,0.006200827932,26.04347732,5.74,0.2069629707,Premium
1.01,58.6,58,4308 €,6.66,6.62,3.89,171.506988,44.0892,25.9074,25.7518,4265.346535,1.006042296,0.5858433735,0.9897610922,0.005888972874,25.11851004,5.723333333,0.226522763,Premium
0.72,61.2,57,3018 €,5.79,5.77,3.54,118.265382,33.4083,20.4966,20.4258,4191.666667,1.003466205,0.6124567474,0.931372549,0.006088002997,25.51887923,5.033333333,0.2097968927,Ideal
1.03,62.1,56,5476 €,6.43,6.48,4.01,167.082264,41.6664,25.7843,25.9848,5316.504854,0.9922839506,0.6212238575,0.9017713366,0.006164627982,32.77427459,5.64,0.2043909206,Ideal
0.37,61.6,57,811 €,4.61,4.65,2.85,61.094025,21.4365,13.1385,13.2525,2191.891892,0.9913978495,0.6155507559,0.9253246753,0.006056238724,13.27462055,4.036666667,0.2079089015,Ideal
1.15,62.2,59,4830 €,6.75,6.68,4.18,188.4762,45.09,28.215,27.9224,4200,1.010479042,0.6224869695,0.9485530547,0.006101566139,25.62657779,5.87,0.2036374974,Premium
0.75,61.9,57,3435 €,5.81,5.83,3.6,121.94028,33.8723,20.916,20.988,4580,0.9965694683,0.618556701,0.9208400646,0.006150551729,28.16952692,5.08,0.2060137573,Ideal
0.62,62.9,58,1770 €,5.41,5.37,3.39,98.485263,29.0517,18.3399,18.2043,2854.83871,1.00744879,0.6289424861,0.9220985692,0.006295358119,17.97223205,4.723333333,0.1996366519,Premium
1.5,59.5,58,14386 €,7.53,7.46,4.46,250.535148,56.1738,33.5838,33.2716,9590.666667,1.009383378,0.5950633756,0.974789916,0.005987183882,57.42108489,6.483333333,0.2207195009,Premium
1,60.7,55,4077 €,6.39,6.33,3.86,156.131982,40.4487,24.6654,24.4338,4077,1.009478673,0.606918239,0.9060955519,0.006404837671,26.11252319,5.526666667,0.213286942,Ideal
0.73,61.9,55,2575 €,5.78,5.82,3.59,120.766164,33.6396,20.7502,20.8938,3527.39726,0.9931271478,0.6189655172,0.8885298869,0.006044739485,21.3221975,5.063333333,0.2057798485,Ideal
0.51,58.3,61,1036 €,5.18,5.14,3.01,80.141852,26.6252,15.5918,15.4714,2031.372549,1.007782101,0.5833333333,1.046312178,0.006363716177,12.92707835,4.443333333,0.228128567,Premium
0.31,unknown,55,687 €,4.38,4.41,2.72,52.538976,19.3158,11.9136,11.9952,2216.129032,0.9931972789,0.6188850967,0.8885298869,0.005900381462,13.07600666,3.836666667,0.205829075,Ideal
1.21,60.5,60,6722 €,6.95,6.9,4.19,200.93145,47.955,29.1205,28.911,5555.371901,1.007246377,0.6050541516,0.9917355372,0.006021954254,33.45419545,6.013333333,0.2144323074,Premium
0.33,60.5,58,854 €,4.49,4.43,2.7,53.70489,19.8907,12.123,11.961,2587.878788,1.013544018,0.6053811659,0.958677686,0.006144691852,15.9017177,3.873333333,0.2142943545,Premium
2.01,62.5,55,13777 €,8.12,8.08,5.06,331.984576,65.6096,41.0872,40.8848,6854.228856,1.004950495,0.624691358,0.88,0.006054498146,41.4989159,7.086666667,0.2022336943,Ideal
0.32,60.3,55,645 €,4.4,4.45,2.67,52.2786,19.58,11.748,11.8815,2015.625,0.9887640449,0.6033898305,0.912106136,0.006121051444,12.33774432,3.84,0.2155121652,Ideal
0.51,61.3,59,1343 €,5.11,5.17,3.15,83.218905,26.4187,16.0965,16.2855,2633.333333,0.9883945841,0.6128404669,0.9624796085,0.006128415172,16.13815995,4.476666667,0.2096235456,Premium
1.5,62.3,58,8820 €,7.31,7.26,4.54,240.940524,53.0706,33.1874,32.9604,5880,1.006887052,0.6231983528,0.9309791332,0.006225602796,36.60654444,6.37,0.2031658396,Premium
0.52,62.3,59,1577 €,5.16,5.08,3.19,83.618832,26.2128,16.4604,16.2052,3032.692308,1.015748031,0.623046875,0.9470304976,0.006218694851,18.85938804,4.476666667,0.2033648709,Premium
0.33,62.4,56,40816.5 €,4.41,4.44,2.76,54.041904,19.5804,12.1716,12.2544,1490.909091,0.9932432432,0.6237288136,0.8974358974,0.006106372566,9.104046371,3.87,0.2028382626,Ideal
0.51,61.9,58,1928 €,5.15,5.1,3.17,83.26005,26.265,16.3255,16.167,3780.392157,1.009803922,0.6185365854,0.9369951535,0.006125386665,23.15636371,4.473333333,0.2060704622,Premium
1.01,63,57,4559 €,6.39,6.34,4.01,162.455526,40.5126,25.6239,25.4234,4513.861386,1.007886435,0.6300078555,0.9047619048,0.006217086146,28.06306509,5.58,0.1989866114,Ideal
1.02,62.4,56,4044 €,6.42,6.37,3.99,163.172646,40.8954,25.6158,25.4163,3964.705882,1.007849294,0.6239249414,0.8974358974,0.00625104774,24.78356575,5.593333333,0.2027255573,Ideal
1.02,61.5,57,6306 €,6.48,6.5,3.99,168.0588,42.12,25.8552,25.935,6182.352941,0.9969230769,0.6147919877,0.9268292683,0.006069304315,37.52258138,5.656666667,0.2083452421,Ideal
1.18,61.6,59,6159 €,6.82,6.72,4.17,191.112768,45.8304,28.4394,28.0224,5219.491525,1.014880952,0.6159527326,0.9577922078,0.006174365074,32.22704618,5.903333333,0.2077354279,Premium
0.34,62.8,56,727 €,4.46,4.42,2.79,54.999828,19.7132,12.4434,12.3318,2138.235294,1.009049774,0.6283783784,0.8917197452,0.006181837514,13.21822316,3.89,0.1999971363,Ideal
0.74,61.2,56,3635 €,5.83,5.86,3.58,122.306404,34.1638,20.8714,20.9788,4912.162162,0.9948805461,0.6124893071,0.9150326797,0.006050378196,29.72043884,5.09,0.2097841807,Ideal
0.57,61.3,57,2202 €,5.29,5.38,3.27,93.064854,28.4602,17.2983,17.5926,3863.157895,0.9832713755,0.6129334583,0.9298531811,0.006124761126,23.6609193,4.646666667,0.2096435076,Ideal
0.53,61.4,58,1579 €,5.24,5.19,3.2,87.02592,27.1956,16.768,16.608,2979.245283,1.009633911,0.6136145733,0.9446254072,0.006090139581,18.14401962,4.543333333,0.2091194593,Premium
0.31,60.7,60,462 €,4.34,4.36,2.64,49.955136,18.9224,11.4576,11.5104,1490.322581,0.995412844,0.6068965517,0.9884678748,0.006205568132,9.248298313,3.78,0.2132653653,Premium
0.31,61.6,56,749 €,4.39,4.35,2.69,51.369585,19.0965,11.8091,11.7015,2416.129032,1.009195402,0.6155606407,0.9090909091,0.006034699326,14.58061224,3.81,0.2079075947,Ideal
0.42,61.2,60,803 €,4.82,4.78,2.94,67.736424,23.0396,14.1708,14.0532,1911.904762,1.008368201,0.6125,0.9803921569,0.006200504473,11.85477403,4.18,0.2098001104,Premium
0.5,61.9,54.1,1759 €,5.09,5.15,3.17,83.096795,26.2135,16.1353,16.3255,3518,0.9883495146,0.619140625,0.8739903069,0.006017079239,21.16808476,4.47,0.205719265,Ideal
0.71,59.1,61,2839 €,5.84,5.81,3.44,116.720576,33.9304,20.0896,19.9864,3998.591549,1.005163511,0.5905579399,1.0321489,0.006082903498,24.32304652,5.03,0.223532105,Premium
2,58.6,61,14199 €,8.28,8.16,4.82,325.662336,67.5648,39.9096,39.3312,7099.5,1.014705882,0.5863746959,1.040955631,0.006141330387,43.60037508,7.086666667,0.2262733627,Premium
1.5,61.6,59,9828 €,7.32,7.26,4.49,238.612968,53.1432,32.8668,32.5974,6552,1.008264463,0.6159122085,0.9577922078,0.00628633059,41.18803803,6.356666667,0.2076811625,Premium
1.04,62.2,57,6133 €,6.46,6.49,4.03,168.959362,41.9254,26.0338,26.1547,5897.115385,0.9953775039,0.6223938224,0.9163987138,0.006155326273,36.29866926,5.66,0.2036482549,Ideal
0.7,62.9,58,2536 €,5.67,5.65,3.56,114.04638,32.0355,20.1852,20.114,3622.857143,1.003539823,0.628975265,0.9220985692,0.00613785374,22.23656726,4.96,0.19959338,Premium
0.93,62.8,56,4739 €,6.26,6.2,3.91,151.75492,38.812,24.4766,24.242,5095.698925,1.009677419,0.6276083467,0.8917197452,0.006128302133,31.22798259,5.456666667,0.2004763768,Premium
1.36,61.6,56,12608 €,7.17,7.08,4.39,222.852204,50.7636,31.4763,31.0812,9270.588235,1.012711864,0.6161403509,0.9090909091,0.006102699348,56.57561278,6.213333333,0.2075882191,Ideal
0.31,61.8,56,625 €,4.33,4.37,2.69,50.900449,18.9221,11.6477,11.7553,2016.129032,0.9908466819,0.6183908046,0.9061488673,0.006090319557,12.27887007,3.796666667,0.2061550149,Ideal
0.54,62,53.9,1745 €,5.22,5.24,3.24,88.623072,27.3528,16.9128,16.9776,3231.481481,0.9961832061,0.6195028681,0.8693548387,0.006093221413,19.69013216,4.566666667,0.2054300428,Ideal
0.52,60.9,57,1600 €,5.17,5.21,3.16,85.116812,26.9357,16.3372,16.4636,3076.923077,0.9923224568,0.6088631985,0.9359605911,0.006109251366,18.79769651,4.513333333,0.2120584561,Ideal
1.3,62.1,57,6931 €,7.04,6.98,4.35,213.75552,49.1392,30.624,30.363,5331.538462,1.008595989,0.6205420827,0.9178743961,0.006081714287,32.42489364,6.123333333,0.2048190391,Ideal
1.21,62.5,60,8879 €,6.77,6.7,4.21,190.96139,45.359,28.5017,28.207,7338.016529,1.010447761,0.6250927988,0.96,0.006336359408,46.49631007,5.893333333,0.2020315753,Premium
0.52,61.7,56,1591 €,5.16,5.18,3.19,85.264872,26.7288,16.4604,16.5242,3059.615385,0.9961389961,0.6170212766,0.9076175041,0.006098642827,18.65950142,4.51,0.2069660007,Ideal
1.01,60.6,60,4121 €,6.46,6.5,3.93,165.0207,41.99,25.3878,25.545,4080.19802,0.9938461538,0.6064814815,0.9900990099,0.006120444284,24.97262465,5.63,0.2135332934,Premium
1.05,62,56,6936 €,6.47,6.53,4.03,170.263873,42.2491,26.0741,26.3159,6605.714286,0.9908116386,0.62,0.9032258065,0.006166898365,40.73676863,5.676666667,0.2051603267,Ideal
0.45,61.5,55,1736 €,5.02,4.97,3.07,76.594658,24.9494,15.4114,15.2579,3857.777778,1.010060362,0.6146146146,0.8943089431,0.005875083351,22.66476599,4.353333333,0.2085030445,Premium
0.7,63,60,2818 €,5.64,5.6,3.54,111.80736,31.584,19.9656,19.824,4025.714286,1.007142857,0.6298932384,0.9523809524,0.006260768522,25.20406528,4.926666667,0.1990508882,Premium
1.07,62.1,58,5055 €,6.56,6.49,4.05,172.42632,42.5744,26.568,26.2845,4724.299065,1.010785824,0.6206896552,0.9339774557,0.00620554913,29.31686995,5.7,0.2047501963,Premium
0.32,59.7,62,773 €,4.43,4.38,2.63,51.030942,19.4034,11.6509,11.5194,2415.625,1.011415525,0.5970488082,1.038525963,0.00627070533,15.14767256,3.813333333,0.2194909009,Premium
0.33,61.6,55,730 €,4.45,4.48,2.75,54.824,19.936,12.2375,12.32,2212.121212,0.9933035714,0.6159014558,0.8928571429,0.006019261637,13.31533635,3.893333333,0.2076759033,Ideal
0.83,62.1,55,3254 €,6,6.05,3.74,,36.3,22.44,22.627,3920.481928,0.9917355372,0.620746888,0.885668277,0.006113640047,23.96841532,5.263333333,0.2046901943,Ideal
0.56,62.3,55,1882 €,5.3,5.26,3.29,,27.878,17.437,17.3054,3360.714286,1.007604563,0.6231060606,0.8828250401,0.00610563046,20.51927951,4.616666667,0.2032282565,Ideal
2.05,62.4,57,17294 €,8.14,8.08,5.06,332.802272,65.7712,41.1884,40.8848,8436.097561,1.007425743,0.6239210851,0.9134615385,0.006159813717,51.96478947,7.093333333,0.2027244964,Ideal
0.38,63.4,53,809 €,4.61,4.63,2.93,62.538799,21.3443,13.5073,13.5659,2128.947368,0.9956803456,0.6341991342,0.8359621451,0.006076227975,12.93596956,4.056666667,0.196396585,Ideal
0.39,61.4,54,1129 €,4.7,4.73,2.9,64.4699,22.231,13.63,13.717,2894.871795,0.9936575053,0.6150583245,0.8794788274,0.006049334651,17.51204826,4.11,0.208196316,Ideal
2.11,59.1,59,15757 €,8.33,8.4,4.94,345.66168,69.972,41.1502,41.496,7467.772512,0.9916666667,0.5905558876,0.9983079526,0.006104234638,45.58503563,7.223333333,0.2235551505,Premium
1,62.9,58,6400 €,6.36,6.29,3.98,159.217512,40.0044,25.3128,25.0342,6400,1.011128776,0.6292490119,0.9220985692,0.006280716156,40.1965834,5.543333333,0.1994851937,Premium
1.12,61.2,58,7903 €,6.72,6.68,4.1,184.04736,44.8896,27.552,27.388,7056.25,1.005988024,0.6119402985,0.9477124183,0.006085390195,42.94003457,5.833333333,0.2101303774,Premium
1.63,62,54,9256 €,7.67,7.6,4.73,275.72116,58.292,36.2791,35.948,5678.527607,1.009210526,0.6195153897,0.8709677419,0.005911769702,33.57014746,6.666666667,0.2054592417,Premium
1.09,60.9,56,10333 €,6.66,6.7,4.07,181.61154,44.622,27.1062,27.269,9479.816514,0.9940298507,0.6092814371,0.9195402299,0.00600182125,56.8961642,5.81,0.2117855703,Ideal
0.26,60.4,58,37586.23419 €,4.19,4.15,2.52,43.81902,17.3885,10.5588,10.458,2230.769231,1.009638554,0.6043165468,0.9602649007,0.005933496459,13.23626133,3.62,0.2149140498,Premium
1.12,61,56,4077 €,6.68,6.65,4.07,180.79754,44.422,27.1876,27.0655,3640.178571,1.004511278,0.6106526632,0.9180327869,0.006194774553,22.55008558,5.8,0.2109234551,Premium
0.5,62.1,58,1140 €,5.04,5.07,3.14,80.235792,25.5528,15.8256,15.9198,2280,0.9940828402,0.6211671612,0.9339774557,0.006231632885,14.20812298,4.416666667,0.2044126945,Ideal
0.59,62.9,55,1743 €,5.39,5.32,3.37,96.634076,28.6748,18.1643,17.9284,2954.237288,1.013157895,0.629318394,0.8744038156,0.006105506716,18.0371156,4.693333333,0.1994689448,Ideal
1.01,61.2,56,5664 €,6.44,6.47,3.95,164.58386,41.6668,25.438,25.5565,5607.920792,0.9953632148,0.6119287374,0.9150326797,0.006136689223,34.41406709,5.62,0.2101302198,Ideal
0.59,60.6,56,1258 €,5.44,5.46,3.3,98.01792,29.7024,17.952,18.018,2132.20339,0.9963369963,0.6055045872,0.9240924092,0.00601930749,12.83438783,4.733333333,0.2141308326,Ideal
0.31,59.4,58,766 €,4.41,4.45,2.63,51.612435,19.6245,11.5983,11.7035,2470.967742,0.991011236,0.5936794582,0.9764309764,0.006006304488,14.84138464,3.83,0.2215888401,Premium
0.3,61.5,56,658 €,4.29,4.33,2.65,49.225605,18.5757,11.3685,11.4745,2193.333333,0.9907621247,0.6148491879,0.9105691057,0.006094389292,13.36702718,3.756666667,0.2083500993,Ideal
1.18,62.1,58,5921 €,6.76,6.7,4.18,189.32056,45.292,28.2568,28.006,5017.79661,1.008955224,0.6210995542,0.9339774557,0.006232814862,31.27499729,5.88,0.204478073,Premium
0.52,61.8,55,1919 €,5.19,5.16,3.2,85.69728,26.7804,16.608,16.512,3690.384615,1.005813953,0.6183574879,0.8899676375,0.006067870532,22.39277606,4.516666667,0.2061485937,Ideal
0.26,61.4,55,777 €,4.1,4.17,2.54,43.42638,17.097,10.414,10.5918,2988.461538,0.9832134293,0.6142684401,0.8957654723,0.00598714422,17.89235023,3.603333333,0.2088158438,Ideal
0.57,61.8,57,1608 €,5.28,5.33,3.28,92.307072,28.1424,17.3184,17.4824,2821.052632,0.990619137,0.6182846371,0.9223300971,0.006175041496,17.42011706,4.63,0.2062229746,Ideal
0.54,61.6,55,1385 €,5.24,5.28,3.24,89.641728,27.6672,16.9776,17.1072,2564.814815,0.9924242424,0.6159695817,0.8928571429,0.006023980261,15.45039382,4.586666667,0.2076403654,Ideal
1.37,60.7,60,5156 €,7.19,7.07,4.33,220.108189,50.8333,31.1327,30.6131,3763.50365,1.016973126,0.6072931276,0.9884678748,0.006224211858,23.42484404,6.196666667,0.2131535475,Premium
0.46,61.5,55,979 €,4.98,5.01,3.07,76.595886,24.9498,15.2886,15.3807,2128.26087,0.994011976,0.6146146146,0.8943089431,0.006005544475,12.78136531,4.353333333,0.2084692988,Ideal
0.57,62.1,56,1728 €,5.33,5.3,3.3,93.2217,28.249,17.589,17.49,3031.578947,1.005660377,0.6208842897,0.9017713366,0.006114456183,18.53645664,4.643333333,0.2045855844,Ideal
1.71,60.2,58,,7.75,7.79,4.68,282.5433,60.3725,36.27,36.4572,6434.502924,0.9948652118,0.6023166023,0.9634551495,0.006052169703,38.94270365,6.74,0.2161322702,Premium
1.81,62.7,58,12939 €,7.77,7.68,4.84,288.820224,59.6736,37.6068,37.1712,7148.618785,1.01171875,0.6265372168,0.9250398724,0.006266874165,44.79949437,6.763333333,0.2011579509,Premium
1.5,62.8,57,11159 €,7.3,7.25,4.57,241.86725,52.925,33.361,33.1325,7439.333333,1.006896552,0.6281786942,0.9076433121,0.0062017491,46.1368788,6.373333333,0.200101349,Ideal
1.54,62.5,57,15197 €,7.36,7.3,4.58,246.07424,53.728,33.7088,33.434,9868.181818,1.008219178,0.6248294679,0.912,0.006258273926,61.75778497,6.413333333,0.2021715948,Ideal
,62.2,58,13757 €,7.33,7.27,4.54,241.932514,53.2891,33.2782,33.0058,9110.596026,1.008253095,0.6219178082,0.9324758842,0.00624140995,56.86296469,6.38,0.2039666199,Premium
0.9,63,58,4486 €,6.15,6.07,3.85,143.722425,37.3305,23.6775,23.3695,4984.444444,1.013179572,0.6301145663,0.9206349206,0.006262070794,31.21294398,5.356666667,0.1989809657,Premium
1.01,62.7,58,3337 €,6.4,6.33,3.99,161.64288,40.512,25.536,25.2567,3303.960396,1.011058452,0.6268656716,0.9250398724,0.006248342024,20.64427459,5.573333333,0.2009480375,Premium
0.41,62.9,56,969 €,4.76,4.72,2.98,66.952256,22.4672,14.1848,14.0656,2363.414634,1.008474576,0.6286919831,0.8903020668,0.006123766763,14.47299998,4.153333333,0.1997991927,Ideal
0.25,62.8,57,436 €,3.98,4.01,2.51,40.059098,15.9598,9.9898,10.0651,1744,0.9925187032,0.6282853567,0.9076433121,0.00624077956,10.88391955,3.5,0.2000408122,Ideal
0.41,60.7,58,1153 €,4.83,4.79,2.92,67.556244,23.1357,14.1036,13.9868,2812.195122,1.008350731,0.6070686071,0.9555189456,0.006069017099,17.06726028,4.18,0.2131828191,Premium
1.21,62.4,58,4268 €,6.83,6.79,4.25,197.096725,46.3757,29.0275,28.8575,3527.272727,1.005891016,0.624082232,0.9294871795,0.006139117735,21.65434256,5.956666667,0.2026143347,Premium
0.57,62.1,57,1097 €,5.33,5.29,3.3,93.04581,28.1957,17.589,17.457,1924.561404,1.007561437,0.6214689266,0.9178743961,0.006126014702,11.78989145,4.64,0.2042378867,Premium
0.35,61,57,788 €,4.57,4.54,2.78,57.678884,20.7478,12.7046,12.6212,2251.428571,1.00660793,0.6103183315,0.9344262295,0.006068078571,13.66184547,3.963333333,0.2111436466,Ideal
0.71,62.3,59,2233 €,5.68,5.71,3.55,115.13644,32.4328,20.164,20.2705,3145.070423,0.9947460595,0.6233538191,0.9470304976,0.006166596779,19.39438114,4.98,0.2030596117,Ideal
0.31,62.3,60,625 €,4.32,4.35,2.7,50.7384,18.792,11.664,11.745,2016.129032,0.9931034483,0.6228373702,0.963081862,0.006109770903,12.3180865,3.79,0.2033888374,Premium
0.23,58.5,61,411 €,4.06,3.98,2.35,37.97318,16.1588,9.541,9.353,1786.956522,1.020100503,0.5845771144,1.042735043,0.00605690648,10.82342854,3.463333333,0.2275041557,Premium
1.6,62.2,58,11818 €,7.44,7.5,4.65,259.47,55.8,34.596,34.875,7386.25,0.992,0.6224899598,0.9324758842,0.006166416156,45.54669133,6.53,0.2036120064,Premium
0.68,61.3,55,3243 €,5.67,5.71,3.49,112.991193,32.3757,19.7883,19.9279,4769.117647,0.9929947461,0.6133567663,0.8972267537,0.006018168159,28.70135197,4.956666667,0.2092572635,Ideal
1.53,61.5,59,15592 €,7.38,7.46,4.56,251.049888,55.0548,33.6528,34.0176,10190.84967,0.9892761394,0.6145552561,0.9593495935,0.006094406224,62.10717768,6.466666667,0.2085483179,Ideal
0.78,62.6,56,1909 €,5.88,5.81,3.66,125.035848,34.1628,21.5208,21.2646,2447.435897,1.012048193,0.626176219,0.8945686901,0.006238210981,15.26762149,5.116666667,0.2013840849,Ideal
0.56,62.6,55,1814 €,5.29,5.25,3.3,91.64925,27.7725,17.457,17.325,3239.285714,1.007619048,0.6261859583,0.8785942492,0.006110251857,19.79285155,4.613333333,0.2013317492,Ideal
0.32,60.6,59,540 €,4.46,4.42,2.69,53.028508,19.7132,11.9974,11.8898,1687.5,1.009049774,0.6058558559,0.9735973597,0.006034489977,10.18320184,3.856666667,0.2139462887,Premium
0.7,62.9,56,2375 €,5.7,5.65,3.57,114.97185,32.205,20.349,20.1705,3392.857143,1.008849558,0.6290748899,0.8903020668,0.006088446868,20.65723044,4.973333333,0.1995676493,Ideal
0.4,62.6,55,625 €,4.73,4.76,2.97,66.868956,22.5148,14.0481,14.1372,1562.5,0.993697479,0.6259220232,0.8785942492,0.005981849036,9.346639119,4.153333333,0.2014845874,Ideal
2.01,60,60,12271 €,8.16,8.13,4.89,324.406512,66.3408,39.9024,39.7557,6104.975124,1.003690037,0.6003683241,1,0.006195929877,37.82599777,7.06,0.2173471095,Premium
1.74,61.6,57,8896 €,7.67,7.74,4.75,281.98755,59.3658,36.4325,36.765,5112.643678,0.9909560724,0.6164828034,0.9253246753,0.006170485186,31.54749208,6.72,0.2073353364,Ideal
0.35,60.3,60,522 €,4.57,4.59,2.76,57.894588,20.9763,12.6132,12.6684,1491.428571,0.9956427015,0.6026200873,0.9950248756,0.006045470088,9.016386817,3.973333333,0.2159383588,Premium
1,61.6,61,,6.38,6.35,3.92,158.81096,40.513,25.0096,24.892,7762,1.004724409,0.6158680283,0.9902597403,0.006296794629,48.87571991,5.55,0.2076845266,Premium
1.02,62.2,57,6683 €,6.47,6.43,4.01,1039.007704,41.6021,25.9447,25.7843,6551.960784,1.00622084,0.6217054264,0.9163987138,0.006114212739,40.06008209,5.636666667,0.2040821308,Ideal
0.32,62,57,756 €,4.4,4.37,2.72,52.30016,19.228,11.968,11.8864,2362.5,1.006864989,0.6202964652,0.9193548387,0.006118528127,14.4550227,3.83,0.2049566779,Ideal
0.31,61.1,57,698 €,4.39,4.35,2.67,50.987655,19.0965,11.7213,11.6145,2251.612903,1.009195402,0.6109839817,0.9328968903,0.006079903067,13.6895882,3.803333333,0.2107504065,Ideal
2.01,60.6,59,13387 €,8.23,8.17,4.97,334.178327,67.2391,40.9031,40.6049,6660.199005,1.007343941,0.606097561,0.9735973597,0.006014752716,40.05945006,7.123333333,0.2137810411,Premium
0.38,62,54.1,1010 €,4.66,4.68,2.9,63.24552,21.8088,13.514,13.572,2657.894737,0.9957264957,0.6209850107,0.8725806452,0.006008330709,15.96951057,4.08,0.2045161643,Ideal
1.54,61.9,55.8,,7.38,7.43,4.58,251.136972,54.8334,33.8004,34.0294,6492.207792,0.9932705249,0.6185010128,0.901453958,0.006132111842,39.81094428,6.463333333,0.2060661477,Ideal
1.06,61.2,57.1,5550 €,6.56,6.59,4.03,950.2584544,43.2304,26.4368,26.5577,5235.849057,0.995447648,0.6129277567,0.9330065359,0.006084313245,31.85654576,5.726666667,0.2095087925,Premium
1.13,61.5,59,4647 €,6.73,6.69,4.13,185.947881,45.0237,27.7949,27.6297,4112.389381,1.005979073,0.6154992548,0.9593495935,0.006076971643,24.99087365,5.85,0.2079202201,Premium
1.41,60.8,57,17216 €,7.28,7.23,4.41,232.117704,52.6344,32.1048,31.8843,12209.92908,1.006915629,0.6078566506,0.9375,0.006074504339,74.16926716,6.306666667,0.2126798931,Premium
1,62.4,61,4155 €,6.34,6.32,3.95,158.27176,40.0688,25.043,24.964,4155,1.003164557,0.6240126382,0.9775641026,0.00631824654,26.25231437,5.536666667,0.2026440342,Premium
0.54,61.5,56,1147 €,5.24,5.26,3.23,89.026552,27.5624,16.9252,16.9898,2124.074074,0.9961977186,0.6152380952,0.9105691057,0.006065606135,12.88379674,4.576666667,0.2080711151,Ideal
1.01,60.2,59,6618 €,6.58,6.51,3.94,168.773052,42.8358,25.9252,25.6494,6552.475248,1.010752688,0.601986249,0.9800664452,0.005984367694,39.21242119,5.676666667,0.2163842481,Premium
0.57,61.6,56,1567 €,5.34,5.37,3.3,94.63014,28.6758,17.622,17.721,2749.122807,0.9944134078,0.6162464986,0.9090909091,0.006023450879,16.55920619,4.67,0.2074547554,Ideal
0.61,62,54,1368 €,5.46,5.48,3.39,101.431512,29.9208,18.5094,18.5772,2242.622951,0.996350365,0.6197440585,0.8709677419,0.006013910154,13.48693294,4.776666667,0.2052802648,Ideal
0.65,61.4,55,1276 €,5.58,5.62,3.44,107.877024,31.3596,19.1952,19.3328,1963.076923,0.9928825623,0.6142857143,0.8957654723,0.006025379417,11.82828329,4.88,0.2086812914,Ideal
1.01,60.6,58,5559 €,6.54,6.49,3.95,958.4189129,42.4446,25.833,25.6355,5503.960396,1.00770416,0.6062931696,0.9570957096,0.006024234002,33.15714536,5.66,0.2136616397,Premium
0.7,59.7,60,2394 €,5.81,5.79,3.46,116.394054,33.6399,20.1026,20.0334,3420,1.003454231,0.5965517241,1.005025126,0.006014052917,20.56806098,5.02,0.2197443818,Premium
0.4,62,56,807 €,4.74,4.77,2.95,66.69891,22.6098,13.983,14.0715,2017.5,0.9937106918,0.6203995794,0.9032258065,0.005997099503,12.09914825,4.153333333,0.2048892373,Ideal
0.73,62.3,54,2321 €,5.81,5.78,3.61,121.230298,33.5818,20.9741,20.8658,3179.452055,1.005190311,0.6229508197,0.8667736758,0.00602159701,19.14537899,5.066666667,0.2033075703,Ideal
0.33,61.9,57,743 €,4.46,4.43,2.75,54.33395,19.7578,12.265,12.1825,2251.515152,1.006772009,0.6186726659,0.9208400646,0.006073550699,13.67469142,3.88,0.2059599281,Ideal
0.52,58.4,62,1076 €,5.33,5.28,3.1,87.24144,28.1424,16.523,16.368,2069.230769,1.009469697,0.5843543827,1.061643836,0.005960470162,12.33358826,4.57,0.2274939554,Premium
1.21,59.5,60,5556 €,6.99,6.9,4.13,199.19403,48.231,28.8687,28.497,4591.735537,1.013043478,0.5946724262,1.008403361,0.00607447924,27.8924022,6.006666667,0.2210064861,Premium
0.4,59.9,60,855 €,4.78,4.74,2.85,64.57302,22.6572,13.623,13.509,2137.5,1.008438819,0.5987394958,1.001669449,0.006194537595,13.24082411,4.123333333,0.2183987165,Premium
0.54,236.04,56,2168 €,5.2,5.23,3.23,87.84308,27.196,16.796,16.8929,4014.814815,0.9942638623,0.61936721,0.9046849758,0.006147325435,24.68037323,4.553333333,0.2055237455,Ideal
0.7,60.4,58,2956 €,5.78,5.71,3.47,114.523186,33.0038,20.0566,19.8137,4222.857143,1.012259194,0.6040034813,0.9602649007,0.006112299391,25.81136714,4.986666667,0.2151388971,Premium
0.5,61.6,57,1316 €,5.09,5.13,3.15,82.251855,26.1117,16.0335,16.1595,2632,0.992202729,0.6164383562,0.9253246753,0.006078890257,15.99963916,4.456666667,0.2073516433,Ideal
0.72,61.8,57,3099 €,5.76,5.73,3.55,117.16704,33.0048,20.448,20.3415,4304.166667,1.005235602,0.6179286336,0.9223300971,0.006145072881,26.44941786,5.013333333,0.2064106522,Ideal
1.09,62.5,56,5219 €,6.58,6.53,4.1,176.16634,42.9674,26.978,26.773,4788.073394,1.007656968,0.6254767353,0.896,0.006187334084,29.62540971,5.736666667,0.2017684082,Ideal
1.21,62.9,57,4631 €,6.78,6.73,4.25,193.92495,45.6294,28.815,28.6025,3827.272727,1.007429421,0.6291635825,0.906200318,0.006239527199,23.88037228,5.92,0.1995007999,Ideal
0.5,62,58,1559 €,5.07,5.09,3.15,81.289845,25.8063,15.9705,16.0335,3118,0.9960707269,0.6200787402,0.935483871,0.006150829787,19.17828728,4.436666667,0.2050745369,Premium
0.36,60.6,59,505 €,4.57,4.61,2.78,58.568206,21.0677,12.7046,12.8158,1402.777778,0.9913232104,0.605664488,0.9735973597,0.006146679651,8.622425621,3.986666667,0.2140631526,Premium
0.9,61,59,,6.29,6.17,3.8,147.47534,38.8093,23.902,23.446,4367.777778,1.019448947,0.6099518459,0.9672131148,0.006102715206,26.65530386,5.42,0.2115424488,Premium
0.7,60.6,57,2614 €,5.76,5.79,3.5,116.7264,33.3504,20.16,20.265,3734.285714,0.9948186528,0.6060606061,0.9405940594,0.005996929572,22.39424843,5.016666667,0.2137904085,Ideal
1.04,58.6,60,4368 €,6.67,6.63,3.9,172.46619,44.2221,26.013,25.857,4200,1.006033183,0.5864661654,1.023890785,0.00603016742,25.32670316,5.733333333,0.2261276651,Premium
1.25,62,58,7389 €,6.96,6.87,4.29,205.127208,47.8152,29.8584,29.4723,5911.2,1.013100437,0.6203904555,0.935483871,0.006093779622,36.0215501,6.04,0.2049639452,Premium
1.51,61.3,60,9833 €,7.29,7.33,4.48,239.391936,53.4357,32.6592,32.8384,6511.92053,0.9945429741,0.6128590971,0.9787928222,0.006307647723,41.0749007,6.366666667,0.209556241,Premium
1.19,60.1,59,4498 €,6.9,6.82,4.12,193.87896,47.058,28.428,28.0984,3779.831933,1.011730205,0.6005830904,0.9816971714,0.006137850131,23.20004192,5.946666667,0.2172748705,Premium
0.82,61.1,60,3080 €,6.02,5.96,3.66,131.317872,35.8792,22.0332,21.8136,3756.097561,1.010067114,0.6110183639,0.9819967267,0.006244389949,23.45453786,5.213333333,0.210737653,Premium
1.07,60.8,58,4491 €,6.62,6.68,4.04,178.655264,44.2216,26.7448,26.9872,4197.196262,0.9910179641,0.607518797,0.9539473684,0.005989188206,25.13779835,5.78,0.2129082362,Premium
0.91,62.5,56,3262 €,6.3,6.18,3.9,151.8426,38.934,24.57,24.102,3584.615385,1.019417476,0.625,0.896,0.005993048064,21.48277229,5.46,0.2022296519,Premium
0.51,62.1,55,1016 €,5.12,5.14,3.18,83.687424,26.3168,16.2816,16.3452,1992.156863,0.9961089494,0.6198830409,0.885668277,0.006094105609,12.14041431,4.48,0.2051953296,Ideal
0.3,140.34,56,382 €,4.28,4.3,2.68,49.32272,18.404,11.4704,11.524,1273.333333,0.9953488372,0.6247086247,0.896,0.006082389617,7.744909445,3.753333333,0.2022216333,Ideal
0.92,59,59,3709 €,6.36,6.31,3.74,150.092184,40.1316,23.7864,23.5994,4031.521739,1.00792393,0.590370955,1,0.006129566347,24.71147998,5.47,0.2236681946,Premium
1.23,61.3,60,9319 €,6.9,6.94,4.24,203.03664,47.886,29.256,29.4256,7576.422764,0.9942363112,0.612716763,0.9787928222,0.006058019873,45.89811967,6.026666667,0.2096465127,Premium
1.01,62.3,60,3782 €,6.39,6.32,3.96,159.923808,40.3848,25.3044,25.0272,3744.554455,1.011075949,0.6231313926,0.963081862,0.006315507445,23.64876154,5.556666667,0.2032469302,Premium
0.56,62.1,56,1580 €,5.29,5.31,3.29,92.415771,28.0899,17.4041,17.4699,2821.428571,0.9962335217,0.620754717,0.9017713366,0.006059571802,17.09664901,4.63,0.2046562129,Ideal
0.34,61.4,54,765 €,4.53,4.5,2.77,56.46645,20.385,12.5481,12.465,2250,1.006666667,0.6135105205,0.8794788274,0.00602127458,13.5478678,3.933333333,0.2091589978,Ideal
0.71,60.3,60,2674 €,5.77,5.74,3.47,1039.007704,33.1198,20.0219,19.9178,3766.197183,1.005226481,0.6029539531,0.9950248756,0.006177904184,23.26720534,4.993333333,0.2157334356,Premium
0.91,59.1,60,3845 €,6.36,6.3,3.74,149.85432,40.068,23.7864,23.562,4225.274725,1.00952381,0.5908372828,1.015228426,0.006072564341,25.65825263,5.466666667,0.2233872068,Premium
0.45,62.8,58,1055 €,4.83,4.88,3.05,71.88972,23.5704,14.7315,14.884,2344.444444,0.9897540984,0.6282183316,0.923566879,0.006259587602,14.67525538,4.253333333,0.2001089266,Ideal
0.31,60.5,58,1046 €,4.44,4.38,2.67,51.924024,19.4472,11.8548,11.6946,3374.193548,1.01369863,0.6054421769,0.958677686,0.005970261473,20.14481774,3.83,0.2142583628,Premium
0.7,61,56,3185 €,5.75,5.79,3.51,116.856675,33.2925,20.1825,20.3229,4550,0.9930915371,0.6083188908,0.9180327869,0.005990244032,27.25561034,5.016666667,0.2123918993,Ideal
0.42,62.2,53,777 €,4.85,4.86,3.02,71.18442,23.571,14.647,14.6772,1850,0.9979423868,0.6220391349,0.8520900322,0.00590016748,10.91530984,4.243333333,0.2038578781,Ideal
0.9,62,56,4234 €,6.22,6.19,3.85,148.23193,38.5018,23.947,23.8315,4704.444444,1.004846527,0.620467365,0.9032258065,0.006071566362,28.56334664,5.42,0.2048385982,Ideal
0.56,62.2,55,1739 €,5.25,5.28,3.28,90.9216,27.72,17.22,17.3184,3105.357143,0.9943181818,0.6229819563,0.884244373,0.006159152501,19.12636821,4.603333333,0.2032914093,Ideal
0.74,58.7,58,2452 €,5.93,5.86,3.46,120.234308,34.7498,20.5178,20.2756,3313.513514,1.011945392,0.5869380831,0.9880749574,0.006154649304,20.39351364,5.083333333,0.2258804625,Premium
0.31,61.9,54,789 €,4.35,4.37,2.7,51.32565,19.0095,11.745,11.799,2545.16129,0.995423341,0.619266055,0.8723747981,0.006039865058,15.37243074,3.806666667,0.2055798862,Ideal
1.21,60.1,59,17192 €,6.96,6.88,4.16,199.200768,47.8848,28.9536,28.6208,14208.26446,1.011627907,0.6011560694,0.9816971714,0.00607427377,86.30488814,6,0.2169143883,Premium
0.3,61.3,56,675 €,4.33,4.28,2.64,48.925536,18.5324,11.4312,11.2992,2250,1.011682243,0.6132404181,0.9135399674,0.006131767264,13.79647634,3.75,0.2093743767,Ideal
1,61.2,60,4704 €,6.45,6.42,3.94,163.15146,41.409,25.413,25.2948,4704,1.004672897,0.6122766123,0.9803921569,0.006129273989,28.83210484,5.603333333,0.2099139878,Premium
1.01,60.7,58,5525 €,6.5,6.48,3.94,165.9528,42.12,25.61,25.5312,5470.29703,1.00308642,0.6070878274,0.9555189456,0.006086067846,33.29259886,5.64,0.2131399393,Premium
0.6,62.2,54,1125 €,5.4,5.44,3.37,98.99712,29.376,18.198,18.3328,1875,0.9926470588,0.6217712177,0.8681672026,0.006060782374,11.36396695,4.736666667,0.2040500837,Ideal
1,61.5,58,3920 €,6.41,6.38,3.93,160.720494,40.8958,25.1913,25.0734,3920,1.004702194,0.6145426114,0.9430894309,0.006221981871,24.39016894,5.573333333,0.2085065823,Premium
2,62.7,58,12168 €,8.06,8.01,5.04,325.385424,64.5606,40.6224,40.3704,6084,1.006242197,0.6272557561,0.9250398724,0.006146556829,37.39565175,7.036666667,0.2006637743,Premium
0.72,61.6,58,2720 €,5.78,5.81,3.57,119.887026,33.5818,20.6346,20.7417,3777.777778,0.9948364888,0.6160483175,0.9415584416,0.006005654023,22.68802631,5.053333333,0.2075751771,Premium
0.71,60.9,59,2743 €,5.72,5.71,3.48,113.660976,32.6612,19.9056,19.8708,3863.380282,1.001751313,0.6089238845,0.9688013136,0.006246647046,24.13317303,4.97,0.2119913508,Premium
1.7,62.5,58,10574 €,7.53,7.6,4.73,270.68844,57.228,35.6169,35.948,6220,0.9907894737,0.6252478519,0.928,0.00628028297,39.06336008,6.62,0.2019240667,Premium
0.5,61.7,53,1678 €,5.14,5.16,3.18,84.341232,26.5224,16.3452,16.4088,3356,0.996124031,0.6174757282,0.8589951378,0.00592829851,19.8953698,4.493333333,0.2066845992,Ideal
0.42,60.5,58,36413.33869 €,4.85,4.83,2.93,68.636715,23.4255,14.2105,14.1519,2400,1.004140787,0.6053719008,0.958677686,0.006119173973,14.68601753,4.203333333,0.2142156198,Premium
0.3,61.3,58,506 €,4.33,4.28,2.64,48.925536,18.5324,11.4312,11.2992,1686.666667,1.011682243,0.6132404181,0.9461663948,0.006131767264,10.34224745,3.75,0.2093743767,Premium
1.08,62.2,56,4627 €,6.59,6.56,4.09,176.812336,43.2304,26.9531,26.8304,4284.259259,1.004573171,0.6220532319,0.9003215434,0.006108171095,26.16898857,5.746666667,0.2038580492,Ideal
0.48,61.3,60,1279 €,5.01,4.97,3.06,76.193082,24.8997,15.3306,15.2082,2664.583333,1.00804829,0.6132264529,0.9787928222,0.006299784539,16.78630089,4.346666667,0.2093459963,Premium
1.2,61.8,59,6762 €,6.77,6.8,4.19,192.89084,46.036,28.3663,28.492,5635,0.9955882353,0.6175386883,0.9546925566,0.006221135229,35.05609701,5.92,0.2066479797,Ideal
0.91,62.7,59,4637 €,6.16,6.13,3.85,145.37908,37.7608,23.716,23.6005,5095.604396,1.004893964,0.6265256306,0.9409888357,0.006259497584,31.8959234,5.38,0.2011045906,Premium
0.34,62.2,56,745 €,4.44,4.47,2.77,54.975636,19.8468,12.2988,12.3819,2191.176471,0.9932885906,0.6217732884,0.9003215434,0.006184557828,13.55145759,3.893333333,0.2040439296,Ideal
0.3,61.2,57,605 €,4.31,4.32,2.64,49.154688,18.6192,11.3784,11.4048,2016.666667,0.9976851852,0.6118192352,0.931372549,0.006103181857,12.30808341,3.756666667,0.2101898295,Ideal
0.5,61.4,62,1238 €,5.1,5.07,3.12,80.67384,25.857,15.912,15.8184,2476,1.00591716,0.6135693215,1.009771987,0.006197795965,15.34574281,4.43,0.2091175725,Premium
0.9,61.9,58,4209 €,6.17,6.1,3.8,143.0206,37.637,23.446,23.18,4676.666667,1.01147541,0.619396903,0.9369951535,0.006292799778,29.42932696,5.356666667,0.2055570242,Premium
1.14,62.6,56,6095 €,6.68,6.65,4.17,185.23974,44.422,27.8556,27.7305,5346.491228,1.004511278,0.6256564141,0.8945686901,0.006154187001,32.90330682,5.833333333,0.2016373791,Ideal
0.24,61,57,678 €,4.04,4.07,2.47,40.613716,16.4428,9.9788,10.0529,2825,0.9926289926,0.6091245376,0.9344262295,0.005909333684,16.69386766,3.526666667,0.2118931578,Ideal
0.43,62.3,54,1169 €,4.85,4.84,3.02,70.89148,23.474,14.647,14.6168,2718.604651,1.002066116,0.6233230134,0.8667736758,0.006065609013,16.48999287,4.236666667,0.2030659961,Ideal
1.02,62.5,57,4570 €,6.47,6.43,4.03,167.656463,41.6021,26.0741,25.9129,4480.392157,1.00622084,0.6248062016,0.912,0.006083869251,27.25812008,5.643333333,0.2021705514,Premium
1.38,61,60,7233 €,7.21,7.16,4.38,226.111368,51.6236,31.5798,31.3608,5241.304348,1.00698324,0.6096033403,0.9836065574,0.006103187169,31.98866145,6.25,0.2115915562,Premium
0.42,60.3,59,1142 €,4.83,4.86,2.92,68.543496,23.4738,14.1036,14.1912,2719.047619,0.9938271605,0.6026831785,0.9784411277,0.006127496036,16.66095351,4.203333333,0.2159087266,Premium
0.51,62.1,55,1656 €,5.14,5.17,3.2,85.03616,26.5738,16.448,16.544,3247.058824,0.9941972921,0.620756547,0.885668277,0.005997448615,19.47406844,4.503333333,0.2046655548,Ideal
0.31,60.8,59,874 €,4.36,4.39,2.66,50.913464,19.1404,11.5976,11.6774,2819.354839,0.993166287,0.608,0.9703947368,0.00608876269,17.16638255,3.803333333,0.2125902323,Premium
1.22,61.2,57,13029 €,6.88,6.92,4.22,200.912512,47.6096,29.0336,29.2024,10679.5082,0.9942196532,0.6115942029,0.931372549,0.006072294791,64.84912199,6.006666667,0.2103445588,Ideal
0.7,60.9,61,2838 €,5.71,5.66,3.46,111.822356,32.3186,19.7566,19.5836,4054.285714,1.008833922,0.6086191733,1.001642036,0.006259928918,25.37954038,4.943333333,0.2122198919,Premium
0.71,61.3,57,2704 €,5.81,5.78,3.55,119.21539,33.5818,20.6255,20.519,3808.450704,1.005190311,0.6125970664,0.9298531811,0.005955606906,22.68163532,5.046666667,0.2097174402,Ideal
1,59.4,55,4295 €,6.59,6.65,3.93,172.226355,43.8235,25.8987,26.1345,4295,0.9909774436,0.5936555891,0.9259259259,0.00580631228,24.93811124,5.723333333,0.2216042022,Ideal
0.51,61.4,56,2233 €,5.14,5.16,3.16,83.810784,26.5224,16.2424,16.3056,4378.431373,0.996124031,0.613592233,0.9120521173,0.006085135774,26.64334938,4.486666667,0.2090929856,Ideal
0.32,62.6,56,,4.37,4.41,2.75,52.997175,19.2717,12.0175,12.1275,2853.125,0.9909297052,0.6264236902,0.8945686901,0.006038057689,17.22733334,3.843333333,0.2011992697,Ideal
0.31,60.8,56,692 €,4.39,4.42,2.68,52.002184,19.4038,11.7652,11.8456,2232.258065,0.9932126697,0.608399546,0.9210526316,0.005961288087,13.30713341,3.83,0.2123407375,Ideal
0.61,59.9,57,1690 €,5.55,5.53,3.32,101.89578,30.6915,18.426,18.3596,2770.491803,1.003616637,0.5992779783,0.9515859766,0.00598650896,16.58557401,4.8,0.2180312265,Ideal
0.4,62.4,54,704 €,4.73,4.75,2.96,66.5038,22.4675,14.0008,14.06,1760,0.9957894737,0.6244725738,0.8653846154,0.006014693897,10.58586126,4.146666667,0.2023648966,Ideal
1.01,62.7,58,6335 €,6.36,6.31,3.97,159.322452,40.1316,25.2492,25.0507,6272.277228,1.00792393,0.6266771902,0.9250398724,0.006339345066,39.7621297,5.546666667,0.2010321893,Premium
0.37,61.5,58,1041 €,4.66,4.61,2.85,61.22541,21.4826,13.281,13.1385,2813.513514,1.010845987,0.6148867314,0.9430894309,0.006043242503,17.00274445,4.04,0.2083427276,Premium
0.63,58.9,59,1169 €,5.64,5.6,3.31,104.54304,31.584,18.6684,18.536,1855.555556,1.007142857,0.5889679715,1.001697793,0.006026226136,11.18199739,4.85,0.2245498719,Premium
0.36,62.5,58,684 €,4.52,4.57,2.84,58.664176,20.6564,12.8368,12.9788,1900,0.989059081,0.6248624862,0.928,0.006136624164,11.65958591,3.976666667,0.2021803528,Premium
0.3,61.8,58,878 €,4.36,4.32,2.68,50.478336,18.8352,11.6848,11.5776,2926.666667,1.009259259,0.6175115207,0.9385113269,0.005943143609,17.3936003,3.786666667,0.2066994383,Premium
1.23,62.1,55.9,6088 €,6.82,6.85,4.24,198.08008,46.717,28.9168,29.044,4949.593496,0.995620438,0.6203365033,0.9001610306,0.00620960977,30.73504413,5.97,0.2049172596,Ideal
0.45,60.6,59,1297 €,4.96,4.98,3.01,74.349408,24.7008,14.9296,14.9898,2882.222222,0.9959839357,0.6056338028,0.9735973597,0.006052502799,17.44465807,4.316666667,0.2140514912,Premium
2,63,56,18371 €,7.98,7.93,5.01,317.039814,63.2814,39.9798,39.7293,9185.5,1.00630517,0.6297925833,0.8888888889,0.006308355959,57.94540366,6.973333333,0.1991065541,Premium
0.5,62.4,60,1654 €,5.08,5.05,3.16,81.06664,25.654,16.0528,15.958,3308,1.005940594,0.6238894373,0.9615384615,0.006167765187,20.40296724,4.43,0.2027334367,Premium
1.03,62,58,4248 €,6.43,6.47,4,166.4084,41.6021,25.72,25.88,4124.271845,0.9938176198,0.6201550388,0.935483871,0.006189591391,25.5275575,5.633333333,0.2050396183,Premium
1.16,62,59,4320 €,6.74,6.62,4.14,184.721832,44.6188,27.9036,27.4068,3724.137931,1.018126888,0.619760479,0.9516129032,0.006279712514,23.38651557,5.833333333,0.2054347307,Premium
0.31,63,54,732 €,4.35,4.32,2.73,51.30216,18.792,11.8755,11.7936,2361.290323,1.006944444,0.6297577855,0.8571428571,0.006042630564,14.26840507,3.8,0.1991324675,Ideal
0.3,59.7,59,709 €,4.37,4.34,2.6,49.31108,18.9658,11.362,11.284,2363.333333,1.006912442,0.5970149254,0.9882747069,0.00608382538,14.37810731,3.77,0.2194709771,Premium
0.41,62.6,57,791 €,4.74,4.78,2.98,67.518456,22.6572,14.1252,14.2444,1929.268293,0.9916317992,0.6260504202,0.910543131,0.006072413741,11.71531529,4.166666667,0.2014221438,Ideal
1.52,60.9,61,13919 €,7.46,7.28,4.49,243.846512,54.3088,33.4954,32.6872,9157.236842,1.024725275,0.6092265943,1.001642036,0.00623342933,57.08098872,6.41,0.2121111237,Premium
1.35,60.5,56,6254 €,7.19,7.12,4.33,221.664824,51.1928,31.1327,30.8296,4632.592593,1.009831461,0.6051712089,0.9256198347,0.006090276191,28.21376837,6.213333333,0.2143816026,Premium
0.3,59.8,62,945 €,4.36,4.33,2.6,49.08488,18.8788,11.336,11.258,3150,1.006928406,0.5983889528,1.036789298,0.006111861738,19.25236448,3.763333333,0.2186072785,Premium
1.04,62.1,57,6692 €,6.48,6.53,4.04,170.950176,42.3144,26.1792,26.3812,6434.615385,0.9923430322,0.6210607225,0.9178743961,0.006083643927,39.14590881,5.683333333,0.2044911584,Ideal
0.62,59.8,58,1933 €,5.55,5.58,3.33,103.12677,30.969,18.4815,18.5814,3117.741935,0.9946236559,0.5983827493,0.9698996656,0.006012018024,18.74392071,4.82,0.2186017193,Premium
1.23,60.6,57,7803 €,6.94,6.98,4.22,204.421864,48.4412,29.2868,29.4556,6343.902439,0.994269341,0.6063218391,0.9405940594,0.006016968909,38.17106374,6.046666667,0.2136303655,Ideal
1.01,61.5,57,2844 €,6.45,6.46,3.97,165.41799,41.667,25.6065,25.6462,2815.841584,0.9984520124,0.6150271108,0.9268292683,0.006105744605,17.19280956,5.626666667,0.2081956187,Ideal
0.33,61.4,59,854 €,4.49,4.43,2.74,54.500518,19.8907,12.3026,12.1382,2587.878788,1.013544018,0.6143497758,0.9609120521,0.006054988321,15.66957584,3.886666667,0.2087098686,Premium
0.37,62.7,58,746 €,4.55,4.58,2.86,59.59954,20.839,13.013,13.0988,2016.216216,0.9934497817,0.6265060241,0.9250398724,0.006208101606,12.51687513,3.996666667,0.2011271099,Premium
0.35,61,57,633 €,4.54,4.57,2.78,57.678884,20.7478,12.6212,12.7046,1808.571429,0.9934354486,0.6103183315,0.9344262295,0.006068078571,10.97455353,3.963333333,0.2111436466,Ideal
0.44,61.5,57,990 €,4.88,4.87,3,71.2968,23.7656,14.64,14.61,2250,1.002053388,0.6153846154,0.9268292683,0.006171384971,13.88561618,4.25,0.2079748011,Ideal
0.32,61.7,58,702 €,4.38,4.41,2.71,52.345818,19.3158,11.8698,11.9511,2193.75,0.9931972789,0.6166097838,0.9400324149,0.006113191315,13.41081345,3.833333333,0.2072376607,Premium
1.49,62.6,54,6175 €,7.31,7.28,4.57,243.200776,53.2168,33.4067,33.2696,4144.295302,1.004120879,0.626456477,0.8626198083,0.006126625188,25.39054398,6.386666667,0.2011433773,Ideal
2.07,61.1,58,13844 €,8.27,8.2,5.03,341.10442,67.814,41.5981,41.246,6687.922705,1.008536585,0.6108075288,0.9492635025,0.006068522947,40.5858124,7.166666667,0.2108541952,Premium
0.38,60.6,59,1047 €,4.62,4.65,2.81,60.36723,21.483,12.9822,13.0665,2755.263158,0.9935483871,0.6062567422,0.9735973597,0.006294805973,17.34384698,4.026666667,0.2136756019,Premium
0.35,60.2,57,827 €,4.61,4.56,2.76,58.019616,21.0216,12.7236,12.5856,2362.857143,1.010964912,0.6019629226,0.9468438538,0.006032442545,14.25379996,3.976666667,0.2164011843,Premium
0.51,61.5,55,1129 €,5.16,5.18,3.18,84.997584,26.7288,16.4088,16.4724,2213.72549,0.9961389961,0.6150870406,0.8943089431,0.006000170546,13.28273048,4.506666667,0.2081650581,Ideal
0.3,62.3,57,491 €,4.27,4.3,2.67,49.02387,18.361,11.4009,11.481,1636.666667,0.9930232558,0.6231038506,0.9149277689,0.006119467925,10.01552917,3.746666667,0.2032251267,Ideal
1.03,60.7,56,7296 €,6.54,6.6,3.99,172.22436,43.164,26.0946,26.334,7083.495146,0.9909090909,0.6073059361,0.9225700165,0.005980570925,42.36334512,5.71,0.2130420847,Ideal
0.36,62.6,56,789 €,4.52,4.56,2.84,58.535808,20.6112,12.8368,12.9504,2191.666667,0.9912280702,0.6255506608,0.8945686901,0.006150081673,13.478929,3.973333333,0.2017334009,Ideal
0.56,59.8,62,1653 €,5.36,5.31,3.19,90.792504,28.4616,17.0984,16.9389,2951.785714,1.009416196,0.5979381443,1.036789298,0.006167910073,18.20634884,4.62,0.2189109761,Premium
0.31,61.9,53,891 €,4.36,4.39,2.71,51.870484,19.1404,11.8156,11.8969,2874.193548,0.993166287,0.6194285714,0.8562197092,0.005976423895,17.177399,3.82,0.2054932137,Ideal
0.32,61.7,58,720 €,4.44,4.38,2.72,52.896384,19.4472,12.0768,11.9136,2250,1.01369863,0.6167800454,0.9400324149,0.006049562859,13.61151643,3.846666667,0.207205403,Premium
0.41,61.7,59,923 €,4.73,4.71,2.91,64.829853,22.2783,13.7643,13.7061,2251.219512,1.004246285,0.6165254237,0.9562398703,0.006324246948,14.23726813,4.116666667,0.2072747972,Premium
1.9,61.9,57,10885 €,7.98,7.95,4.93,312.76413,63.441,39.3414,39.1935,5728.947368,1.003773585,0.618957941,0.9208400646,0.006074865427,34.8025843,6.953333333,0.2057667988,Premium
0.34,62.1,54,956 €,4.52,4.5,2.8,56.952,20.34,12.656,12.6,2811.764706,1.004444444,0.6208425721,0.8695652174,0.005969939598,16.78606546,3.94,0.2046048428,Ideal
0.32,61.4,56,898 €,4.42,4.44,2.72,53.379456,19.6248,12.0224,12.0768,2806.25,0.9954954955,0.6139954853,0.9120521173,0.005994815683,16.82295151,3.86,0.2088453577,Ideal
-0.279,61.4,59,11108 €,8.07,8,4.93,318.2808,64.56,39.7851,39.44,5554,1.00875,0.6135656503,0.9609120521,0.006283759498,34.90000025,7,0.209141426,Premium
1.02,61.5,59,6416 €,6.44,6.41,3.95,163.05758,41.2804,25.438,25.3195,6290.196078,1.004680187,0.6147859922,0.9593495935,0.006255458961,39.34806343,5.6,0.208355441,Premium
2.21,62,57,16558 €,8.36,8.31,5.18,359.862888,69.4716,43.3048,43.0458,7492.307692,1.006016847,0.6214757049,0.9193548387,0.006141227878,46.01196887,7.283333333,0.2042226087,Ideal
1.01,59.5,57,4079 €,6.56,6.59,3.91,169.030864,43.2304,25.6496,25.7669,4038.613861,0.995447648,0.5946768061,0.9579831933,0.005975240119,24.13168757,5.686666667,0.2209295567,Ideal
0.31,62.2,57,698 €,4.37,4.34,2.71,51.397318,18.9658,11.8427,11.7614,2251.612903,1.006912442,0.6222732491,0.9163987138,0.006031443119,13.58047515,3.806666667,0.2037365536,Premium
0.74,60.8,57,2822 €,5.85,5.89,3.57,123.009705,34.4565,20.8845,21.0273,3813.513514,0.9932088285,0.6081771721,0.9375,0.006015785502,22.94127931,5.103333333,0.2124794316,Ideal
1.01,62,59,6787 €,6.46,6.44,4,166.4096,41.6024,25.84,25.76,6719.80198,1.00310559,0.6201550388,0.9516129032,0.006069361383,40.78490664,5.633333333,0.2050242492,Premium
1.13,61.5,55,13968 €,6.74,6.69,4.13,186.224178,45.0906,27.8362,27.6297,12361.06195,1.007473842,0.6150409531,0.8943089431,0.006067955365,75.00637216,5.853333333,0.2082149724,Ideal
0.32,61,60,505 €,4.42,4.47,2.71,53.542554,19.7574,11.9782,12.1137,1578.125,0.9888143177,0.6096737908,0.9836065574,0.005976554648,9.431750305,3.866666667,0.2115883255,Premium
0.7,58.7,61,2842 €,5.8,5.72,3.38,112.13488,33.176,19.604,19.3336,4060,1.013986014,0.5868055556,1.039182283,0.006242482268,25.34447801,4.966666667,0.2259902063,Premium
0.5,61.4,59,1363 €,5.12,5.08,3.13,81.410048,26.0096,16.0256,15.9004,2726,1.007874016,0.6137254902,0.9609120521,0.006141748006,16.74240507,4.443333333,0.2090346144,Premium
0.38,62.1,56,973 €,4.61,4.64,2.87,61.390448,21.3904,13.2307,13.3168,2560.526316,0.9935344828,0.6205405405,0.9017713366,0.006189888043,15.84937122,4.04,0.2048033623,Ideal
1.54,60.9,61,6194 €,7.49,7.45,4.55,253.892275,55.8005,34.0795,33.8975,4022.077922,1.005369128,0.609103079,1.001642036,0.006065564618,24.39617353,6.496666667,0.2118929802,Premium
1.19,62,57,8265 €,6.76,6.78,4.2,192.49776,45.8328,28.392,28.476,6945.378151,0.9970501475,0.6203840473,0.9193548387,0.006181890117,42.93556455,5.913333333,0.2048822658,Ideal
0.27,61.6,54,490 €,4.17,4.2,2.58,,17.514,10.7586,10.836,1814.814815,0.9928571429,0.6164874552,0.8766233766,0.005975286216,10.84403795,3.65,0.2073159936,Ideal
1.1,60.9,60,4622 €,6.66,6.61,4.04,177.851304,44.0226,26.9064,26.7044,4201.818182,1.007564297,0.6088922381,0.9852216749,0.006184942001,25.98800175,5.77,0.2120389991,Premium
1.05,61.3,57,7155 €,6.58,6.51,4.01,171.771558,42.8358,26.3858,26.1051,6814.285714,1.010752688,0.6126814362,0.9298531811,0.006112769845,41.65416023,5.7,0.2097108965,Ideal
1,61.8,56,3584 €,6.43,6.38,3.96,162.452664,41.0234,25.4628,25.2648,3584,1.007836991,0.6182669789,0.9061488673,0.006155639282,22.06181119,5.59,0.2062191042,Ideal
2.04,59.3,61,8408 €,8.3,8.25,4.91,336.21225,68.475,40.753,40.5075,4121.568627,1.006060606,0.5933534743,1.028667791,0.006067595693,25.00801205,7.153333333,0.2217717906,Premium
1.11,?,56,7179 €,6.68,6.63,4.08,180.696672,44.2884,27.2544,27.0504,6467.567568,1.007541478,0.6130728775,0.9135399674,0.00614289122,39.72956403,5.796666667,0.2094373071,Premium
0.32,60.7,60,505 €,4.39,4.41,2.67,51.690933,19.3599,11.7213,11.7747,1578.125,0.9954648526,0.6068181818,0.9884678748,0.006190640823,9.769605049,3.823333333,0.2133140435,Premium
0.61,59.7,58,2392 €,5.56,5.53,3.31,101.771908,30.7468,18.4036,18.3043,3921.311475,1.005424955,0.5969341749,0.9715242881,0.005993795459,23.50353891,4.8,0.2195125598,Premium
0.32,61.2,57,800 €,4.42,4.44,2.71,53.183208,19.6248,11.9782,12.0324,2500,0.9954954955,0.611738149,0.931372549,0.006016936774,15.04234194,3.856666667,0.2102481121,Ideal
1.31,58.5,60,6737 €,7.18,7.15,4.19,215.10203,51.337,30.0842,29.9585,5142.748092,1.004195804,0.5847871598,1.025641026,0.006090133134,31.32002055,6.173333333,0.2271838975,Premium
0.3,62.2,60,658 €,4.24,4.28,2.65,48.09008,18.1472,11.236,11.342,2193.333333,0.9906542056,0.6220657277,0.9646302251,0.006238292804,13.68265555,3.723333333,0.2038863752,Premium
1.67,61.6,59,11975 €,7.64,7.61,4.7,273.25988,58.1404,35.908,35.767,7170.658683,1.003942181,0.6163934426,0.9577922078,0.006111398424,43.82275217,6.65,0.2073552805,Ideal
1.52,62,54,12182 €,7.44,7.36,4.59,251.341056,54.7584,34.1496,33.7824,8014.473684,1.010869565,0.6202702703,0.8709677419,0.006047559536,48.46800675,6.463333333,0.2050102009,Ideal
0.32,61.9,55,828 €,4.39,4.37,2.71,51.989453,19.1843,11.8969,11.8427,2587.5,1.004576659,0.6187214612,0.8885298869,0.006155094573,15.92630721,3.823333333,0.2059166234,Ideal
0.4,62.3,56,1125 €,4.73,4.71,2.94,65.498202,22.2783,13.9062,13.8474,2812.5,1.004246285,0.6228813559,0.8988764045,0.00610703787,17.17604401,4.126666667,0.2033456634,Ideal
0.35,not_measured,57,1063 €,4.53,4.5,2.78,56.6703,20.385,12.5934,12.51,3037.142857,1.006666667,0.6157253599,0.9253246753,0.006176074593,18.75762083,3.936666667,0.2077845567,Ideal
0.56,61.8,55,2061 €,5.32,5.36,3.3,94.10016,28.5152,17.556,17.688,3680.357143,0.9925373134,0.6179775281,0.8899676375,0.005951105715,21.90219443,4.66,0.2063956783,Ideal
1.01,62.9,61,7964 €,6.39,6.33,4,161.7948,40.4487,25.56,25.32,7885.148515,1.009478673,0.6289308176,0.9697933227,0.006242475036,49.22284276,5.573333333,0.199662254,Premium
0.4,61.3,59,945 €,4.74,4.69,2.89,64.246434,22.2306,13.6986,13.5541,2362.5,1.010660981,0.6129374337,0.9624796085,0.00622602649,14.70898758,4.106666667,0.2095508221,Premium
0.3,61,55,577 €,4.33,4.34,2.65,49.79933,18.7922,11.4745,11.501,1923.333333,0.9976958525,0.6113033449,0.9016393443,0.006024177434,11.58650126,3.773333333,0.2105107178,Ideal
0.43,61.8,56,1056 €,4.81,4.83,2.98,69.232254,23.2323,14.3338,14.3934,2455.813953,0.9958592133,0.6182572614,0.9061488673,0.006210977906,15.25300621,4.206666667,0.2062019209,Ideal
1.31,61.7,59,4548 €,7.03,6.98,4.32,211.979808,49.0694,30.3696,30.1536,3471.755725,1.007163324,0.6167023555,0.9562398703,0.006179833883,21.45487366,6.11,0.2071826062,Premium
1.5,59.4,62,12587 €,7.48,7.4,4.42,1039.007704,55.352,33.0616,32.708,8391.333333,1.010810811,0.5940860215,1.043771044,0.006131061494,51.44778069,6.433333333,0.221349673,Premium
1.5,62.2,60,15851 €,7.3,7.27,4.53,240.41163,53.071,33.069,32.9331,10567.33333,1.004126547,0.6218256692,0.9646302251,0.006239298823,65.93275042,6.366666667,0.2039964193,Premium
2.18,62.6,58,12970 €,8.25,8.23,5.16,350.3511,67.8975,42.57,42.4668,5949.541284,1.002430134,0.6262135922,0.9265175719,0.006222329543,37.0200065,7.213333333,0.2012868136,Premium
1.01,63,57,9463 €,6.36,6.4,4.02,163.63008,40.704,25.5672,25.728,9369.306931,0.99375,0.6300940439,0.9047619048,0.006172459245,57.83166518,5.593333333,0.1989215455,Ideal
0.43,62.1,54,1433 €,4.83,4.87,3.01,70.801521,23.5221,14.5383,14.6587,3332.55814,0.9917864476,0.6206185567,0.8695652174,0.006073315854,20.23967818,4.236666667,0.2047690063,Ideal
0.57,62.2,57,1613 €,5.33,5.31,3.31,93.680613,28.3023,17.6423,17.5761,2829.824561,1.003766478,0.6221804511,0.9163987138,0.006084503311,17.21807691,4.65,0.2037759711,Ideal
1.14,60,55,5801 €,6.85,6.79,4.09,190.232035,46.5115,28.0165,27.7711,5088.596491,1.008836524,0.5997067449,0.9166666667,0.005992681517,30.49433814,5.91,0.2177948279,Premium
0.82,60.9,56,3328 €,6.06,6.12,3.71,137.593512,37.0872,22.4826,22.7052,4058.536585,0.9901960784,0.6091954023,0.9195402299,0.005959583327,24.18718697,5.296666667,0.2118710109,Ideal
0.37,61.4,55,,4.63,4.66,2.85,61.49103,21.5758,13.1955,13.281,2854.054054,0.9935622318,0.6135629709,0.8957654723,0.006017137784,17.17323649,4.046666667,0.2091251428,Ideal
0.54,60.7,56,1340 €,5.3,-7.940,3.2,89.04,27.825,16.96,16.8,2481.481481,1.00952381,0.6066350711,0.9225700165,0.006064690027,15.04941599,4.583333333,0.2134641472,Ideal
0.41,60.9,57,1079 €,4.76,4.79,2.91,66.349164,22.8004,13.8516,13.9389,2631.707317,0.993736952,0.6094240838,0.9359605911,0.006179429782,16.26245057,4.153333333,0.2116985718,Ideal
0.25,61.1,58,576 €,4.08,4.1,2.5,41.82,16.728,10.2,10.25,2304,0.9951219512,0.6112469438,0.9492635025,0.005978000956,13.7733142,3.56,0.2105555222,Premium
1.01,58,61,7240 €,6.53,6.5,3.94,167.2333,42.445,25.7282,25.61,7168.316832,1.004615385,0.6047582502,1.051724138,0.00603946702,43.29281309,5.656666667,0.2146013716,Premium
0.41,62.1,55,1230 €,4.79,4.74,2.96,67.205616,22.7046,14.1784,14.0304,3000,1.010548523,0.6211962225,0.885668277,0.006100680634,18.3020419,4.163333333,0.2044347401,Ideal
1.01,61.9,62,4559 €,6.45,6.37,3.97,163.113405,41.0865,25.6065,25.2889,4513.861386,1.01255887,0.6193447738,1.001615509,0.006192011012,27.94987941,5.596666667,0.2056028494,Premium
0.38,?,54,1218 €,4.65,4.68,2.9,63.1098,21.762,13.485,13.572,3205.263158,0.9935897436,0.6216505895,0.8681672026,0.00602125185,19.29969672,4.076666667,0.2041175263,Ideal
0.51,59.9,56,1192 €,5.19,5.23,3.12,84.688344,27.1437,16.1928,16.3176,2337.254902,0.9923518164,0.5988483685,0.9348914858,0.006022080205,14.07513648,4.513333333,0.2183243953,Ideal
0.32,60.9,56,1080 €,4.42,4.41,2.69,52.434018,19.4922,11.8898,11.8629,3375,1.002267574,0.6092865232,0.9195402299,0.00610290823,20.59731528,3.84,0.2117664183,Ideal
,61.7,55,3922 €,5.8,5.83,3.59,121.39226,33.814,20.822,20.9297,5300,0.9948542024,0.6173688736,0.8914100486,0.006095940548,32.30848491,5.073333333,0.2067568781,Ideal
1.01,61.8,60,5279 €,6.36,6.4,3.94,160.37376,40.704,25.0584,25.216,5226.732673,0.99375,0.6175548589,0.9708737864,0.006297788366,32.91685622,5.566666667,0.2066484331,Premium
0.3,60.8,57,491 €,4.33,4.38,2.65,50.25831,18.9654,11.4745,11.607,1636.666667,0.9885844749,0.6084959816,0.9375,0.005969162115,9.769528661,3.786666667,0.2123249655,Ideal
0.3,60,60,526 €,4.36,4.38,2.62,50.033616,19.0968,11.4232,11.4756,1753.333333,0.99543379,0.5995423341,1,0.00599596879,10.51293195,3.786666667,0.2178692737,Premium
1.01,59.6,58,5034 €,6.61,6.54,3.92,169.459248,43.2294,25.9112,25.6368,4984.158416,1.010703364,0.5961977186,0.9731543624,0.005960135029,29.70625716,5.69,0.2200184912,Premium
0.3,61.3,55,863 €,4.33,4.35,2.66,50.10243,18.8355,11.5178,11.571,2876.666667,0.9954022989,0.6129032258,0.8972267537,0.005987733529,17.22471345,3.78,0.2095242549,Ideal
0.38,62.5,53.4,832 €,4.63,4.66,2.9,62.56982,21.5758,13.427,13.514,2189.473684,0.9935622318,0.6243272336,0.8544,0.00607321549,13.29714549,4.063333333,0.2024672825,Ideal
1,62.7,57,3416 €,6.4,6.33,3.99,161.64288,40.512,25.536,25.2567,3416,1.011058452,0.6268656716,0.9090909091,0.006186477252,21.13300629,5.573333333,0.2009480375,Premium
0.36,62,59,568 €,4.53,4.6,2.83,58.97154,20.838,12.8199,13.018,1577.777778,0.9847826087,0.6199342826,0.9516129032,0.006104639628,9.631764746,3.986666667,0.2052807555,Premium
0.5,61.8,58,1746 €,5.11,5.05,3.14,81.02927,25.8055,16.0454,15.857,3492,1.011881188,0.6181102362,0.9385113269,0.006170609707,21.5477691,4.433333333,0.2063577633,Premium
1.17,61.7,57,9326 €,6.71,6.75,4.15,187.963875,45.2925,27.8465,28.0125,7970.940171,0.9940740741,0.6166419019,0.9238249595,0.006224600339,49.61591689,5.87,0.2072118037,Ideal
2.16,58.7,60,18481 €,8.54,8.5,5,362.95,72.59,42.7,42.5,8556.018519,1.004705882,0.5868544601,1.022146508,0.005951232952,50.91885935,7.346666667,0.2258744461,Premium
0.35,60.2,58,583 €,4.54,4.6,2.75,,20.884,12.485,12.65,1665.714286,0.9869565217,0.601750547,0.9634551495,0.006094269645,10.15131201,3.963333333,0.2165616042,Premium
0.71,60.3,60,2671 €,5.76,5.81,3.49,116.794944,33.4656,20.1024,20.2769,3761.971831,0.991394148,0.6032843561,0.9950248756,0.00607903027,22.86914064,5.02,0.2155509811,Premium
0.7,60.4,59,2475 €,5.75,5.7,3.46,113.4015,32.775,19.895,19.722,3535.714286,1.00877193,0.6043668122,0.9768211921,0.006172757856,21.82510813,4.97,0.214874515,Premium
0.53,61.4,56,,5.18,5.25,3.2,87.024,27.195,16.576,16.8,3247.169811,0.9866666667,0.6136145733,0.9120521173,0.006090273947,19.7761537,4.543333333,0.2091657867,Ideal
0.43,62.5,55,774 €,4.8,4.83,3.01,69.78384,23.184,14.448,14.5383,1800,0.9937888199,0.6251298027,0.88,0.006161885044,11.09139308,4.213333333,0.2019715108,Ideal
0.34,61.9,58,745 €,4.43,4.45,2.75,54.212125,19.7135,12.1825,12.2375,2191.176471,0.995505618,0.6193693694,0.9369951535,0.006271659707,13.74231318,3.876666667,0.2055156009,Premium
1.01,61.2,59,4191 €,6.45,6.4,3.93,162.2304,41.28,25.3485,25.152,4149.50495,1.0078125,0.6116731518,0.9640522876,0.006225713553,25.83362921,5.593333333,0.2103095465,Premium
0.32,61.8,58,763 €,4.35,4.39,2.7,51.56055,19.0965,11.745,11.853,2384.375,0.9908883827,0.6178489703,0.9385113269,0.006206295317,14.7981354,3.813333333,0.2064899209,Premium
0.32,59.7,59,38296.35469 €,4.41,4.44,2.64,51.692256,19.5804,11.6424,11.7216,2015.625,0.9932432432,0.5966101695,0.9882747069,0.006190482381,12.47769105,3.83,0.2197248554,Premium
1.58,61.7,56,9335 €,7.55,7.48,4.64,1039.007704,56.474,35.032,34.7072,5908.227848,1.009358289,0.6174318031,0.9076175041,0.006029628526,35.62441917,6.556666667,0.2067497589,Ideal
0.73,61.2,56,1610 €,5.76,5.67,3.5,114.3072,32.6592,20.16,19.845,2205.479452,1.015873016,0.6124234471,0.9150326797,0.006386299376,14.08485205,4.976666667,0.2099411786,Premium
1.5,59,62,10038 €,7.39,7.31,4.56,950.0243991,54.0209,33.6984,33.3336,6692,1.010943912,0.6204081633,1.050847458,0.006089261164,40.74933571,6.42,0.204925866,Premium
,61.8,56,1985 €,5.23,5.25,3.24,88.9623,27.4575,16.9452,17.01,3675.925926,0.9961904762,0.6183206107,0.9061488673,0.00606998695,22.3128224,4.573333333,0.2061613111,Ideal
1.03,61.3,54,38639.61394 €,6.56,6.62,4.04,175.445888,43.4272,26.5024,26.7448,9593.203883,0.9909365559,0.6130500759,0.88091354,0.005870756002,56.31935928,5.74,0.2094653431,Ideal
0.91,62.1,55,5535 €,6.2,6.24,3.86,149.33568,38.688,23.932,24.0864,6082.417582,0.9935897436,0.6205787781,0.885668277,0.006093654243,37.06414971,5.433333333,0.2047793579,Ideal
0.31,61.6,55,802 €,4.37,4.36,2.69,51.253108,19.0532,11.7553,11.7284,2587.096774,1.002293578,0.6162657503,0.8928571429,0.006048413688,15.64783154,3.806666667,0.2074290174,Ideal
0.3,62.6,57,605 €,4.27,4.29,2.68,49.093044,18.3183,11.4436,11.4972,2016.666667,0.9953379953,0.6261682243,0.910543131,0.006110845357,12.32353814,3.746666667,0.2013233344,Ideal
0.76,61.6,56,3446 €,5.87,5.91,3.63,125.930871,34.6917,21.3081,21.4533,4534.210526,0.9932318105,0.6162988115,0.9090909091,0.006035057123,27.36421953,5.136666667,0.2074301158,Ideal
0.32,61.4,58,730 €,4.37,4.42,2.7,52.15158,19.3154,11.799,11.934,2281.25,0.9886877828,0.614334471,0.9446254072,0.006135959831,13.99765836,3.83,0.2086922592,Premium
0.55,61.1,56,1256 €,5.29,5.32,3.24,91.182672,28.1428,17.1396,17.2368,2283.636364,0.9943609023,0.6107445806,0.9165302782,0.006031847805,13.77454699,4.616666667,0.2108723562,Ideal
1.51,60.4,59,14247 €,7.41,7.33,4.45,241.703085,54.3153,32.9745,32.6185,9435.099338,1.010914052,0.6037991859,0.9768211921,0.00624733441,58.94422076,6.396666667,0.2152509539,Premium
0.35,61.7,55,849 €,4.54,4.57,2.81,861.5718869,20.7478,12.7574,12.8417,2425.714286,0.9934354486,0.6169045005,0.8914100486,0.006003294814,14.56227799,3.973333333,0.2070533703,Ideal
1.02,62.5,54,4284 €,6.44,6.4,4.01,165.27616,41.216,25.8244,25.664,4200,1.00625,0.6246105919,0.864,0.006171488979,25.92025371,5.616666667,0.202291202,Premium
0.5,60.7,59,1699 €,5.13,5.11,3.11,81.526473,26.2143,15.9543,15.8921,3398,1.003913894,0.607421875,0.9719934102,0.006132977199,20.83985652,4.45,0.2129344417,Premium
0.51,62.5,57,1779 €,5.08,5.13,3.19,83.132676,26.0604,16.2052,16.3647,3488.235294,0.9902534113,0.624877571,0.912,0.006134771844,21.39952767,4.466666667,0.2021575538,Ideal
0.95,61.6,56,4549 €,6.34,6.3,3.89,155.37438,39.942,24.6626,24.507,4788.421053,1.006349206,0.6155063291,0.9090909091,0.006114264141,29.27767113,5.51,0.207918217,Ideal
0.5,62.6,57,1424 €,5.11,5.05,3.18,82.06149,25.8055,16.2498,16.059,2848,1.011881188,0.625984252,0.910543131,0.006092991975,17.35284114,4.446666667,0.2015000312,Ideal
0.95,62.9,57,3818 €,6.24,6.19,3.91,151.026096,38.6256,24.3984,24.2029,4018.947368,1.008077544,0.6291230893,0.906200318,0.006290303631,25.28039922,5.446666667,0.199531053,Premium
0.57,61.8,55,2192 €,5.34,5.39,3.32,95.558232,28.7826,17.7288,17.8948,3845.614035,0.9907235622,0.6188257223,0.8899676375,0.005964949205,22.93889238,4.683333333,0.2058871877,Ideal
0.71,62.7,60,2147 €,5.69,5.63,3.55,113.723185,32.0347,20.1995,19.9865,3023.943662,1.010657194,0.6272084806,0.956937799,0.006243229997,18.87917578,4.956666667,0.200732704,Premium
1.7,62.3,58,13766 €,7.63,7.59,4.74,274.501458,57.9117,36.1662,35.9766,8097.647059,1.005270092,0.6228646518,0.9309791332,0.00619304543,50.14909611,6.653333333,0.2033611507,Premium
0.31,61.8,56,734 €,4.34,4.37,2.69,51.018002,18.9658,11.6746,11.7553,2367.741935,0.9931350114,0.6176808266,0.9061488673,0.006076286563,14.38707851,3.8,0.2065747569,Ideal
0.26,61.5,57,556 €,4.09,4.12,2.52,42.464016,16.8508,10.3068,10.3824,2138.461538,0.9927184466,0.6138855055,0.9268292683,0.006122831152,13.09343892,3.576666667,0.2089309981,Ideal
0.53,61.4,55,1727 €,5.24,5.21,3.21,87.634284,27.3004,16.8204,16.7241,3258.490566,1.005758157,0.614354067,0.8957654723,0.00604786136,19.70689919,4.553333333,0.2086293697,Premium
0.33,61.8,57,1021 €,4.46,4.44,2.75,54.4566,19.8024,12.265,12.21,3093.939394,1.004504505,0.6179775281,0.9223300971,0.006059871531,18.74887525,3.883333333,0.2063766383,Ideal
0.72,60.5,57,3275 €,5.81,5.83,3.52,,33.8723,20.4512,20.5216,4548.611111,0.9965694683,0.6048109966,0.9421487603,0.006038723516,27.46780488,5.053333333,0.2145635504,Ideal
0.53,60.4,58,1857 €,5.23,5.26,3.17,87.206066,27.5098,16.5791,16.6742,3503.773585,0.9942965779,0.6043851287,0.9602649007,0.006077558871,21.29439023,4.553333333,0.214840641,Premium
3.67,62.4,56,16193 €,9.86,9.81,6.13,592.934058,96.7266,60.4418,60.1353,4412.26158,1.00509684,0.6232841891,0.8974358974,0.006189558435,27.30995088,8.6,0.2031015149,Premium
1.01,61.6,57,7565 €,6.45,6.41,3.96,163.72422,41.3445,25.542,25.3836,7490.09901,1.00624025,0.6158631415,0.9253246753,0.006168910134,46.20574769,5.606666667,0.2076962554,Ideal
0.5,61.7,55,1626 €,5.11,5.14,3.16,82.998664,26.2654,16.1476,16.2424,3252,0.9941634241,0.6165853659,0.8914100486,0.006024193353,19.59067678,4.47,0.2072462743,Ideal
0.77,61.4,55,2159 €,5.9,5.95,3.64,127.7822,35.105,21.476,21.658,2803.896104,0.9915966387,0.6143459916,0.8957654723,0.006025878409,16.89593699,5.163333333,0.2086544976,Ideal
0.31,59.2,60,698 €,4.42,4.36,2.6,50.10512,19.2712,11.492,11.336,2251.612903,1.013761468,0.5922551253,1.013513514,0.006186992467,13.93071207,3.793333333,0.2225403021,Premium
0.92,59.4,59,3877 €,6.39,6.28,3.76,150.885792,40.1292,24.0264,23.6128,4214.130435,1.017515924,0.5935280189,0.9932659933,0.006097326911,25.69493091,5.476666667,0.2217949548,Premium
1.12,61.2,58,4084 €,6.67,6.69,4.09,182.505207,44.6223,27.2803,27.3621,3646.428571,0.9970104634,0.6122754491,0.9477124183,0.006136811209,22.37744373,5.816666667,0.2099080246,Premium
1.23,59.6,60,8145 €,6.94,6.99,4.15,201.31899,48.5106,28.801,29.0085,6621.95122,0.9928469242,0.5958363245,1.006711409,0.006109706789,40.45818032,6.026666667,0.2202147199,Premium
0.73,62.6,56,2762 €,5.77,5.74,3.6,119.23128,33.1198,20.772,20.664,3783.561644,1.005226481,0.6255430061,0.8945686901,0.006122554417,23.16506205,5.036666667,0.2017109002,Ideal
0.72,60.5,60,2429 €,5.82,5.72,3.49,116.183496,33.2904,20.3118,19.9628,3373.611111,1.017482517,0.6048526863,0.9917355372,0.006197093604,20.90658384,5.01,0.2146861007,Premium
0.4,61.4,60,702 €,4.67,4.71,2.88,63.347616,21.9957,13.4496,13.5648,1755,0.991507431,0.6140724947,0.9771986971,0.006314365485,11.08171143,4.086666667,0.2088250657,Premium
0.7,62.2,58,3107 €,5.62,5.69,3.52,112.561856,31.9778,19.7824,20.0288,4438.571429,0.9876977153,0.6224580018,0.9324758842,0.006218802931,27.60260101,4.943333333,0.2036792219,Ideal
0.35,60.9,59,984 €,4.56,4.54,2.77,57.345648,20.7024,12.6312,12.5758,2811.428571,1.004405286,0.6087912088,0.9688013136,0.006103340222,17.15910508,3.956666667,0.2120825032,Premium
0.36,61.4,54,835 €,4.59,4.63,2.83,60.142311,21.2517,12.9897,13.1029,2319.444444,0.9913606911,0.6138828633,0.8794788274,0.005985802574,13.88373653,4.016666667,0.2089441325,Ideal
0.33,62,54.2,660 €,4.42,4.45,2.75,,19.669,12.155,12.2375,2000,0.993258427,0.6200676437,0.8741935484,0.006100971071,12.20194214,3.873333333,0.2050975127,Ideal
0.77,61.2,57,3052 €,5.93,5.97,3.64,128.863644,35.4021,21.5852,21.7308,3963.636364,0.9932998325,0.6117647059,0.931372549,0.005975308288,23.68394921,5.18,0.2102445712,Ideal
1.01,59.1,59,4242 €,6.55,6.51,3.86,164.59233,42.6405,25.283,25.1286,4200,1.006144393,0.5911179173,0.9983079526,0.006136373426,25.77276839,5.64,0.2231836879,Premium
0.52,61.9,55,1911 €,5.14,5.16,3.19,84.606456,26.5224,16.3966,16.4604,3675,0.996124031,0.6194174757,0.8885298869,0.006146103082,22.58692883,4.496666667,0.2054830846,Ideal
0.3,59.3,59,421 €,4.36,4.38,2.59,49.460712,19.0968,11.2924,11.3442,1403.333333,0.99543379,0.5926773455,0.9949409781,0.006065420166,8.5118063,3.776666667,0.2221905837,Premium
0.5,60.6,59,1433 €,5.13,5.03,3.08,79.476012,25.8039,15.8004,15.4924,2866,1.019880716,0.6062992126,0.9735973597,0.006291206459,18.03059771,4.413333333,0.2138276083,Premium
1.15,62.5,60,4939 €,6.72,6.68,4.19,188.087424,44.8896,28.1568,27.9892,4294.782609,1.005988024,0.6253731343,0.96,0.006114178054,26.25906557,5.863333333,0.2018200162,Premium
0.35,61.8,56,974 €,4.52,4.57,2.81,58.044484,20.6564,12.7012,12.8417,2782.857143,0.989059081,0.6182618262,0.9061488673,0.006029858065,16.78023359,3.966666667,0.2062541661,Ideal
0.41,60.6,59,1153 €,4.8,4.77,2.9,66.3984,22.896,13.92,13.833,2812.195122,1.006289308,0.6060606061,0.9735973597,0.006174847587,17.36487626,4.156666667,0.2137967731,Premium
0.4,62.2,54,1323 €,4.77,4.75,2.96,67.0662,22.6575,14.1192,14.06,3307.5,1.004210526,0.6218487395,0.8681672026,0.005964256213,19.72677742,4.16,0.2039825529,Premium
0.53,59.9,58,1825 €,5.29,5.26,3.16,87.928264,27.8254,16.7164,16.6216,3443.396226,1.005703422,0.5990521327,0.9682804674,0.006027640896,20.75555592,4.57,0.2181828846,Premium
0.3,62.3,56,477 €,4.27,4.3,2.67,49.02387,18.361,11.4009,11.481,1590,0.9930232558,0.6231038506,0.8988764045,0.006119467925,9.729954,3.746666667,0.2032251267,Ideal
1.64,59.3,61,11159 €,7.68,7.64,4.54,266.385408,58.6752,34.8672,34.6856,6804.268293,1.005235602,0.592689295,1.028667791,0.006156493377,41.89043268,6.62,0.222186217,Premium
0.41,62.8,58,861 €,4.74,4.72,2.97,66.447216,22.3728,14.0778,14.0184,2100,1.004237288,0.6279069767,0.923566879,0.006170311184,12.95765349,4.143333333,0.2002523247,Premium
1.03,61.2,56,6123 €,6.5,6.53,3.98,168.9311,42.445,25.87,25.9894,5944.660194,0.9954058193,0.6108979279,0.9150326797,0.006097160322,36.24554626,5.67,0.2107712909,Ideal
1.02,62.5,60,4541 €,6.43,6.36,4,163.5792,40.8948,25.72,25.44,4451.960784,1.011006289,0.625488663,0.96,0.006235511605,27.76025314,5.596666667,0.2017943017,Premium
0.41,60.5,58,899 €,4.76,4.8,2.89,66.03072,22.848,13.7564,13.872,2192.682927,0.9916666667,0.6046025105,0.958677686,0.006209231097,13.61487502,4.15,0.2147238997,Premium
1.5,62.1,60,7098 €,7.34,-2.038,4.54,242.595808,53.4352,33.3236,33.0512,4732,1.008241758,0.6210670315,0.9661835749,0.006183124154,29.25854349,6.386666667,0.2044916881,Premium
0.57,61.3,59,1012 €,5.32,5.28,3.25,91.2912,28.0896,17.29,17.16,1775.438596,1.007575758,0.6132075472,0.9624796085,0.006243756244,11.08540582,4.616666667,0.2093539126,Premium
0.31,61.7,57,544 €,4.33,4.36,2.68,50.595184,18.8788,11.6044,11.6848,1754.83871,0.9931192661,0.6168009206,0.9238249595,0.006127065374,10.7520115,3.79,0.207119809,Ideal
1.5,61.1,58,14071 €,7.33,7.36,4.49,242.230112,53.9488,32.9117,33.0464,9380.666667,0.995923913,0.6113002042,0.9492635025,0.006192458847,58.08939229,6.393333333,0.2105186077,Premium
1.52,62.9,59,15404 €,7.29,7.25,4.57,241.535925,52.8525,33.3153,33.1325,10134.21053,1.005517241,0.628610729,0.9379968203,0.006293059718,63.77519203,6.37,0.1998268381,Premium
0.55,59.9,61,1270 €,5.31,5.28,3.17,88.876656,28.0368,16.8327,16.7376,2309.090909,1.005681818,0.5986779981,1.01836394,0.006188351641,14.28946652,4.586666667,0.2184177632,Premium
0.35,61.9,61,919 €,4.54,4.5,2.8,57.204,20.43,12.712,12.6,2625.714286,1.008888889,0.6194690265,0.98546042,0.006118453255,16.06531012,3.946666667,0.2054848486,Premium
0.41,61.8,59,1356 €,4.77,4.74,2.94,66.472812,22.6098,14.0238,13.9356,3307.317073,1.006329114,0.61829653,0.9546925566,0.006167935245,20.39931754,4.15,0.2061896045,Premium
1.51,62.3,57,11967 €,7.34,7.29,4.55,243.46413,53.5086,33.397,33.1695,7925.165563,1.006858711,0.6220095694,0.9149277689,0.006202145671,49.15303129,6.393333333,0.2038988516,Ideal
1.1,61.6,56,5610 €,6.59,6.68,4.09,180.046708,44.0212,26.9531,27.3212,5100,0.9865269461,0.6164280332,0.9090909091,0.006109525757,31.15858136,5.786666667,0.2074228691,Ideal
0.7,63,56,1827 €,5.66,5.61,3.55,112.72173,31.7526,20.093,19.9155,2610,1.008912656,0.6299911269,0.8888888889,0.00620998276,16.208055,4.94,0.1990061469,Premium
,62.5,59,2211 €,5.58,5.53,3.47,107.075178,30.8574,19.3626,19.1891,3300,1.009041591,0.6246624662,0.944,0.006257285886,20.64904342,4.86,0.2022819682,Premium
0.3,62.1,57,694 €,4.25,4.28,2.65,48.2035,18.19,11.2625,11.342,2313.333333,0.9929906542,0.6213364596,0.9178743961,0.006223614468,14.3972948,3.726666667,0.2043157803,Ideal
2.14,61.5,58,18291 €,8.31,8.24,5.09,,68.4744,42.2979,41.9416,8547.196262,1.008495146,0.6151057402,0.9430894309,0.006139991297,52.47971066,7.213333333,0.2081832724,Premium
2.01,62.1,56,12048 €,8.08,8.03,5,324.412,64.8824,40.4,40.15,5994.029851,1.00622665,0.6207324643,0.9017713366,0.006195825062,37.13796037,7.036666667,0.2046829179,Ideal
1.26,61.8,58,,6.91,6.88,4.26,202.523808,47.5408,29.4366,29.3088,4031.746032,1.004360465,0.6178390138,0.9385113269,0.006221490759,25.08347068,6.016666667,0.2064617102,Premium
0.32,60.7,56,905 €,4.45,4.43,2.7,53.22645,19.7135,12.015,11.961,2828.125,1.004514673,0.6081081081,0.9225700165,0.006012048521,17.00282472,3.86,0.2125089387,Ideal
0.7,61,56,2576 €,5.75,5.69,3.49,114.184075,32.7175,20.0675,19.8581,3680,1.010544815,0.6101398601,0.9180327869,0.006130452079,22.56006365,4.976666667,0.2112895021,Premium
0.3,62.4,57,844 €,4.33,4.29,2.69,49.968633,18.5757,11.6477,11.5401,2813.333333,1.009324009,0.6241299304,0.9134615385,0.006003766403,16.89059615,3.77,0.202612705,Ideal
0.32,61.7,55,1140 €,4.44,4.41,2.73,53.454492,19.5804,12.1212,12.0393,3562.5,1.006802721,0.6169491525,0.8914100486,0.005986400544,21.32655194,3.86,0.207027078,Ideal
0.28,62.4,55,828 €,4.2,4.17,2.61,45.71154,17.514,10.962,10.8837,2957.142857,1.007194245,0.623655914,0.8814102564,0.006125367905,18.11358795,3.66,0.2028861007,Ideal
1.51,62.1,58,38286.50945 €,7.36,7.4,4.58,249.44512,54.464,33.7088,33.892,5543.708609,0.9945945946,0.620596206,0.9339774557,0.006053435722,33.55848373,6.446666667,0.2047622031,Premium
0.33,61.1,58,743 €,4.47,4.43,2.72,53.861712,19.8021,12.1584,12.0496,2251.515152,1.009029345,0.6112359551,0.9492635025,0.006126801168,13.79458566,3.873333333,0.2105920734,Premium
0.6,62,57,1196 €,5.43,5.35,3.34,97.02867,29.0505,18.1362,17.869,1993.333333,1.014953271,0.6196660482,0.9193548387,0.006183739301,12.32625367,4.706666667,0.2054385974,Premium
0.72,61.7,57,2804 €,5.74,5.77,3.55,117.57529,33.1198,20.377,20.4835,3894.444444,0.9948006932,0.6168549088,0.9238249595,0.006123735693,23.84854845,5.02,0.2070755218,Ideal
1.01,60.8,59,3733 €,6.51,6.46,3.94,165.695124,42.0546,25.6494,25.4524,3696.039604,1.007739938,0.6075558982,0.9703947368,0.006095532419,22.52932923,5.636666667,0.2128737097,Premium
0.35,61.5,58,601 €,4.53,4.55,2.79,57.506085,20.6115,12.6387,12.6945,1717.142857,0.9956043956,0.6145374449,0.9430894309,0.006086312431,10.45106792,3.956666667,0.2085084203,Premium
0.74,61.7,56,3374 €,5.81,5.86,3.6,122.56776,34.0466,20.916,21.096,4559.459459,0.9914675768,0.616966581,0.9076175041,0.006037476739,27.52763043,5.09,0.2070308099,Ideal
0.52,61.5,56,1576 €,5.18,5.2,3.19,85.92584,26.936,16.5242,16.588,3030.769231,0.9961538462,0.6146435453,0.9105691057,0.00605173019,18.34139765,4.523333333,0.208440176,Ideal
0.55,62.2,58,1580 €,5.22,5.26,3.26,89.510472,27.4572,17.0172,17.1476,2872.727273,0.9923954373,0.6221374046,0.9324758842,0.006144532452,17.65156595,4.58,0.203826155,Premium
1.63,61.5,60,7302 €,7.59,7.54,4.65,266.11299,57.2286,35.2935,35.061,4479.754601,1.0066313,0.6146728354,0.9756097561,0.006125217713,27.43947223,6.593333333,0.2084371758,Premium
1.26,61.2,57,9999 €,6.96,6.99,4.27,207.737208,48.6504,29.7192,29.8473,7935.714286,0.9957081545,0.6121863799,0.931372549,0.006065355418,48.13292764,6.073333333,0.2099683936,Ideal
0.51,62.4,57,2203 €,5.12,5.08,3.18,82.710528,26.0096,16.2816,16.1544,4319.607843,1.007874016,0.6235294118,0.9134615385,0.006166083234,26.6350615,4.46,0.2029695027,Ideal
0.26,61.8,55.7,478 €,4.08,4.1,2.53,42.32184,16.728,10.3224,10.373,1838.461538,0.9951219512,0.6185819071,0.9012944984,0.006143400192,11.29440497,3.57,0.2060045878,Ideal
0.3,61.8,58,710 €,4.31,4.33,2.67,49.828341,18.6623,11.5077,11.5611,2366.666667,0.9953810624,0.6180555556,0.9385113269,0.006020670044,14.2489191,3.77,0.2063289955,Premium
0.33,61.3,55,946 €,4.49,4.51,2.76,55.889724,20.2499,12.3924,12.4476,2866.666667,0.9955654102,0.6133333333,0.8972267537,0.005904484338,16.92618843,3.92,0.2092562509,Ideal
0.33,60.8,58,666 €,4.44,4.47,2.71,53.784828,19.8468,12.0324,12.1137,2018.181818,0.9932885906,0.608305275,0.9539473684,0.00613555927,12.38267416,3.873333333,0.2123989823,Premium
0.55,61.1,57,2644 €,5.32,5.29,3.24,91.182672,28.1428,17.2368,17.1396,4807.272727,1.005671078,0.6107445806,0.9328968903,0.006031847805,28.99673745,4.616666667,0.2108723562,Ideal
0.33,61,56,978 €,4.49,4.52,2.75,55.8107,20.2948,12.3475,12.43,2963.636364,0.9933628319,0.6104328524,0.9180327869,0.00591284467,17.52352148,3.92,0.211072853,Ideal
1.5,61.6,55,10750 €,7.43,7.37,4.56,249.701496,54.7591,33.8808,33.6072,7166.666667,1.008141113,0.6162162162,0.8928571429,0.00600717266,43.05140407,6.453333333,0.2074916689,Premium
0.32,61.6,56,450 €,4.44,4.46,2.74,54.258576,19.8024,12.1656,12.2204,1406.25,0.9955156951,0.6157303371,0.9090909091,0.005897685188,8.293619796,3.88,0.2077688352,Ideal
0.53,60.4,57,1314 €,5.26,5.3,3.19,88.93082,27.878,16.7794,16.907,2479.245283,0.9924528302,0.6041666667,0.9437086093,0.005959688666,14.77553001,4.583333333,0.2149899863,Ideal
2.08,60.3,59,15065 €,8.26,8.22,4.97,337.449084,67.8972,41.0522,40.8534,7242.788462,1.00486618,0.6031553398,0.9784411277,0.006163892862,44.6437721,7.15,0.2156054933,Premium
1.61,62.2,59,7245 €,7.52,7.47,4.66,261.772704,56.1744,35.0432,34.8102,4500,1.00669344,0.6217478319,0.9485530547,0.006150373875,27.67668244,6.55,0.2040591901,Premium
0.92,60.7,58,2607 €,6.29,6.26,3.81,150.020274,39.3754,23.9649,23.8506,2833.695652,1.004792332,0.6071713147,0.9555189456,0.006132504464,17.37765124,5.453333333,0.2130947467,Premium
1.51,62.3,59,11540 €,7.32,7.28,4.55,242.46768,53.2896,33.306,33.124,7642.384106,1.005494505,0.6232876712,0.9470304976,0.006227634133,47.59397211,6.383333333,0.2031016104,Premium
0.3,61.9,59,776 €,4.32,4.3,2.67,49.59792,18.576,11.5344,11.481,2586.666667,1.004651163,0.6194895592,0.9531502423,0.006048640749,15.64581741,3.763333333,0.2054419475,Premium
0.43,61.6,57,1280 €,4.81,4.84,2.97,1039.007704,23.2804,14.2857,14.3748,2976.744186,0.9938016529,0.6155440415,0.9253246753,0.006219014483,18.51241521,4.206666667,0.2078940926,Ideal
0.31,61.8,55,683 €,4.34,4.36,2.69,50.901256,18.9224,11.6746,11.7284,2203.225806,0.995412844,0.6183908046,0.8899676375,0.006090223,13.41813648,3.796666667,0.2061213609,Ideal
1.24,61.9,56,6805 €,6.9,6.87,4.26,201.93678,47.403,29.394,29.2662,5487.903226,1.004366812,0.6187363834,0.9046849758,0.006140535667,33.69866549,6.01,0.2059064018,Ideal
0.78,61.9,56,3105 €,5.91,5.94,3.67,128.836818,35.1054,21.6897,21.7998,3980.769231,0.9949494949,0.6194092827,0.9046849758,0.006054170012,24.1002537,5.173333333,0.2054937653,Ideal
0.3,61,60,710 €,4.29,4.33,2.63,48.854091,18.5757,11.2827,11.3879,2366.666667,0.9907621247,0.6102088167,0.9836065574,0.006140734458,14.53307155,3.75,0.2112341162,Premium
-0.941,61.2,55,1942 €,5.35,5.38,3.29,94.69607,28.783,17.6015,17.7002,3407.017544,0.9944237918,0.6132339236,0.8986928105,0.006019257188,20.50771484,4.673333333,0.2093240482,Ideal
1.02,60.4,57,5666 €,6.58,6.54,3.96,170.411472,43.0332,26.0568,25.8984,5554.901961,1.006116208,0.6036585366,0.9437086093,0.005985512525,33.24893526,5.693333333,0.2152975178,Ideal
1.29,61.6,57,6327 €,6.98,7.01,4.32,211.376736,48.9298,30.1536,30.2832,4904.651163,0.9957203994,0.6175839886,0.9253246753,0.006102847572,29.93233844,6.103333333,0.2066193175,Ideal
0.32,62.2,59,365 €,4.37,4.41,2.73,52.611741,19.2717,11.9301,12.0393,1140.625,0.9909297052,0.6218678815,0.9485530547,0.006082292544,6.937614933,3.836666667,0.2040057011,Premium
0.32,60.7,57,490 €,4.45,4.41,2.69,52.789905,19.6245,11.9705,11.8629,1531.25,1.009070295,0.6072234763,0.9390444811,0.006061765029,9.2820777,3.85,0.2130925723,Ideal
0.7,62.1,62,1999 €,5.67,5.63,3.51,112.046571,31.9221,19.9017,19.7613,2855.714286,1.007104796,0.6212389381,0.998389694,0.006247402252,17.84079586,4.936666667,0.204376334,Premium
1,63,56,3640 €,6.37,6.33,4,161.2884,40.3221,25.48,25.32,3640,1.006319115,0.6299212598,0.8888888889,0.006200073905,22.56826901,5.566666667,0.1990277202,Premium
0.62,60.3,57,3378 €,5.54,5.61,3.35,104.11599,31.0794,18.559,18.7935,5448.387097,0.9875222816,0.600896861,0.9452736318,0.005954897034,32.44458416,4.833333333,0.217089164,Ideal
0.62,60.2,61,34565.86767 €,5.49,5.44,3.29,98.257824,29.8656,18.0621,17.8976,2169.354839,1.009191176,0.6020128088,1.013289037,0.006309930088,13.68847737,4.74,0.2163518996,Premium
1.08,61,56,7553 €,6.62,6.65,4.05,178.29315,44.023,26.811,26.9325,6993.518519,0.9954887218,0.6103993971,0.9180327869,0.006057439672,42.36281652,5.773333333,0.211081218,Ideal
0.7,59.2,60,2840 €,5.87,5.78,3.45,117.05367,33.9286,20.2515,19.941,4057.142857,1.015570934,0.5922746781,1.013513514,0.005980162775,24.26237469,5.033333333,0.2225540019,Premium
0.31,62,54,544 €,4.35,4.39,2.71,51.751515,19.0965,11.7885,11.8969,1754.83871,0.9908883827,0.6201372998,0.8709677419,0.0059901628,10.51176956,3.816666667,0.2050747266,Ideal
0.7,61.9,58,2310 €,5.69,5.72,3.53,114.890204,32.5468,20.0857,20.1916,3300,0.9947552448,0.6187554777,0.9369951535,0.006092773584,20.10615283,4.98,0.2058991926,Ideal
1,62.3,55,5396 €,6.41,6.34,3.97,161.338418,40.6394,25.4477,25.1698,5396,1.011041009,0.622745098,0.8828250401,0.006198151763,33.44522691,5.573333333,0.2034846861,Ideal
0.33,60.2,57,40816.5 €,4.52,4.48,2.71,54.876416,20.2496,12.2492,12.1408,3036.363636,1.008928571,0.6022222222,0.9468438538,0.006013512253,18.25920993,3.903333333,0.2162182981,Ideal
0.53,61.6,56,1607 €,5.23,5.19,3.21,87.131277,27.1437,16.7883,16.6599,3032.075472,1.007707129,0.6161228407,0.9090909091,0.006082775534,18.4434345,4.543333333,0.2075459543,Ideal
-1.564,62.3,55,971 €,4.69,4.71,2.93,64.723407,22.0899,13.7417,13.8003,2489.74359,0.9957537155,0.6234042553,0.8828250401,0.00602564077,15.00230048,4.11,0.2030233456,Ideal
-1.826,62.4,58,5750 €,6.65,6.61,4.14,181.97991,43.9565,27.531,27.3654,5180.18018,1.006051437,0.6244343891,0.9294871795,0.006099574398,31.5968944,5.8,0.2023984212,Premium
0.25,62.3,54,739 €,4.06,4.09,2.54,42.177716,16.6054,10.3124,10.3886,2956,0.9926650367,0.6233128834,0.8667736758,0.005927300568,17.52110048,3.563333333,0.2030990401,Ideal
0.38,59.9,58,983 €,4.77,4.72,2.84,63.940896,22.5144,13.5468,13.4048,2586.842105,1.01059322,0.5985247629,0.9682804674,0.00594298835,15.37357249,4.11,0.2185541539,Premium
0.51,62.2,55,1781 €,5.14,5.11,3.19,83.786626,26.2654,16.3966,16.3009,3492.156863,1.005870841,0.6224390244,0.884244373,0.006086890287,21.25637569,4.48,0.2036272245,Ideal
0.31,61.5,56,872 €,4.37,4.34,2.68,50.828344,18.9658,11.7116,11.6312,2812.903226,1.006912442,0.6153846154,0.9105691057,0.006098959274,17.15578221,3.796666667,0.2079975991,Ideal
1.15,62,58,4830 €,6.7,6.66,4.14,184.73508,44.622,27.738,27.5724,4200,1.006006006,0.619760479,0.935483871,0.006225130603,26.14554853,5.833333333,0.2052820857,Premium
1.15,60.6,56,9377 €,6.83,6.8,4.13,191.81372,46.444,28.2079,28.084,8153.913043,1.004411765,0.6060161409,0.9240924092,0.00599540012,48.88597124,5.92,0.2138142554,Ideal
1.41,61.2,60,8654 €,7.17,7.21,4.4,227.46108,51.6957,31.548,31.724,6137.588652,0.9944521498,0.611961057,0.9803921569,0.00619886268,38.04606924,6.26,0.2101150138,Premium
0.38,61.9,54,1200 €,4.67,4.7,2.9,63.6521,21.949,13.543,13.63,3157.894737,0.9936170213,0.6189967983,0.8723747981,0.005969952288,18.85248091,4.09,0.2057570161,Ideal
0.41,62.2,58,1105 €,4.78,4.8,2.98,68.37312,22.944,14.2444,14.304,2695.121951,0.9958333333,0.6221294363,0.9324758842,0.005996508569,16.16132188,4.186666667,0.2038092154,Premium
1.6,62.2,55,12379 €,7.47,7.5,4.65,260.51625,56.025,34.7355,34.875,7736.875,0.996,0.621242485,0.884244373,0.006141651432,47.51718943,6.54,0.2043559533,Ideal
0.41,61.3,55,990 €,4.8,4.83,2.95,68.3928,23.184,14.16,14.2485,2414.634146,0.9937888199,0.6126687435,0.8972267537,0.005994783077,14.47520792,4.193333333,0.2096791896,Ideal
0.4,60.8,58,1397 €,4.77,4.73,2.89,65.204469,22.5621,13.7853,13.6697,3492.5,1.00845666,0.6084210526,0.9539473684,0.006134548845,21.42491184,4.13,0.2123400633,Premium
1.03,61,60,4441 €,6.46,6.53,3.96,167.047848,42.1838,25.5816,25.8588,4311.650485,0.989280245,0.6096997691,0.9836065574,0.006165898049,26.58519731,5.65,0.2115667451,Premium
1.33,62.7,57,6480 €,7.05,6.98,4.4,216.5196,49.209,31.02,30.712,4872.180451,1.010028653,0.6272273699,0.9090909091,0.006142630967,29.92800652,6.143333333,0.2007141653,Ideal
0.52,62.1,56,1833 €,5.14,5.16,3.2,84.87168,26.5224,16.448,16.512,3525,0.996124031,0.6213592233,0.9017713366,0.00612689651,21.5973102,4.5,0.2042833504,Ideal
1.01,62.8,59,4672 €,6.44,6.34,4.01,163.726696,40.8296,25.8244,25.4234,4625.742574,1.015772871,0.627543036,0.9394904459,0.006168816843,28.53535871,5.596666667,0.2005989172,Premium
0.49,61.1,57,1246 €,5.12,5.09,3.12,81.309696,26.0608,15.9744,15.8808,2542.857143,1.00589391,0.611165524,0.9328968903,0.006026341557,15.32412567,4.443333333,0.2106117302,Ideal
0.41,60.4,59,775 €,4.8,4.75,2.88,65.664,22.8,13.824,13.68,1890.243902,1.010526316,0.6031413613,0.9768211921,0.006243908382,11.80250975,4.143333333,0.2156584275,Premium
0.26,62.5,57,605 €,4.06,4.1,2.55,42.4473,16.646,10.353,10.455,2326.923077,0.9902439024,0.625,0.912,0.006125242359,14.2529678,3.57,0.2020822851,Ideal
0.33,62,55,880 €,4.44,4.47,2.76,54.777168,19.8468,12.2544,12.3372,2666.666667,0.9932885906,0.6195286195,0.8870967742,0.006024407834,16.06508756,3.89,0.2054304681,Ideal
1.08,59.9,58,3931 €,6.75,6.66,4.01,180.26955,44.955,27.0675,26.7066,3639.814815,1.013513514,0.5980611484,0.9682804674,0.005991028435,21.80623405,5.806666667,0.2188805488,Premium
1.7,61,56,18445 €,7.67,7.62,4.66,272.355564,58.4454,35.7422,35.5092,10850,1.00656168,0.6095487247,0.9180327869,0.006241840538,67.72396983,6.65,0.2116226377,Ideal
0.53,61.3,58,1268 €,5.16,5.21,3.18,85.489848,26.8836,16.4088,16.5678,2392.45283,0.990403071,0.6133076181,0.9461663948,0.006199566526,14.83217048,4.516666667,0.209310655,Premium
0.3,61.5,57,605 €,4.31,4.34,2.66,49.756364,18.7054,11.4646,11.5444,2016.666667,0.9930875576,0.6150289017,0.9268292683,0.006029379478,12.15924861,3.77,0.2082185879,Ideal
0.55,61.9,55,1588 €,5.25,5.28,3.26,90.3672,27.72,17.115,17.2128,2887.272727,0.9943181818,0.6191832858,0.8885298869,0.006086279092,17.57274763,4.596666667,0.2056371455,Ideal
0.3,not_measured,60,526 €,4.3,4.36,2.64,49.49472,18.748,11.352,11.5104,1753.333333,0.9862385321,0.6096997691,0.9836065574,0.006061252594,10.62739622,3.766666667,0.2116062257,Premium
1.11,62,54,13405 €,6.67,6.63,4.16,183.963936,44.2221,27.7472,27.5808,12076.57658,1.006033183,0.6255639098,0.8709677419,0.006033791319,72.86754291,5.82,0.2017028939,Premium
0.39,62.8,58,921 €,4.66,4.61,2.91,62.514366,21.4826,13.5606,13.4151,2361.538462,1.010845987,0.6278317152,0.923566879,0.006238566028,14.73261362,4.06,0.2003519596,Premium
1.25,62.2,56,12698 €,6.93,6.89,4.3,205.31511,47.7477,29.799,29.627,10158.4,1.005805515,0.6222865412,0.9003215434,0.006088202666,61.84639796,6.04,0.203720888,Ideal
1.02,59.7,60,5198 €,6.58,6.55,3.92,168.94808,43.099,25.7936,25.676,5096.078431,1.004580153,0.5971058644,1.005025126,0.006037357749,30.76684861,5.683333333,0.2194003121,Premium
2.02,61.6,58,12431 €,8.14,8.1,5,329.67,65.934,40.7,40.5,6153.960396,1.004938272,0.6157635468,0.9415584416,0.006127339461,37.70740437,7.08,0.2077503894,Premium
1.01,60.9,58,7522 €,6.53,6.47,3.96,167.306436,42.2491,25.8588,25.6212,7447.524752,1.00927357,0.6092307692,0.9523809524,0.00603682694,44.95941806,5.653333333,0.2118428077,Premium
1.23,61.9,54,4649 €,6.89,6.86,4.26,201.350604,47.2654,29.3514,29.2236,3779.674797,1.004373178,0.6196363636,0.8723747981,0.006108747506,23.08907899,6.003333333,0.2053498603,Premium
0.95,58.9,61,3907 €,6.45,6.41,3.79,156.695655,41.3445,24.4455,24.2939,4112.631579,1.00624025,0.5894245723,1.03565365,0.006062707993,24.93368434,5.55,0.2242549671,Premium
0.36,61.3,55,705 €,4.62,4.64,2.84,60.880512,21.4368,13.1208,13.1776,1958.333333,0.9956896552,0.6133909287,0.8972267537,0.00591322228,11.5800603,4.033333333,0.2092198995,Ideal
0.6,62.2,53,2385 €,5.43,5.44,3.38,99.842496,29.5392,18.3534,18.3872,3975,0.9981617647,0.6218951242,0.8520900322,0.006009465148,23.88762396,4.75,0.2039462931,Ideal
0.58,62.3,54,1683 €,5.39,5.43,3.37,98.632149,29.2677,18.1643,18.2991,2901.724138,0.9926335175,0.6229205176,0.8667736758,0.005880435597,17.06340191,4.73,0.2033411968,Ideal
1.21,59.9,60,4770 €,6.89,6.86,4.12,194.733448,47.2654,28.3868,28.2632,3942.14876,1.004373178,0.5992727273,1.001669449,0.006213621812,24.49502152,5.956666667,0.218037583,Premium
1.65,62.1,56,12225 €,7.68,7.65,4.76,279.65952,58.752,36.5568,36.414,7409.090909,1.003921569,0.6210045662,0.9017713366,0.005900031581,43.71387035,6.696666667,0.2045024737,Ideal
0.3,62.3,53.9,499 €,4.28,4.31,2.68,49.437424,18.4468,11.4704,11.5508,1663.333333,0.9930394432,0.6239813737,0.8651685393,0.006068277344,10.09356798,3.756666667,0.2026841548,Ideal
0.33,61.2,56,862 €,4.46,4.49,2.74,54.869596,20.0254,12.2204,12.3026,2612.121212,0.9933184855,0.6122905028,0.9150326797,0.0060142597,15.70997534,3.896666667,0.2099175034,Ideal
2.2,63,59,15238 €,8.22,8.19,5.17,348.053706,67.3218,42.4974,42.3423,6926.363636,1.003663004,0.6301035954,0.9365079365,0.006320863597,43.78059977,7.193333333,0.1989015488,Premium
1,60.6,59,6115 €,6.48,6.42,3.91,162.662256,41.6016,25.3368,25.1022,6115,1.009345794,0.6062015504,0.9735973597,0.006147707677,37.59323245,5.603333333,0.2137331362,Premium
1.04,62.6,58,4507 €,6.49,6.44,4.05,169.27218,41.7956,26.2845,26.082,4333.653846,1.007763975,0.626450116,0.9265175719,0.006143951121,26.6257574,5.66,0.2011704773,Premium
0.44,61.5,58,926 €,4.87,4.95,3.02,72.80163,24.1065,14.7074,14.949,2104.545455,0.9838383838,0.6150712831,0.9430894309,0.006043820722,12.71949543,4.28,0.2083067645,Premium
1.16,61.9,55,5991 €,6.71,6.77,4.17,189.429339,45.4267,27.9807,28.2309,5164.655172,0.9911373708,0.618694362,0.8885298869,0.006123655428,31.62656868,5.883333333,0.2059643997,Ideal
0.34,62.6,58,686 €,4.46,4.49,2.8,56.07112,20.0254,12.488,12.572,2017.647059,0.9933184855,0.625698324,0.9265175719,0.006063727637,12.23446223,3.916666667,0.2016249067,Premium
0.4,60.9,58,1125 €,4.79,4.74,2.9,65.84334,22.7046,13.891,13.746,2812.5,1.010548523,0.6086044071,0.9523809524,0.006075025963,17.08601052,4.143333333,0.2122461059,Premium
1.14,61.5,57,4212 €,6.73,6.77,4.15,189.082715,45.5621,27.9295,28.0955,3694.736842,0.9940915805,0.6148148148,0.9268292683,0.00602910742,22.27596531,5.883333333,0.2083445668,Ideal
0.57,59.9,59,1689 €,5.35,5.4,3.22,93.0258,28.89,17.227,17.388,2963.157895,0.9907407407,0.5990697674,0.9849749583,0.006127332417,18.15625343,4.656666667,0.2181993842,Premium
1,59.8,59,5151 €,6.55,6.49,3.9,165.78705,42.5095,25.545,25.311,5151,1.009244992,0.5981595092,0.9866220736,0.006031834211,31.06997802,5.646666667,0.2187702574,Premium
1.3,62.4,58,7536 €,6.92,6.95,4.33,208.24702,48.094,29.9636,30.0935,5796.923077,0.9956834532,0.624369142,0.9294871795,0.006242586328,36.18779275,6.066666667,0.2024290961,Premium
0.5,61.8,58,1654 €,5.1,5.06,3.14,81.03084,25.806,16.014,15.8884,3308,1.007905138,0.6181102362,0.9385113269,0.006170490149,20.41198141,4.433333333,0.2063166663,Premium
,62.6,54,1984 €,5.34,5.3,3.33,94.24566,28.302,17.7822,17.649,3420.689655,1.00754717,0.6259398496,0.8626198083,0.006154129538,21.05136725,4.656666667,0.2014825593,Ideal
0.3,62.2,53,514 €,4.29,4.32,2.68,49.667904,18.5328,11.4972,11.5776,1713.333333,0.9930555556,0.6225319396,0.8520900322,0.00604011798,10.34873547,3.763333333,0.2035775679,Ideal
2.02,61.3,60,15987 €,8.16,8.11,4.99,330.226224,66.1776,40.7184,40.4689,7914.356436,1.006165228,0.6133988937,0.9787928222,0.006117018738,48.41226662,7.086666667,0.2092249859,Premium
0.41,62,53,612 €,4.77,4.81,2.97,68.142789,22.9437,14.1669,14.2857,1492.682927,0.9916839917,0.6200417537,0.8548387097,0.006016777505,8.981141057,4.183333333,0.2051262841,Ideal
1.01,59.8,60,5751 €,6.56,6.48,3.9,165.78432,42.5088,25.584,25.272,5694.059406,1.012345679,0.5981595092,1.003344482,0.006092252874,34.68964978,5.646666667,0.2188037054,Ideal
1,60.9,57,3811 €,6.43,6.47,3.93,163.496253,41.6021,25.2699,25.4271,3811,0.9938176198,0.6093023256,0.9359605911,0.006116348122,23.30940269,5.61,0.2117739084,Ideal
0.4,62.3,54,1168 €,4.75,4.78,2.97,67.43385,22.705,14.1075,14.1966,2920,0.9937238494,0.6232948583,0.8667736758,0.00593173903,17.32067797,4.166666667,0.2031023387,Ideal
0.4,61.8,58,1017 €,4.69,4.72,2.91,64.418088,22.1368,13.6479,13.7352,2542.5,0.9936440678,0.6184909671,0.9385113269,0.006209436083,15.78749124,4.106666667,0.206069743,Premium
0.41,62.1,58,876 €,4.77,4.73,2.95,66.558195,22.5621,14.0715,13.9535,2136.585366,1.00845666,0.6210526316,0.9339774557,0.006160022819,13.16141461,4.15,0.2045024717,Premium
0.35,62.3,55,906 €,4.56,4.53,2.83,58.458744,20.6568,12.9048,12.8199,2588.571429,1.006622517,0.6226622662,0.8828250401,0.00598712829,15.49810923,3.973333333,0.2034945093,Ideal
0.83,61.6,59,2975 €,6.02,5.99,3.7,133.42126,36.0598,22.274,22.163,3584.337349,1.005008347,0.6161532057,0.9577922078,0.006220897629,22.29779572,5.236666667,0.2075091868,Premium
1.77,61.8,57,,7.77,7.71,4.78,286.354026,59.9067,37.1406,36.8538,7359.322034,1.007782101,0.6175710594,0.9223300971,0.006181159821,45.48914566,6.753333333,0.2066494122,Ideal
2.02,62.8,60,17692 €,8.02,7.96,5.02,320.472784,63.8392,40.2604,39.9592,8758.415842,1.007537688,0.6282853567,0.9554140127,0.006303187356,55.20593599,7,0.2000408122,Premium
0.51,60.5,55,1169 €,5.17,5.21,3.14,84.578098,26.9357,16.2338,16.3594,2292.156863,0.9923224568,0.6050096339,0.9090909091,0.006029929876,13.82154515,4.506666667,0.2144638824,Ideal
0.51,60.3,56,,5.27,5.17,3.15,85.824585,27.2459,16.6005,16.2855,2829.411765,1.01934236,0.6034482759,0.9286898839,0.005942353231,16.81336414,4.53,0.21559845,Premium
1.23,61.6,59,11534 €,6.9,6.8,4.22,198.0024,46.92,29.118,28.696,9377.235772,1.014705882,0.6160583942,0.9577922078,0.006212045915,58.25181917,5.973333333,0.2076672761,Premium
0.7,61.7,61,2348 €,5.7,5.67,3.51,113.43969,32.319,20.007,19.9017,3354.285714,1.005291005,0.617414248,0.9886547812,0.006170679768,20.69822299,4.96,0.2067294313,Premium
1.54,61.9,59,13733 €,7.37,7.34,4.55,246.13589,54.0958,33.5335,33.397,8917.532468,1.004087193,0.6186267845,0.9531502423,0.006256706407,55.79438253,6.42,0.2059729594,Premium
0.3,61.8,55,673 €,4.32,4.33,2.68,50.131008,18.7056,11.5776,11.6044,2243.333333,0.9976905312,0.6196531792,0.8899676375,0.005984320124,13.42482481,3.776666667,0.2053321755,Ideal
0.71,61.8,57,3301 €,5.69,5.74,3.53,115.291918,32.6606,20.0857,20.2622,4649.295775,0.9912891986,0.6176727909,0.9223300971,0.006158280757,28.6316687,4.986666667,0.2065951443,Ideal
0.5,62.3,53,964 €,5.1,5.14,3.19,83.62266,26.214,16.269,16.3966,1928,0.9922178988,0.623046875,0.8507223114,0.005979240555,11.52797579,4.476666667,0.2032667008,Ideal
0.3,60.9,59,506 €,4.36,4.34,2.65,50.14436,18.9224,11.554,11.501,1686.666667,1.004608295,0.6091954023,0.9688013136,0.005982726672,10.09086565,3.783333333,0.2118315274,Premium
1.57,62.8,57,10462 €,7.46,7.37,4.66,256.207732,54.9802,34.7636,34.3442,6663.694268,1.012211669,0.6284558328,0.9076433121,0.006127840045,40.83405258,6.496666667,0.1999854941,Ideal
0.57,60.7,56,1313 €,5.4,5.37,3.27,94.82346,28.998,17.658,17.5599,2303.508772,1.005586592,0.6072423398,0.9225700165,0.006011170653,13.84678433,4.68,0.2130546544,Ideal
0.33,60.8,58,579 €,4.45,4.47,2.71,53.905965,19.8915,12.0595,12.1137,1754.545455,0.9955257271,0.6076233184,0.9539473684,0.006121771496,10.74092635,3.876666667,0.2128112596,Premium
1.4,60.6,58,5723 €,7.26,7.22,4.39,230.111508,52.4172,31.8714,31.6958,4087.857143,1.005540166,0.6063535912,0.9570957096,0.006084006889,24.87055102,6.29,0.2136092406,Premium
0.35,59.2,58,984 €,4.63,4.59,2.73,,21.2517,12.6399,12.5307,2811.428571,1.008714597,0.5921908894,0.9797297297,0.006032699888,16.96050483,3.983333333,0.2225249208,Premium
1.01,61.6,60,3676 €,6.22,6.18,3.82,146.839272,38.4396,23.7604,23.6076,3639.60396,1.006472492,0.6161290323,0.974025974,0.006878268914,25.03417478,5.406666667,0.2075329707,Premium
0.55,60.1,61,40816.5 €,5.32,5.29,3.19,89.775532,28.1428,16.9708,16.8751,2503.636364,1.005671078,0.6013195099,1.014975042,0.006126390875,15.33825497,4.6,0.2167599528,Premium
1.36,61.4,59,6458 €,7.16,7.12,4.38,223.288896,50.9792,31.3608,31.1856,4748.529412,1.005617978,0.6134453782,0.9609120521,0.006090764137,28.92217265,6.22,0.2091927577,Premium
0.74,61.9,57,3454 €,5.79,5.81,3.59,120.767241,33.6399,20.7861,20.8579,4667.567568,0.9965576592,0.6189655172,0.9208400646,0.00612748949,28.60047122,5.063333333,0.2057608926,Ideal
0.26,60.8,61,724 €,4.13,4.12,2.51,42.709156,17.0156,10.3663,10.3412,2784.615385,1.002427184,0.6084848485,1.003289474,0.006087687614,16.95186859,3.586666667,0.2122665187,Premium
1.12,62,55,8279 €,6.63,6.66,4.12,181.921896,44.1558,27.3156,27.4392,7391.964286,0.9954954955,0.6200150489,0.8870967742,0.006156488167,45.50854065,5.803333333,0.2051165002,Ideal
0.33,61.5,56,1052 €,4.49,4.46,2.75,55.06985,20.0254,12.3475,12.265,3187.878788,1.006726457,0.6145251397,0.9105691057,0.005992389665,19.1030119,3.9,0.2085294934,Ideal
0.53,62,56,1739 €,5.16,5.2,3.21,86.13072,26.832,16.5636,16.692,3281.132075,0.9923076923,0.6196911197,0.9032258065,0.006153437473,20.19024107,4.523333333,0.2053376131,Ideal
0.9,61.5,56,4284 €,6.25,6.2,3.83,148.4125,38.75,23.9375,23.746,4760,1.008064516,0.6152610442,0.9105691057,0.00606417923,28.86549314,5.426666667,0.208083232,Ideal
0.32,62,56,,4.35,4.39,2.71,51.751515,19.0965,11.7885,11.8969,2015.625,0.9908883827,0.6201372998,0.9032258065,0.006183393858,12.46340325,3.816666667,0.2050747266,Ideal
1.01,62.6,58,5202 €,6.37,6.32,3.97,159.825848,40.2584,25.2889,25.0904,5150.49505,1.007911392,0.6256895193,0.9265175719,0.006319378327,32.54792679,5.553333333,0.2016395802,Premium
0.38,60.7,60,941 €,4.69,4.63,2.83,61.452601,21.7147,13.2727,13.1029,2476.315789,1.012958963,0.6072961373,0.9884678748,0.006183627606,15.31261468,4.05,0.2130908544,Premium
0.85,62.2,56,3670 €,6.04,6.09,3.77,138.674172,36.7836,22.7708,22.9593,4317.647059,0.9917898194,0.6215993405,0.9003215434,0.006129475934,26.46491374,5.3,0.2041633821,Ideal
0.6,62.4,61,2393 €,5.36,5.31,3.33,94.777128,28.4616,17.8488,17.6823,3988.333333,1.009416196,0.6241799438,0.9775641026,0.006330641291,25.24870768,4.666666667,0.2025828125,Premium
0.8,62,59,2699 €,5.91,5.96,3.68,129.622848,35.2236,21.7488,21.9328,3373.75,0.9916107383,0.6200505476,0.9516129032,0.006171751449,20.82194645,5.183333333,0.2051215098,Premium
0.34,59.7,59,626 €,4.54,4.57,2.72,56.434016,20.7478,12.3488,12.4304,1841.176471,0.9934354486,0.5971459934,0.9882747069,0.006024735153,11.0926006,3.943333333,0.2193864735,Premium
2.01,62.9,54,12565 €,8.03,8.07,5.06,327.898626,64.8021,40.6318,40.8342,6251.243781,0.9950433705,0.6285714286,0.8585055644,0.006129943344,38.31977021,7.053333333,0.1998479362,Ideal
1.53,62.9,57,7968 €,7.36,7.3,4.61,247.68608,53.728,33.9296,33.653,5207.843137,1.008219178,0.6289222374,0.906200318,0.006177173945,32.16975294,6.423333333,0.1996555648,Ideal
0.34,61.6,56,1174 €,4.5,4.53,2.78,56.6703,20.385,12.51,12.5934,3452.941176,0.9933774834,0.6157253599,0.9090909091,0.005999615319,20.71631878,3.936666667,0.2077845567,Ideal
0.31,62.7,57,,4.34,4.31,2.71,50.691634,18.7054,11.7614,11.6801,2241.935484,1.006960557,0.6265895954,0.9090909091,0.006115407525,13.71034913,3.786666667,0.2010783824,Ideal
0.81,61.5,55,6338 €,5.98,6.05,3.7,133.8623,36.179,22.126,22.385,7824.691358,0.9884297521,0.6151288446,0.8943089431,0.006050994193,47.34716197,5.243333333,0.2082025885,Ideal
0.43,63,56,968 €,4.86,4.83,3.05,71.59509,23.4738,14.823,14.7315,2251.162791,1.00621118,0.6295149639,0.8888888889,0.006005998456,13.52048025,4.246666667,0.199276235,Ideal
1.04,62,57,3774 €,6.53,6.47,4.03,170.263873,42.2491,26.3159,26.0741,3628.846154,1.00927357,0.62,0.9193548387,0.006108165999,22.16559469,5.676666667,0.2051603267,Premium
1.02,62.8,58,4189 €,6.37,6.41,4.01,163.735117,40.8317,25.5437,25.7041,4106.862745,0.9937597504,0.627543036,0.923566879,0.006229573831,25.58400468,5.596666667,0.2004874797,Ideal
0.53,61.3,55,1723 €,5.22,5.25,3.21,87.97005,27.405,16.7562,16.8525,3250.943396,0.9942857143,0.6131805158,0.8972267537,0.006024777751,19.58621144,4.56,0.2093580524,Ideal
0.31,61.5,56,734 €,4.35,4.37,2.68,50.94546,19.0095,11.658,11.7116,2367.741935,0.995423341,0.6146788991,0.9105691057,0.006084938678,14.40756448,3.8,0.2084214957,Ideal
2.01,58.7,54,16064 €,8.27,8.2,4.83,327.54162,67.814,39.9441,39.606,7992.039801,1.008536585,0.5865209472,0.9199318569,0.006136624714,49.04414895,7.1,0.226110812,Premium
1.26,62.5,57,8256 €,6.9,6.85,4.3,203.2395,47.265,29.67,29.455,6552.380952,1.00729927,0.6254545455,0.912,0.006199582266,40.62202475,6.016666667,0.2017792117,Ideal
0.32,62,57,589 €,4.38,4.42,2.73,52.851708,19.3596,11.9574,12.0666,1840.625,0.9909502262,0.6204545455,0.9193548387,0.006054676606,11.14438913,3.843333333,0.2048781175,Ideal
0.28,62,53,825 €,4.23,4.29,2.64,47.907288,18.1467,11.1672,11.3256,2946.428571,0.986013986,0.6197183099,0.8548387097,0.005844622221,17.2207619,3.72,0.2053946397,Ideal
1.55,62,57,13665 €,7.37,7.43,4.59,251.344269,54.7591,33.8283,34.1037,8816.129032,0.9919246299,0.6202702703,0.9193548387,0.00616684043,54.36766096,6.463333333,0.204982954,Ideal
1.32,59.2,61,4373 €,7.21,7.14,4.25,218.78745,51.4794,30.6425,30.345,3312.878788,1.009803922,0.5923344948,1.030405405,0.006033252821,19.98743529,6.2,0.2224442468,Premium
0.38,61.9,53.8,1073 €,4.66,4.7,2.9,63.5158,21.902,13.514,13.63,2823.684211,0.9914893617,0.6196581197,0.8691437803,0.005982763344,16.89343439,4.086666667,0.2053651547,Ideal
0.32,63,56,540 €,4.35,4.32,2.73,51.30216,18.792,11.8755,11.7936,1687.5,1.006944444,0.6297577855,0.8888888889,0.00623755413,10.52587259,3.8,0.1991324675,Ideal
0.43,61.6,57,1341 €,4.84,4.81,2.97,69.142788,23.2804,14.3748,14.2857,3118.604651,1.006237006,0.6155440415,0.9253246753,0.006219014483,19.39464749,4.206666667,0.2078940926,Ideal
0.8,62,57,3297 €,5.97,5.94,3.69,130.854042,35.4618,22.0293,21.9186,4121.25,1.005050505,0.6196473552,0.9193548387,0.006113681991,25.1960119,5.2,0.2053464384,Ideal
0.76,62.5,59,2443 €,5.79,5.77,3.61,120.603963,33.4083,20.9019,20.8297,3214.473684,1.003466205,0.624567474,0.944,0.006301617137,20.25638245,5.056666667,0.2023033082,Premium
0.71,62.1,58,1696 €,5.7,5.67,3.53,114.08607,32.319,20.121,20.0151,2388.732394,1.005291005,0.6209322779,0.9339774557,0.00622337153,14.86596918,4.966666667,0.2045538055,Premium
0.39,63,56,1009 €,4.68,4.62,2.93,63.351288,21.6216,13.7124,13.5366,2587.179487,1.012987013,0.6301075269,0.8888888889,0.006156149501,15.92706371,4.076666667,0.1989825893,Premium
0.54,62,56,1920 €,5.23,5.27,3.25,89.576825,27.5621,16.9975,17.1275,3555.555556,0.9924098672,0.619047619,0.9032258065,0.006028344943,21.43411535,4.583333333,0.2057346441,Ideal
0.32,62.9,58,554 €,4.35,4.33,2.73,51.420915,18.8355,11.8755,11.8209,1731.25,1.004618938,0.6290322581,0.9220985692,0.006223148693,10.77382618,3.803333333,0.1995631543,Premium
0.31,62.5,54,789 €,4.34,4.37,2.72,51.586976,18.9658,11.8048,11.8864,2545.16129,0.9931350114,0.6245694604,0.864,0.006009268696,15.29455807,3.81,0.2023211794,Ideal
0.45,60.6,59,1358 €,4.98,4.96,3.01,74.349408,24.7008,14.9898,14.9296,3017.777778,1.004032258,0.6056338028,0.9735973597,0.006052502799,18.26510845,4.316666667,0.2140514912,Premium
1.05,61.3,57,6255 €,6.51,6.54,4,170.3016,42.5754,26.04,26.16,5957.142857,0.995412844,0.6130268199,0.9298531811,0.006165532209,36.72895616,5.683333333,0.2094474058,Ideal
0.82,62.5,56,3295 €,6.01,5.96,3.74,133.965304,35.8196,22.4774,22.2904,4018.292683,1.008389262,0.6248955723,0.896,0.006120987864,24.59592075,5.236666667,0.2021323972,Premium
0.72,62,55,2422 €,5.76,5.79,3.58,119.394432,33.3504,20.6208,20.7282,3363.888889,0.9948186528,0.6199134199,0.8870967742,0.006030431972,20.28570311,5.043333333,0.2051828294,Ideal
1.61,61.7,59,7844 €,7.51,7.46,4.62,258.833652,56.0246,34.6962,34.4652,4872.049689,1.006702413,0.6172344689,0.9562398703,0.006220211273,30.3051784,6.53,0.2068496476,Premium
0.4,59.3,59,900 €,4.82,4.8,2.85,65.9376,23.136,13.737,13.68,2250,1.004166667,0.5925155925,0.9949409781,0.006066341511,13.6492684,4.156666667,0.2222908429,Premium
1.13,61.6,54,5813 €,6.72,6.74,4.15,187.96512,45.2928,27.888,27.971,5144.247788,0.9970326409,0.6166419019,0.8766233766,0.00601175367,30.92595052,5.87,0.2071977974,Ideal
0.7,60.2,60,2822 €,5.73,5.7,3.44,112.35384,32.661,19.7112,19.608,4031.428571,1.005263158,0.6019247594,0.9966777409,0.00623031665,25.11707655,4.956666667,0.216378322,Premium
1.51,60.2,60,11540 €,7.35,7.33,4.42,238.12971,53.8755,32.487,32.3986,7642.384106,1.002728513,0.6021798365,0.9966777409,0.006341081925,48.46098372,6.366666667,0.2162081806,Premium
0.82,62.1,56,3513 €,6.02,5.97,3.72,133.694568,35.9394,22.3944,22.2084,4284.146341,1.008375209,0.6205170976,0.9017713366,0.006133383071,26.27631064,5.236666667,0.2048325004,Premium
0.44,60.8,57,990 €,4.93,4.88,2.98,71.694032,24.0584,14.6914,14.5424,2250,1.010245902,0.6075433231,0.9375,0.006137191447,13.80868076,4.263333333,0.2129045943,Premium
0.81,59,57,2274 €,6.14,6.1,3.61,135.20894,37.454,22.1654,22.021,2807.407407,1.006557377,0.589869281,0.9661016949,0.005990728128,16.81841452,5.283333333,0.223975652,Premium
1.52,62.5,59,12305 €,7.26,7.33,4.56,242.664048,53.2158,33.1056,33.4248,8095.394737,0.9904502046,0.6250856751,0.944,0.006263803858,50.70796478,6.383333333,0.2020273687,Premium
1.2,62.8,56,9784 €,6.75,6.73,4.23,192.158325,45.4275,28.5525,28.4679,8153.333333,1.002971768,0.6275964392,0.8917197452,0.006244850438,50.91634724,5.903333333,0.2004382019,Ideal
1.05,62.8,56,3352 €,6.54,6.47,4.08,172.640304,42.3138,26.6832,26.3976,3192.380952,1.010819165,0.6272098386,0.8917197452,0.00608200968,19.41609185,5.696666667,0.2007337224,Premium
0.9,61.6,56,3677 €,6.22,6.16,3.81,145.980912,38.3152,23.6982,23.4696,4085.555556,1.00974026,0.6155088853,0.9090909091,0.006165189597,25.18822461,5.396666667,0.2079450502,Ideal
0.5,62,57,1449 €,5.08,5.11,3.16,82.029808,25.9588,16.0528,16.1476,2898,0.9941291585,0.6202158979,0.9193548387,0.006095345243,17.66431052,4.45,0.2049999923,Ideal
1.64,62.4,58,14201 €,7.49,7.52,4.68,263.600064,56.3248,35.0532,35.1936,8659.146341,0.9960106383,0.6235842771,0.9294871795,0.006221546289,53.87327979,6.563333333,0.2029112374,Premium
0.62,61.9,59,,5.46,5.5,3.39,101.8017,30.03,18.5094,18.645,2222.580645,0.9927272727,0.6186131387,0.9531502423,0.006090271577,13.53611973,4.783333333,0.206000858,Premium
0.31,61.9,56,988 €,4.39,4.36,2.71,51.870484,19.1404,11.8969,11.8156,3187.096774,1.006880734,0.6194285714,0.9046849758,0.005976423895,19.04744132,3.82,0.2054932137,Ideal
0.5,62,58,1710 €,5.03,5.1,3.14,80.55042,25.653,15.7942,16.014,3420,0.9862745098,0.61994077,0.935483871,0.006207292277,21.22893959,4.423333333,0.2052532558,Premium
1.6,62.2,55,8138 €,7.46,7.53,4.66,261.769908,56.1738,34.7636,35.0898,5086.25,0.9907038513,0.6217478319,0.884244373,0.00611223808,31.08837094,6.55,0.2040820338,Ideal
0.34,60.7,57,1074 €,4.5,4.53,2.74,55.8549,20.385,12.33,12.4122,3158.823529,0.9933774834,0.6068660022,0.9390444811,0.006087200944,19.22839357,3.923333333,0.2132963431,Ideal
0.52,61.3,55,1712 €,5.18,5.2,3.18,85.65648,26.936,16.4724,16.536,3292.307692,0.9961538462,0.612716763,0.8972267537,0.006070760788,19.98681244,4.52,0.2096367844,Ideal
0.3,60,59,956 €,4.34,4.32,2.6,48.74688,18.7488,11.284,11.232,3186.666667,1.00462963,0.6004618938,0.9833333333,0.006154240025,19.61151155,3.753333333,0.2172923694,Premium
0.35,62.4,55,748 €,4.55,4.52,2.83,58.20178,20.566,12.8765,12.7916,2137.142857,1.006637168,0.6240352811,0.8814102564,0.006013561785,12.85184061,3.966666667,0.2026482393,Ideal
0.7,60.9,59,2673 €,5.68,5.71,3.47,112.541816,32.4328,19.7096,19.8137,3818.571429,0.9947460595,0.6093064091,0.9688013136,0.006219910295,23.75117174,4.953333333,0.211765793,Premium
1.2,59.6,60,4906 €,6.91,6.84,4.1,,47.2644,28.331,28.044,4088.333333,1.010233918,0.5963636364,1.006711409,0.006192460432,25.3168424,5.95,0.2199091856,Premium
0.34,60.5,55,844 €,4.53,4.56,2.75,56.8062,20.6568,12.4575,12.54,2482.352941,0.9934210526,0.6050605061,0.9090909091,0.005985262172,14.85753316,3.946666667,0.2144239218,Ideal
2.08,62.3,55,12179 €,8.23,8.17,5.11,343.591801,67.2391,42.0553,41.7487,5855.288462,1.007343941,0.6231707317,0.8828250401,0.006053695094,35.44613103,7.17,0.2031863191,Ideal
0.31,59.7,59,801 €,4.45,4.49,2.67,53.347935,19.9805,11.8815,11.9883,2583.870968,0.991091314,0.5973154362,0.9882747069,0.005810909082,15.01463927,3.87,0.2192985162,Premium
1.24,62,56,5902 €,6.9,6.87,4.27,,47.403,29.463,29.3349,4759.677419,1.004366812,0.6201888163,0.9032258065,0.006126155021,29.15852172,6.013333333,0.2050083694,Ideal
1.4,62.4,57,8223 €,7.19,7.11,4.46,227.999214,51.1209,32.0674,31.7106,5873.571429,1.011251758,0.6237762238,0.9134615385,0.006140372045,36.06591381,6.253333333,0.2028516005,Premium
0.51,61.3,58,1084 €,5.16,5.11,3.15,83.05794,26.3676,16.254,16.0965,2125.490196,1.009784736,0.6134371957,0.9461663948,0.006140291946,13.05113033,4.473333333,0.2092311299,Premium
0.31,61,57,1319 €,4.36,4.39,2.67,51.104868,19.1404,11.6412,11.7213,4254.83871,0.993166287,0.6102857143,0.9344262295,0.006065958335,25.80967433,3.806666667,0.2111658535,Ideal
0.54,61.3,57,1247 €,5.27,5.24,3.22,88.919656,27.6148,16.9694,16.8728,2309.259259,1.005725191,0.6127497621,0.9298531811,0.006072897988,14.02389591,4.576666667,0.2096255742,Ideal
0.82,61.8,55,3588 €,5.97,6.01,3.7,132.75489,35.8797,22.089,22.237,4375.609756,0.993344426,0.6176961603,0.8899676375,0.006176796953,27.02725301,5.226666667,0.2065637483,Ideal
1.23,62.7,58,5510 €,6.82,6.79,4.27,197.734306,46.3078,29.1214,28.9933,4479.674797,1.004418262,0.6274797943,0.9250398724,0.00622046839,27.86567547,5.96,0.2005156409,Premium
0.32,62,55.3,,4.39,4.42,2.73,52.972374,19.4038,11.9847,12.0666,1728.125,0.9932126697,0.6197502838,0.8919354839,0.006040884632,10.43940375,3.846666667,0.2052939908,Ideal
2.08,58.9,61,18447 €,8.36,8.35,4.92,343.44552,69.806,41.1312,41.082,8868.75,1.001197605,0.5888689408,1.03565365,0.006056273496,53.71157557,7.21,0.2245880271,Premium
1.01,61.6,57,40816.5 €,6.44,6.41,3.96,163.470384,41.2804,25.5024,25.3836,6208.910891,1.004680187,0.6163424125,0.9253246753,0.006178489187,38.36168881,5.603333333,0.2073902472,Ideal
0.52,61.3,56,1694 €,5.2,5.17,3.18,85.49112,26.884,16.536,16.4406,3257.692308,1.005802708,0.6133076181,0.9135399674,0.006082503072,19.81492347,4.516666667,0.209279427,Ideal
1.69,61.8,53,11843 €,7.68,7.71,4.75,281.2608,59.2128,36.48,36.6225,7007.692308,0.9961089494,0.6172839506,0.857605178,0.006008658156,42.10682754,6.713333333,0.2068034264,Ideal
0.91,59.5,62,2863 €,6.4,6.18,3.74,147.92448,39.552,23.936,23.1132,3146.153846,1.035598706,0.5945945946,1.042016807,0.006151787723,19.35447061,5.44,0.2215867922,Premium
0.74,60.7,56,2631 €,5.86,5.9,3.57,123.42918,34.574,20.9202,21.063,3555.405405,0.993220339,0.6071428571,0.9225700165,0.00599534081,21.31586712,5.11,0.2131246338,Ideal
0.33,61.2,56,723 €,4.46,4.49,2.74,911.3611224,20.0254,12.2204,12.3026,2190.909091,0.9933184855,0.6122905028,0.9150326797,0.0060142597,13.17669625,3.896666667,0.2099175034,Ideal
0.4,62,56,1043 €,4.73,4.76,2.94,66.193512,22.5148,13.9062,13.9944,2607.5,0.993697479,0.6195995785,0.9032258065,0.006042888312,15.75683127,4.143333333,0.2053837407,Ideal
1,61.5,61,5000 €,6.45,6.4,3.95,163.056,41.28,25.4775,25.28,5000,1.0078125,0.6147859922,0.9918699187,0.00613286233,30.66431165,5.6,0.208375846,Premium
0.41,61.5,55,648 €,4.77,4.79,2.94,67.174002,22.8483,14.0238,14.0826,1580.487805,0.9958246347,0.6150627615,0.8943089431,0.006103551788,9.646589167,4.166666667,0.2081814593,Ideal
1.04,59.5,58,4980 €,6.67,6.58,3.94,172.921084,43.8886,26.2798,25.9252,4788.461538,1.013677812,0.5947169811,0.974789916,0.00601430419,28.79926429,5.73,0.2209867921,Premium
0.71,59.2,62,2547 €,5.83,5.8,3.44,116.32016,33.814,20.0552,19.952,3587.323944,1.005172414,0.5915735168,1.047297297,0.006103843048,21.89646232,5.023333333,0.2228903896,Premium
0.3,61.9,57,863 €,4.27,4.29,2.65,48.543495,18.3183,11.3155,11.3685,2876.666667,0.9953379953,0.6191588785,0.9208400646,0.006180024739,17.77787116,3.736666667,0.2056465875,Ideal
0.31,61.5,58,1046 €,4.35,4.33,2.67,50.290785,18.8355,11.6145,11.5611,3374.193548,1.004618938,0.6152073733,0.9430894309,0.006164151146,20.79903903,3.783333333,0.2080937155,Premium
0.74,62,57,3487 €,5.79,5.83,3.6,121.52052,33.7557,20.844,20.988,4712.162162,0.9931389365,0.6196213425,0.9193548387,0.006089506529,28.69474225,5.073333333,0.2053742378,Ideal
1.41,61.6,56,8275 €,7.19,7.22,4.44,230.488392,51.9118,31.9236,32.0568,5868.794326,0.9958448753,0.6162387231,0.9090909091,0.006117444734,35.90202495,6.283333333,0.2074521548,Ideal
1,62.4,59,5404 €,6.75,6.72,4.2,190.512,45.36,28.35,28.224,5404,1.004464286,0.6236080178,0.9455128205,0.005249013186,28.36566725,5.89,0.202898679,Premium
1.78,61,61,36660.18817 €,7.88,7.82,4.79,295.167464,61.6216,37.7452,37.4578,5992.134831,1.007672634,0.6101910828,1,0.006030474958,36.13541904,6.83,0.2112307161,Premium
0.31,61.9,58,1046 €,4.38,4.35,2.7,51.4431,19.053,11.826,11.745,3374.193548,1.006896552,0.618556701,0.9369951535,0.006026075411,20.33314478,3.81,0.206032566,Premium
1.22,60.6,58,6149 €,6.93,6.89,4.19,200.062863,47.7477,29.0367,28.8691,5040.163934,1.005805515,0.6063675832,0.9570957096,0.006098083281,30.73533942,6.003333333,0.2136020453,Premium
1.03,61.8,56,6241 €,6.54,6.48,4.02,170.364384,42.3792,26.2908,26.0496,6059.223301,1.009259259,0.6175115207,0.9061488673,0.00604586461,36.63324372,5.68,0.2066994383,Ideal
0.42,61.7,55,885 €,4.84,4.85,2.99,70.18726,23.474,14.4716,14.5015,2107.142857,0.9979381443,0.617131063,0.8914100486,0.005983991967,12.60912593,4.226666667,0.2068923302,Ideal
0.33,62.1,55,965 €,4.44,4.42,2.75,53.9682,19.6248,12.21,12.155,2924.242424,1.004524887,0.6207674944,0.885668277,0.006114711997,17.88090023,3.87,0.2046515978,Ideal
1.7,61.8,60,10377 €,7.64,7.56,4.7,271.46448,57.7584,35.908,35.532,6104.117647,1.010582011,0.6184210526,0.9708737864,0.006262329422,38.22599553,6.633333333,0.2061502285,Premium
0.53,61.5,54,3323 €,5.23,5.25,3.22,88.41315,27.4575,16.8406,16.905,6269.811321,0.9961904762,0.6145038168,0.8780487805,0.005994583385,37.58490677,4.566666667,0.2085267452,Ideal
0.37,61,56,1124 €,4.7,4.65,2.85,62.28675,21.855,13.395,13.2525,3037.837838,1.010752688,0.6096256684,0.9180327869,0.005940268195,18.04557149,4.066666667,0.2116119778,Ideal
0.35,60.8,55,644 €,4.56,4.59,2.78,58.186512,20.9304,12.6768,12.7602,1840,0.9934640523,0.6076502732,0.9046052632,0.006015139729,11.0678571,3.976666667,0.2128063063,Ideal
1.06,58.9,61,5983 €,6.69,6.63,3.92,173.870424,44.3547,26.2248,25.9896,5644.339623,1.009049774,0.5885885886,1.03565365,0.006096494019,34.41068275,5.746666667,0.2248052136,Premium
1.12,61,60,3838 €,6.7,6.64,4.07,181.06616,44.488,27.269,27.0248,3426.785714,1.009036145,0.6101949025,0.9836065574,0.006185584319,21.19667198,5.803333333,0.2112400627,Premium
0.33,60.9,55,781 €,4.46,4.5,2.73,54.7911,20.07,12.1758,12.285,2366.666667,0.9911111111,0.609375,0.9031198686,0.006022875978,14.25413981,3.896666667,0.2117500907,Ideal
0.35,61.6,55,644 €,4.53,4.56,2.8,57.83904,20.6568,12.684,12.768,1840,0.9934210526,0.6160616062,0.8928571429,0.006051276093,11.13434801,3.963333333,0.2075757926,Ideal
0.34,62.5,55,692 €,4.45,4.48,2.79,55.62144,19.936,12.4155,12.4992,2035.294118,0.9933035714,0.6248600224,0.88,0.006112750767,12.44124568,3.906666667,0.2021410114,Ideal
0.8,61.2,56,3860 €,5.98,6.01,3.67,131.899066,35.9398,21.9466,22.0567,4825,0.9950083195,0.612176814,0.9150326797,0.006065243859,29.26480162,5.22,0.209977766,Ideal
1.01,62.9,56,4118 €,6.43,6.38,4.03,165.324302,41.0234,25.9129,25.7114,4077.227723,1.007836991,0.6291959407,0.8903020668,0.006109204683,24.9086187,5.613333333,0.1994842878,Ideal
0.36,60.8,57,1094 €,4.59,4.62,2.8,59.37624,21.2058,12.852,12.936,3038.888889,0.9935064935,0.6080347448,0.9375,0.006063031273,18.42487837,4.003333333,0.2125661863,Ideal
0.35,62.2,58,718 €,4.47,4.5,2.79,56.12085,20.115,12.4713,12.555,2051.428571,0.9933333333,0.6220735786,0.9324758842,0.006236541321,12.79381905,3.92,0.2038582962,Premium
0.51,61.9,55,1591 €,5.11,5.15,3.18,83.68647,26.3165,16.2498,16.377,3119.607843,0.9922330097,0.6198830409,0.8885298869,0.00609417508,19.01143638,4.48,0.2052196097,Ideal
0.52,62.4,58,37323.9485 €,5.09,5.13,3.19,83.296323,26.1117,16.2371,16.3647,3363.461538,0.992202729,0.6242661448,0.9294871795,0.006242772565,20.99732542,4.47,0.2025154322,Premium
0.9,61.3,60,3662 €,6.17,6.23,3.8,146.06858,38.4391,23.446,23.674,4068.888889,0.9903691814,0.6129032258,0.9787928222,0.00616148935,25.07041555,5.4,0.2095622192,Premium
0.8,62.5,57,2870 €,5.94,5.9,3.7,129.6702,35.046,21.978,21.83,3587.5,1.006779661,0.625,0.912,0.006169497695,22.13307298,5.18,0.2020551033,Ideal
0.51,62.2,58,1662 €,5.11,5.09,3.17,82.451383,26.0099,16.1987,16.1353,3258.823529,1.003929273,0.6215686275,0.9324758842,0.006185463257,20.1573332,4.456666667,0.2041542323,Premium
1.11,61.7,57,5395 €,6.69,6.65,4.12,183.29262,44.4885,27.5628,27.398,4860.36036,1.006015038,0.6176911544,0.9238249595,0.006055890303,29.43380917,5.82,0.2065622752,Ideal
0.31,61.9,55,489 €,4.35,4.38,2.7,51.4431,19.053,11.745,11.826,1577.419355,0.9931506849,0.618556701,0.8885298869,0.006026075411,9.505647988,3.81,0.206032566,Ideal
1.03,62.1,55,8169 €,6.47,6.5,4.03,169.48165,42.055,26.0741,26.195,7931.067961,0.9953846154,0.6214340786,0.885668277,0.006077354097,48.19990837,5.666666667,0.2042405123,Ideal
0.53,59.9,58,984 €,5.31,5.27,3.17,88.708329,27.9837,16.8327,16.7059,1856.603774,1.007590133,0.5992438563,0.9682804674,0.005974636271,11.09253225,4.583333333,0.2180751254,Premium
0.54,62.7,57,1637 €,5.23,5.17,3.26,88.147466,27.0391,17.0498,16.8542,3031.481481,1.011605416,0.6269230769,0.9090909091,0.006126097828,18.57115212,4.553333333,0.200919345,Ideal
1.01,61.3,59,5260 €,6.45,6.41,3.94,162.89733,41.3445,25.413,25.2554,5207.920792,1.00624025,0.6127527216,0.9624796085,0.006200224399,32.29027756,5.6,0.2096269362,Premium
1.18,61.5,55.6,13257 €,6.79,6.83,4.19,194.314183,46.3757,28.4501,28.6177,11234.74576,0.9941434846,0.6152716593,0.9040650407,0.006072639587,68.22456187,5.936666667,0.2080608301,Ideal
0.72,62.9,54,2590 €,5.76,5.72,3.61,118.939392,32.9472,20.7936,20.6492,3597.222222,1.006993007,0.6289198606,0.8585055644,0.006053503283,21.77579653,5.03,0.1996470001,Ideal
1.07,62.4,58,7232 €,6.52,6.49,4.06,171.798088,42.3148,26.4712,26.3494,6758.878505,1.004622496,0.6241352806,0.9294871795,0.006228241609,42.09592833,5.69,0.2025745383,Premium
0.3,60.7,58,661 €,4.34,4.36,2.64,49.955136,18.9224,11.4576,11.5104,2203.333333,0.995412844,0.6068965517,0.9555189456,0.006005388515,13.23187269,3.78,0.2132653653,Premium
0.7,60.9,58,2005 €,5.73,5.66,3.47,112.538346,32.4318,19.8831,19.6402,2864.285714,1.012367491,0.6093064091,0.9523809524,0.00622010208,17.81614953,4.953333333,0.2118299379,Premium
0.43,61.9,55,38270.45907 €,4.84,4.86,3,70.5672,23.5224,14.52,14.58,2193.023256,0.9958847737,0.618556701,0.8885298869,0.006093482524,13.36314889,4.233333333,0.2060165161,Ideal
0.32,61.2,56,828 €,4.44,4.42,2.71,53.183208,19.6248,12.0324,11.9782,2587.5,1.004524887,0.611738149,0.9150326797,0.006016936774,15.5688239,3.856666667,0.2102481121,Ideal
1.04,62.1,57,4801 €,6.49,6.52,4.04,170.951792,42.3148,26.2196,26.3408,4616.346154,0.995398773,0.6210607225,0.9178743961,0.006083586418,28.08394076,5.683333333,0.204470971,Ideal
0.71,62.5,58,2613 €,5.66,5.61,3.52,111.769152,31.7526,19.9232,19.7472,3680.28169,1.008912656,0.6246672582,0.928,0.006352378875,23.37854366,4.93,0.2022777881,Premium
2.02,60.8,62,18207 €,8.17,8.12,4.95,328.38498,66.3404,40.4415,40.194,9013.366337,1.006157635,0.6077348066,1.019736842,0.006151316665,55.44407055,7.08,0.2127508136,Premium
0.6,62.4,56,2316 €,5.44,5.39,3.38,99.107008,29.3216,18.3872,18.2182,3860,1.009276438,0.6241920591,0.8974358974,0.006054062292,23.36868045,4.736666667,0.2025739646,Premium
0.37,61.9,58,,4.56,4.62,2.84,59.830848,21.0672,12.9504,13.1208,2543.243243,0.987012987,0.6187363834,0.9369951535,0.006184100884,15.72767279,4.006666667,0.2059870598,Premium
1.26,61.9,57,8110 €,6.88,6.93,4.27,203.586768,47.6784,29.3776,29.5911,6436.507937,0.9927849928,0.6183924692,0.9208400646,0.006189007333,39.83559482,6.026666667,0.2061369393,Ideal
0.7,62.4,56,2596 €,5.69,5.63,3.53,,32.0347,20.0857,19.8739,3708.571429,1.010657194,0.6236749117,0.8974358974,0.006190171386,22.95669274,4.95,0.2029071439,Premium
0.72,60.2,57,3242 €,5.83,5.86,3.52,120.256576,34.1638,20.5216,20.6272,4502.777778,0.9948805461,0.6022241232,0.9468438538,0.005987198571,26.95902468,5.07,0.2161901259,Ideal
2.01,239.06,57,18736 €,8.07,8.09,5.02,327.737226,65.2863,40.5114,40.6118,9321.393035,0.9975278121,0.6212871287,0.9178743961,0.006132962143,57.16775061,7.06,0.2043230795,Ideal
0.53,61.8,55,1552 €,5.19,5.23,3.22,87.402714,27.1437,16.7118,16.8406,2928.301887,0.9923518164,0.6180422265,0.8899676375,0.006063884927,17.75688567,4.546666667,0.2063571373,Ideal
0.91,62.6,56,3763 €,6.21,6.16,3.87,148.041432,38.2536,24.0327,23.8392,4135.164835,1.008116883,0.6257073565,0.8945686901,0.006146927841,25.41855985,5.413333333,0.2016303607,Premium
0.46,62.3,54,1382 €,4.94,4.98,3.09,76.017708,24.6012,15.2646,15.3882,3004.347826,0.9919678715,0.622983871,0.8667736758,0.006051221644,18.17997459,4.336666667,0.2033076926,Ideal
0.33,60.1,58,1052 €,4.51,4.47,2.7,54.43119,20.1597,12.177,12.069,3187.878788,1.008948546,0.6013363029,0.9650582363,0.006062700448,19.32715416,3.893333333,0.2167736533,Premium
0.57,61.5,57,2360 €,5.36,5.31,3.28,93.354048,28.4616,17.5808,17.4168,4140.350877,1.009416196,0.6148078725,0.9268292683,0.006105787721,25.28010355,4.65,0.2083766286,Ideal
0.35,61.2,56,571 €,4.54,4.55,2.78,57.42646,20.657,12.6212,12.649,1631.428571,0.9978021978,0.6116611661,0.9150326797,0.006094751444,9.943151641,3.956666667,0.2102878673,Ideal
1.54,62.8,58,14188 €,7.33,7.29,4.59,245.269863,53.4357,33.6447,33.4611,9212.987013,1.005486968,0.6279069767,0.923566879,0.006278798305,57.84648724,6.403333333,0.200258867,Premium
0.51,61.8,57,1662 €,5.14,5.12,3.17,83.424256,26.3168,16.2938,16.2304,3258.823529,1.00390625,0.6179337232,0.9223300971,0.006113329917,19.92226338,4.476666667,0.2064011028,Ideal
0.3,62.2,56,709 €,4.3,4.25,2.66,48.6115,18.275,11.438,11.305,2363.333333,1.011764706,0.6222222222,0.9003215434,0.0061713792,14.58502618,3.736666667,0.2038158519,Ideal
0.33,62.4,55,750 €,4.43,4.45,2.77,54.606395,19.7135,12.2711,12.3265,2272.727273,0.995505618,0.6238738739,0.8814102564,0.006043248231,13.73465507,3.883333333,0.202735079,Ideal
1.22,61.9,60,6969 €,6.88,6.82,4.24,198.947584,46.9216,29.1712,28.9168,5712.295082,1.008797654,0.6189781022,0.9693053312,0.006132268487,35.02932712,5.98,0.2057875594,Premium
1.01,61,59,5749 €,6.47,6.44,3.94,164.167192,41.6668,25.4918,25.3736,5692.079208,1.004658385,0.6103795507,0.9672131148,0.006152264577,35.01917728,5.616666667,0.2110941771,Premium
1,59.6,59,5069 €,6.54,6.47,3.88,164.177544,42.3138,25.3752,25.1036,5069,1.010819165,0.5964642583,0.9899328859,0.006090966984,30.87511164,5.63,0.2198520082,Premium
1.59,62.1,58,11333 €,7.42,7.48,4.63,256.972408,55.5016,34.3546,34.6324,7127.672956,0.9919786096,0.6214765101,0.9339774557,0.006187434723,44.10201114,6.51,0.2042375425,Premium
1.56,62,56,10481 €,7.39,7.42,4.6,252.23548,54.8338,33.994,34.132,6718.589744,0.9959568733,0.6212018906,0.9032258065,0.006184696935,41.55244139,6.47,0.2043812055,Ideal
1.11,61.9,58,4960 €,6.63,6.59,4.09,178.699053,43.6917,27.1167,26.9531,4468.468468,1.006069803,0.6187594554,0.9369951535,0.006211560618,27.75616276,5.77,0.205901495,Premium
0.38,62.2,58,941 €,4.63,4.57,2.86,60.515026,21.1591,13.2418,13.0702,2476.315789,1.013129103,0.6217391304,0.9324758842,0.006279432153,15.54985699,4.02,0.2041317238,Premium
1.34,61.7,58,6583 €,7.1,7.04,4.36,217.93024,49.984,30.956,30.6944,4912.686567,1.008522727,0.6166902405,0.9400324149,0.006148756593,30.20691392,6.166666667,0.2072012533,Premium
0.8,61,57,3890 €,6,6.03,3.67,132.7806,36.18,22.02,22.1301,4862.5,0.9950248756,0.6101413134,0.9344262295,0.00602497654,29.29644843,5.233333333,0.2112442252,Ideal
0.39,61.7,59,1123 €,4.69,4.64,2.88,1039.007704,21.7616,13.5072,13.3632,2879.487179,1.010775862,0.6173633441,0.9562398703,0.006222734848,17.91828522,4.07,0.2068070318,Premium
1.01,60.7,61,5864 €,6.46,6.42,3.91,162.160212,41.4732,25.2586,25.1022,5805.940594,1.00623053,0.6071428571,1.004942339,0.006228408236,36.16176821,5.596666667,0.2131206482,Premium
1.01,61.6,59,5166 €,6.39,6.41,3.94,161.382006,40.9599,25.1766,25.2554,5114.851485,0.9968798752,0.615625,0.9577922078,0.006258442468,32.01100375,5.58,0.2078286496,Premium
0.72,61,55,3759 €,5.77,5.81,3.53,118.338661,33.5237,20.3681,20.5093,5220.833333,0.9931153184,0.609671848,0.9016393443,0.006084233115,31.76476705,5.036666667,0.2115485165,Ideal
0.36,62.7,57,933 €,4.58,4.55,2.86,59.59954,20.839,13.0988,13.013,2591.666667,1.006593407,0.6265060241,0.9090909091,0.006040315076,15.65448324,3.996666667,0.2011271099,Ideal
1.56,60.8,59,7326 €,7.56,7.51,4.58,260.032248,56.7756,34.6248,34.3958,4696.153846,1.00665779,0.6078301261,0.9703947368,0.005999255908,28.1734287,6.55,0.2126946425,Premium
1.03,61.6,57,7876 €,6.48,6.51,4,168.7392,42.1848,25.92,26.04,7646.601942,0.9953917051,0.6158583526,0.9253246753,0.006104094366,46.67557983,5.663333333,0.2076900609,Ideal
2.07,62.7,54,16769 €,8.17,8.12,5.11,,66.3404,41.7487,41.4932,8100.966184,1.006157635,0.62737876,0.8612440191,0.006106204705,49.46615783,7.133333333,0.2005876161,Ideal
2.01,61.7,60,18188 €,8.06,7.96,4.94,316.938544,64.1576,39.8164,39.3224,9048.756219,1.012562814,0.6167290886,0.9724473258,0.006341923499,57.3865197,6.986666667,0.2072215054,Premium
1.03,61.2,57,7391 €,6.5,6.54,3.99,169.6149,42.51,25.935,26.0946,7175.728155,0.993883792,0.6119631902,0.931372549,0.006072579709,43.57518119,5.676666667,0.2101171864,Ideal
0.52,62.4,58,1842 €,5.13,5.09,3.19,83.296323,26.1117,16.3647,16.2371,3542.307692,1.007858546,0.6242661448,0.9294871795,0.006242772565,22.11382128,4.47,0.2025154322,Premium
0.71,59.6,59,2409 €,5.79,5.75,3.44,114.5262,33.2925,19.9176,19.78,3392.957746,1.006956522,0.596187175,0.9899328859,0.006199454797,21.03448818,4.993333333,0.2199921065,Premium
2.02,59.4,59,14211 €,8.21,8.25,4.89,331.211925,67.7325,40.1469,40.3425,7035.148515,0.9951515152,0.5941676792,0.9932659933,0.006098814226,42.90606384,7.116666667,0.2212518661,Premium
2,61.6,59,17835 €,8.2,8.09,5.02,333.01676,66.338,41.164,40.6118,8917.5,1.013597033,0.6163290362,0.9577922078,0.006005703737,53.55586307,7.103333333,0.2074833573,Premium
0.76,59.9,59,2052 €,5.94,5.92,3.55,124.83504,35.1648,21.087,21.016,2700,1.003378378,0.5986509275,0.9849749583,0.006088034257,16.43769249,5.136666667,0.2184242316,Premium
0.74,61.5,55,3879 €,5.85,5.82,3.59,122.22873,34.047,21.0015,20.8938,5241.891892,1.005154639,0.6152527849,0.8943089431,0.006054223095,31.73558295,5.086666667,0.208068286,Ideal
1.01,62.8,56,4269 €,6.4,6.44,4.03,166.10048,41.216,25.792,25.9532,4226.732673,0.9937888199,0.6277258567,0.8917197452,0.006080656721,25.70131044,5.623333333,0.2003749513,Ideal
1.21,59.6,60,9541 €,6.91,6.89,4.11,195.676689,47.6099,28.4001,28.3179,7885.123967,1.002902758,0.5956521739,1.006711409,0.006183669635,48.75900164,5.97,0.2203088705,Premium
1.01,62.2,61,8957 €,6.34,6.4,3.96,160.68096,40.576,25.1064,25.344,8868.316832,0.990625,0.6216640502,0.9807073955,0.006285747857,55.74400352,5.566666667,0.2041345382,Ideal
0.32,60.9,56,648 €,4.46,4.44,2.71,53.664504,19.8024,12.0866,12.0324,2025,1.004504505,0.608988764,0.9195402299,0.005962973216,12.07502076,3.87,0.21195982,Ideal
0.36,61.5,57,770 €,4.59,4.55,2.81,58.685445,20.8845,12.8979,12.7855,2138.888889,1.008791209,0.6148796499,0.9268292683,0.006134400106,13.12080023,3.983333333,0.2083261876,Ideal
1.25,62,59,5170 €,6.87,6.9,4.27,202.41081,47.403,29.3349,29.463,4136,0.9956521739,0.6201888163,0.9516129032,0.006175559497,25.54211408,6.013333333,0.2050083694,Premium
0.31,60.5,57,591 €,4.39,4.41,2.66,51.497334,19.3599,11.6774,11.7306,1906.451613,0.9954648526,0.6045454545,0.9421487603,0.006019729099,11.47632225,3.82,0.2147341632,Ideal
0.41,59.9,58,1079 €,4.83,4.88,2.91,68.589864,23.5704,14.0553,14.2008,2631.707317,0.9897540984,0.5993820803,0.9682804674,0.0059775596,15.73118734,4.206666667,0.2180132292,Premium
0.3,61.9,61,675 €,4.32,4.28,2.66,49.182336,18.4896,11.4912,11.3848,2250,1.009345794,0.6186046512,0.98546042,0.006099750935,13.7244396,3.753333333,0.2060237637,Premium
0.8,61.3,57,2867 €,5.96,5.91,3.64,128.213904,35.2236,21.6944,21.5124,3583.75,1.008460237,0.6133108677,0.9298531811,0.006239572894,22.36106936,5.17,0.2092970842,Ideal
1.41,62.7,56,7817 €,7.21,7.15,4.5,231.98175,51.5515,32.445,32.175,5543.971631,1.008391608,0.6267409471,0.8931419458,0.00607806433,33.69661622,6.286666667,0.200997066,Premium
0.7,61.3,57,3008 €,5.7,5.76,3.51,115.24032,32.832,20.007,20.2176,4297.142857,0.9895833333,0.612565445,0.9298531811,0.006074262897,26.10197542,4.99,0.2097804933,Ideal
0.29,62.7,55,669 €,4.2,4.22,2.64,46.79136,17.724,11.088,11.1408,2306.896552,0.9952606635,0.6270783848,0.8771929825,0.006197725392,14.29751134,3.686666667,0.2007640511,Ideal
1.23,62.9,59,4986 €,6.85,6.8,4.29,,46.58,29.3865,29.172,4053.658537,1.007352941,0.6285714286,0.9379968203,0.006155287392,24.95143328,5.98,0.1998636762,Premium
0.35,62.6,56,845 €,4.52,4.49,2.82,57.231336,20.2948,12.7464,12.6618,2414.285714,1.006681514,0.6259711432,0.8945686901,0.006115530834,14.76463873,3.943333333,0.2014567285,Premium
1.07,62.1,56,4764 €,6.61,6.53,4.08,176.106264,43.1633,26.9688,26.6424,4452.336449,1.012251149,0.6210045662,0.9017713366,0.006075877006,27.05184865,5.74,0.2045734381,Ideal
0.32,62,54,34488.02542 €,4.37,4.41,2.72,52.419024,19.2717,11.8864,11.9952,1634.375,0.9909297052,0.6195899772,0.8709677419,0.006104653913,9.97729374,3.833333333,0.2054125822,Ideal
0.82,61.3,55,3439 €,6.06,6.08,3.72,137.062656,36.8448,22.5432,22.6176,4193.902439,0.9967105263,0.6128500824,0.8972267537,0.005982665329,25.09071472,5.286666667,0.2095518373,Ideal
0.7,61.6,55,3399 €,5.68,5.71,3.51,113.839128,32.4328,19.9368,20.0421,4855.714286,0.9947460595,0.6163301141,0.8928571429,0.006149028127,29.85792372,4.966666667,0.2074010113,Ideal
1.6,60.5,58,12343 €,7.62,7.53,4.58,262.793988,57.3786,34.8996,34.4874,7714.375,1.011952191,0.604620462,0.958677686,0.006088419344,46.96834998,6.576666667,0.2147492984,Premium
0.43,60.5,59,871 €,4.91,4.88,2.96,70.923968,23.9608,14.5336,14.4448,2025.581395,1.006147541,0.6046986721,0.9752066116,0.006062830551,12.28075677,4.25,0.2146470508,Premium
0.7,62.1,55,2553 €,5.68,5.73,3.54,115.214256,32.5464,20.1072,20.2842,3647.142857,0.9912739965,0.620508326,0.885668277,0.006075637029,22.15871619,4.983333333,0.2048417854,Ideal
0.56,61.9,57,1963 €,5.26,5.3,3.27,91.16106,27.878,17.2002,17.331,3505.357143,0.9924528302,0.6193181818,0.9208400646,0.006142973765,21.53331697,4.61,0.2055669835,Ideal
0.33,62.2,59,743 €,4.47,4.41,2.76,54.407052,19.7127,12.3372,12.1716,2251.515152,1.013605442,0.6216216216,0.9485530547,0.0060653902,13.65631793,3.88,0.204210905,Premium
1.09,62.5,56,6856 €,6.63,6.55,4.12,178.91718,43.4265,27.3156,26.986,6289.908257,1.01221374,0.6251896813,0.896,0.006092204225,38.31940566,5.766666667,0.2019931424,Ideal
0.65,61.8,55,2106 €,5.6,5.56,3.45,107.4192,31.136,19.32,19.182,3240,1.007194245,0.6182795699,0.8899676375,0.006051059773,19.60543367,4.87,0.2062062445,Ideal
0.31,61.6,55,627 €,4.37,4.39,2.7,51.79761,19.1843,11.799,11.853,2022.580645,0.9954441913,0.6164383562,0.8928571429,0.005984832119,12.10480561,3.82,0.2073302836,Ideal
0.35,60.9,56,1035 €,4.54,4.56,2.77,57.345648,20.7024,12.5758,12.6312,2957.142857,0.9956140351,0.6087912088,0.9195402299,0.006103340222,18.04844894,3.956666667,0.2120825032,Ideal
1,62.6,60,5445 €,6.3,6.35,3.97,158.81985,40.005,25.011,25.2095,5445,0.9921259843,0.6276679842,0.9584664537,0.006296442164,34.28412758,5.54,0.2004233378,Premium
0.91,61.9,57,3669 €,6.24,6.19,3.85,148.70856,38.6256,24.024,23.8315,4031.868132,1.008077544,0.6194690265,0.9208400646,0.006119351838,24.67241966,5.426666667,0.2054776186,Premium
1.19,61.9,55,8034 €,6.81,6.87,4.22,197.431434,46.7847,28.7382,28.9914,6751.260504,0.9912663755,0.6169590643,0.8885298869,0.006027408989,40.69260825,5.966666667,0.2070373274,Ideal
0.3,58.8,60,504 €,4.42,4.39,2.59,50.255842,19.4038,11.4478,11.3701,1680,1.006833713,0.5879682179,1.020408163,0.005969455253,10.02868482,3.8,0.2251807523,Premium
1.21,61.6,59,7257 €,6.82,6.79,4.19,194.029682,46.3078,28.5758,28.4501,5997.520661,1.004418262,0.6157237325,0.9577922078,0.00623615927,37.40149407,5.933333333,0.2077725272,Premium
0.95,60.7,59,4070 €,6.36,6.3,3.84,153.86112,40.068,24.4224,24.192,4284.210526,1.00952381,0.6066350711,0.9719934102,0.006174399354,26.45242671,5.5,0.2134641472,Premium
0.36,61.3,56,746 €,4.6,4.64,2.83,60.40352,21.344,13.018,13.1312,2072.222222,0.9913793103,0.6125541126,0.9135399674,0.005959917568,12.35027363,4.023333333,0.2097693679,Ideal
0.92,61.4,56,6513 €,6.26,6.28,3.85,151.35428,39.3128,24.101,24.178,7079.347826,0.9968152866,0.6140350877,0.9120521173,0.00607845381,43.03148877,5.463333333,0.2088154044,Ideal
0.5,60.7,57,2376 €,5.2,5.15,3.14,84.0892,26.78,16.328,16.171,4752,1.009708738,0.606763285,0.9390444811,0.005946066796,28.25570941,4.496666667,0.2133859182,Ideal
0.7,62.4,60,2310 €,5.72,5.63,3.54,114.000744,32.2036,20.2488,19.9302,3300,1.01598579,0.6237885463,0.9615384615,0.006140310804,20.26302565,4.963333333,0.2029118409,Premium
1.01,61.9,59,7964 €,6.45,6.41,3.98,164.55111,41.3445,25.671,25.5118,7885.148515,1.00624025,0.6189735614,0.9531502423,0.006137910586,48.39833654,5.613333333,0.2057701632,Premium
1.04,61.6,55,5163 €,6.51,6.54,4.02,171.153108,42.5754,26.1702,26.2908,4964.423077,0.995412844,0.616091954,0.8928571429,0.006076430701,30.1659728,5.69,0.207545138,Ideal
1.03,59.6,59,7817 €,6.59,6.57,3.92,169.721496,43.2963,25.8328,25.7544,7589.320388,1.00304414,0.5957446809,0.9899328859,0.006068765738,46.05780755,5.693333333,0.2202510436,Premium
0.76,59.6,57,40816.5 €,6.01,5.91,3.55,126.092805,35.5191,21.3355,20.9805,3864.473684,1.016920474,0.5956375839,0.9563758389,0.006027306633,23.29236787,5.156666667,0.2204560126,Premium
,62.2,56,576 €,4.39,4.36,2.72,52.061888,19.1404,11.9408,11.8592,1800,1.006880734,0.6217142857,0.9003215434,0.006146530837,11.06375551,3.823333333,0.2040812402,Premium
1.02,63,58,7797 €,6.43,6.4,4.04,166.25408,41.152,25.9772,25.856,7644.117647,1.0046875,0.6297739673,0.9206349206,0.00613518778,46.89809718,5.623333333,0.1991083682,Premium
0.52,60.9,58,1387 €,5.21,5.17,3.16,85.116812,26.9357,16.4636,16.3372,2667.307692,1.007736944,0.6088631985,0.9523809524,0.006109251366,16.29525316,4.513333333,0.2120584561,Premium
0.42,61.5,56,810 €,4.81,4.85,2.97,69.285645,23.3285,14.2857,14.4045,1928.571429,0.9917525773,0.6149068323,0.9105691057,0.006061861732,11.69073334,4.21,0.2083050977,Ideal
0.31,61.3,60,816 €,4.33,4.35,2.66,50.10243,18.8355,11.5178,11.571,2632.258065,0.9954022989,0.6129032258,0.9787928222,0.006187324647,16.2866352,3.78,0.2095242549,Premium
0.44,61.5,56,36770.56425 €,4.92,4.9,3.02,72.80616,24.108,14.8584,14.798,2625,1.004081633,0.6150712831,0.9105691057,0.006043444676,15.86404227,4.28,0.2081756908,Ideal
1.31,62,58,5282 €,7.01,6.98,4.34,212.355332,48.9298,30.4234,30.2932,4032.061069,1.004297994,0.6204431737,0.935483871,0.006168905615,24.87340417,6.11,0.204850888,Premium
0.93,61.9,57,3941 €,6.21,6.25,3.86,149.81625,38.8125,23.9706,24.125,4237.634409,0.9936,0.6195826645,0.9208400646,0.006207604315,26.30555764,5.44,0.2053948623,Ideal
1,60.6,59,5718 €,6.5,6.46,3.93,165.0207,41.99,25.545,25.3878,5718,1.00619195,0.6064814815,0.9735973597,0.006059845825,34.65019843,5.63,0.2135332934,Premium
1.15,62.5,58,5306 €,6.65,6.69,4.17,185.517045,44.4885,27.7305,27.8973,4613.913043,0.9940209268,0.6251874063,0.928,0.00619889132,28.60114552,5.836666667,0.2019345118,Ideal
0.59,62.6,61,1590 €,5.33,5.27,3.32,927.140999,28.0891,17.6956,17.4964,2694.915254,1.011385199,0.6264150943,0.9744408946,0.006326683424,17.04987567,4.64,0.2012289457,Premium
0.32,61.5,57,730 €,4.39,4.43,2.71,52.703267,19.4477,11.8969,12.0053,2281.25,0.9909706546,0.6145124717,0.9268292683,0.006071729861,13.85113374,3.843333333,0.2085569938,Ideal
0.31,61.4,56,609 €,4.38,4.41,2.7,52.15266,19.3158,11.826,11.907,1964.516129,0.9931972789,0.614334471,0.9120521173,0.005944087991,11.67725673,3.83,0.2086487,Ideal
0.33,60,60,740 €,4.49,4.45,2.68,53.54774,19.9805,12.0332,11.926,2242.424242,1.008988764,0.5995525727,1,0.006162725075,13.81944411,3.873333333,0.2178929665,Premium
0.47,62.7,55,989 €,4.95,5.08,3.15,79.2099,25.146,15.5925,16.002,2104.255319,0.9744094488,0.628115653,0.8771929825,0.005933601734,12.48581301,4.393333333,0.200478725,Ideal
0.78,61,56,3053 €,5.92,5.98,3.63,128.507808,35.4016,21.4896,21.7074,3914.102564,0.9899665552,0.6100840336,0.9180327869,0.006069670101,23.75731131,5.176666667,0.2113199155,Ideal
0.92,62,60,3910 €,6.26,6.19,3.86,149.572684,38.7494,24.1636,23.8934,4250,1.011308562,0.6200803213,0.9677419355,0.006150855727,26.14113684,5.436666667,0.2051326595,Premium
0.38,62.5,53.7,693 €,4.64,4.66,2.91,62.921184,21.6224,13.5024,13.5606,1823.684211,0.9957081545,0.6258064516,0.8592,0.006039301485,11.01377876,4.07,0.2015441041,Ideal
0.71,58.1,61,2249 €,5.81,5.79,3.37,113.366463,33.6399,19.5797,19.5123,3167.605634,1.003454231,0.5810344828,1.049913941,0.006262875115,19.8383185,4.99,0.2295675519,Premium
0.33,61.6,58,,4.45,4.41,2.73,53.574885,19.6245,12.1485,12.0393,3036.363636,1.009070295,0.6162528217,0.9415584416,0.006159602582,18.7027933,3.863333333,0.20747732,Premium
0.56,62.4,58,1304 €,5.23,5.29,3.28,90.746776,27.6667,17.1544,17.3512,2328.571429,0.988657845,0.6235741445,0.9294871795,0.006171018131,14.3696565,4.6,0.2029787626,Premium
0.35,61.8,55,627 €,4.53,4.56,2.81,58.045608,20.6568,12.7293,12.8136,1791.428571,0.9934210526,0.6182618262,0.8899676375,0.006029741303,10.80185085,3.966666667,0.2062130768,Ideal
1.01,61.1,57,4666 €,6.48,6.52,3.97,167.730912,42.2496,25.7256,25.8844,4619.80198,0.9938650307,0.6107692308,0.9328968903,0.006021549564,27.8183666,5.656666667,0.2108600874,Ideal
2.02,61.7,58,18487 €,8.15,8.11,5.02,331.80443,66.0965,40.913,40.7122,9151.980198,1.004932182,0.6174661747,0.9400324149,0.00608792354,55.71655568,7.093333333,0.2066953482,Premium
1.53,61.6,58,9322 €,7.4,7.37,4.55,248.1479,54.538,33.67,33.5335,6092.810458,1.004070556,0.6161137441,0.9415584416,0.006165677807,37.56630622,6.44,0.2075291824,Premium
2.01,61.3,61,16881 €,8.11,8.01,4.94,320.907834,64.9611,40.0634,39.5694,8398.507463,1.012484395,0.6129032258,0.9951060359,0.006263480623,52.60388875,7.02,0.2095938159,Premium
1.64,63,58,5624 €,7.54,7.49,4.74,267.689604,56.4746,35.7396,35.5026,3429.268293,1.006675567,0.630738523,0.9206349206,0.006126498659,21.0094076,6.59,0.1985291038,Premium
0.61,61.7,55,2285 €,5.45,5.47,3.37,100.464755,29.8115,18.3665,18.4339,3745.901639,0.9963436929,0.6172161172,0.8914100486,0.006071781094,22.74429475,4.763333333,0.2068444956,Ideal
0.42,62.1,55,1181 €,4.85,4.81,3,69.9855,23.3285,14.55,14.43,2811.904762,1.008316008,0.6211180124,0.885668277,0.006001243115,16.87492409,4.22,0.2044608574,Premium
1.41,60.7,56,9752 €,7.31,7.22,1.41,74.417262,52.7782,10.3071,10.1802,6916.312057,1.012465374,0.1940812113,0.9225700165,0.01894721684,131.0448643,5.313333333,0.5195077824,Ideal
0.31,61.9,56,542 €,4.34,4.38,2.7,51.32484,19.0092,11.718,11.826,1748.387097,0.9908675799,0.619266055,0.9046849758,0.006039960378,10.56018879,3.806666667,0.2056134518,Ideal
0.76,58.4,59,1904 €,6.01,5.97,3.51,125.937747,35.8797,21.0951,20.9547,2505.263158,1.006700168,0.5859766277,1.010273973,0.006034727618,15.11858077,5.163333333,0.2264423348,Premium
1.21,60.8,60,5674 €,6.88,6.86,4.18,197.282624,47.1968,28.7584,28.6748,4689.256198,1.002915452,0.6084425036,0.9868421053,0.006133332858,28.76076912,5.973333333,0.2122942713,Premium
1.3,60.5,60,11162 €,7.05,7.01,4.25,210.037125,49.4205,29.9625,29.7925,8586.153846,1.005706134,0.6045519203,0.9917355372,0.006189381996,53.14298603,6.103333333,0.2147361506,Premium
0.72,60.4,56,3005 €,5.8,5.86,3.52,119.63776,33.988,20.416,20.6272,4173.611111,0.9897610922,0.6037735849,0.9271523179,0.00601816684,25.11748799,5.06,0.2152608507,Ideal
1.59,61.8,56,14031 €,7.49,7.53,4.64,261.694608,56.3997,34.7536,34.9392,8824.528302,0.994687915,0.6178428762,0.9061488673,0.006075784336,53.61593083,6.553333333,0.2064643219,Ideal
0.3,62.6,58,545 €,4.25,4.28,2.67,48.5673,18.19,11.3475,11.4276,1816.666667,0.9929906542,0.6260257913,0.9265175719,0.006176995633,11.22154207,3.733333333,0.2014258802,Ideal
0.32,60.9,57,954 €,4.42,4.45,2.7,53.1063,19.669,11.934,12.015,2981.25,0.993258427,0.6087936866,0.9359605911,0.006025650441,17.96397038,3.856666667,0.2120946944,Ideal
2,62.3,57,17760 €,8.06,7.97,4.99,,64.2382,40.2194,39.7703,8880,1.011292346,0.6225826575,0.9149277689,0.006239303144,55.40501192,7.006666667,0.2035878139,Ideal
1.21,61.2,57,5973 €,6.86,6.93,4.22,,47.5398,28.9492,29.2446,4936.363636,0.9898989899,0.6120377085,0.931372549,0.006031364411,29.77300796,6.003333333,0.2101050861,Ideal
0.36,60.6,58,726 €,4.58,4.6,2.78,58.56904,21.068,12.7324,12.788,2016.666667,0.9956521739,0.605664488,0.9570957096,0.006146592124,12.39562745,3.986666667,0.214033758,Premium
1.22,62,57,4852 €,6.88,6.83,4.25,199.7092,46.9904,29.24,29.0275,3977.04918,1.007320644,0.6199854121,0.9193548387,0.006108882315,24.2953254,5.986666667,0.2051522967,Ideal
0.43,62.3,56,1008 €,4.85,4.82,3.01,70.36477,23.377,14.5985,14.5082,2344.186047,1.006224066,0.6225439504,0.8988764045,0.006111012656,14.3253506,4.226666667,0.203564769,Ideal
0.3,61.8,60,776 €,4.32,4.29,2.66,49.297248,18.5328,11.4912,11.4114,2586.666667,1.006993007,0.6178861789,0.9708737864,0.006085532401,15.74124381,3.756666667,0.2064482202,Premium
0.57,61,58,1851 €,5.31,5.34,3.25,92.15505,28.3554,17.2575,17.355,3247.368421,0.9943820225,0.6103286385,0.9508196721,0.006185228048,20.08571424,4.633333333,0.2111311623,Premium
0.4,62.7,55,1050 €,4.76,4.74,2.98,67.235952,22.5624,14.1848,14.1252,2625,1.004219409,0.6273684211,0.8771929825,0.005949198131,15.61664509,4.16,0.2005831611,Ideal
0.32,62.3,54,936 €,4.45,4.38,2.75,53.60025,19.491,12.2375,12.045,2925,1.015981735,0.6228765572,0.8667736758,0.005970121408,17.46260512,3.86,0.2034737302,Premium
1.03,62.3,56,6922 €,6.52,6.49,4.05,171.37494,42.3148,26.406,26.2845,6720.38835,1.004622496,0.6225980015,0.8988764045,0.006010213629,40.39096965,5.686666667,0.2035221986,Ideal
0.31,62.3,57,625 €,4.3,4.34,2.69,50.20078,18.662,11.567,11.6746,2016.129032,0.9907834101,0.6226851852,0.9149277689,0.006175202855,12.45000576,3.776666667,0.2035029671,Ideal
1.01,62.1,57,5372 €,6.4,6.45,3.99,164.7072,41.28,25.536,25.7355,5318.811881,0.992248062,0.6210116732,0.9178743961,0.0061320938,32.61545336,5.613333333,0.2045222368,Ideal
0.9,60.6,61,3774 €,6.21,6.16,3.75,143.451,38.2536,23.2875,23.1,4193.333333,1.008116883,0.606305578,1.00660066,0.006273919317,26.308635,5.373333333,0.2136572251,Premium
0.91,60.5,61,4138 €,6.23,6.19,3.76,144.999512,38.5637,23.4248,23.2744,4547.252747,1.006462036,0.6054750403,1.008264463,0.006275883191,28.53802708,5.393333333,0.2141637545,Premium
0.92,error,59,3318 €,6.2,6.15,3.85,146.8005,38.13,23.87,23.6775,3606.521739,1.008130081,0.6234817814,0.9470304976,0.006267008627,22.60210285,5.4,0.2030010327,Premium
1.41,58.8,59,12671 €,7.3,7.26,4.28,226.83144,52.998,31.244,31.0728,8986.524823,1.005509642,0.5879120879,1.003401361,0.006216069518,55.86086303,6.28,0.2252082548,Premium
0.32,62,57,1080 €,4.42,4.38,2.73,52.851708,19.3596,12.0666,11.9574,3375,1.00913242,0.6204545455,0.9193548387,0.006054676606,20.43453354,3.843333333,0.2048781175,Ideal
0.31,62.1,54,698 €,4.37,4.3,2.69,50.54779,18.791,11.7553,11.567,2251.612903,1.01627907,0.6205305652,0.8695652174,0.006132810158,13.80871449,3.786666667,0.2049260987,Ideal
1.52,62.2,57,10419 €,7.27,7.33,4.54,241.932514,53.2891,33.0058,33.2782,6854.605263,0.9918144611,0.6219178082,0.9163987138,0.00628274379,43.06572865,6.38,0.2039666199,Ideal
1.23,62.4,57,8085 €,6.83,6.88,4.28,201.118912,46.9904,29.2324,29.4464,6573.170732,0.9927325581,0.6243617797,0.9134615385,0.006115784875,40.20009814,5.996666667,0.2024521829,Ideal
0.51,61.9,56,40816.5 €,5.13,5.15,3.18,84.01401,26.4195,16.3134,16.377,3917.647059,0.9961165049,0.6186770428,0.9046849758,0.006070416113,23.78174783,4.486666667,0.2059410706,Ideal
1.13,59.4,62,4040 €,6.83,6.78,4.04,187.081896,46.3074,27.5932,27.3912,3575.221239,1.007374631,0.5936811168,1.043771044,0.006040135492,21.5948207,5.883333333,0.2215739362,Premium
1.04,61.7,56,5469 €,6.51,6.55,4.03,171.841215,42.6405,26.2353,26.3965,5258.653846,0.9938931298,0.617151608,0.9076175041,0.006052098735,31.82589229,5.696666667,0.2068972089,Ideal
0.55,61.7,57,1819 €,5.29,5.24,3.25,,27.7196,17.1925,17.03,3307.272727,1.009541985,0.6172839506,0.9238249595,0.006105094202,20.19121155,4.593333333,0.2068431226,Ideal
2,59.7,61,15451 €,8.2,8.15,4.88,326.1304,66.83,40.016,39.772,7725.5,1.006134969,0.596941896,1.021775544,0.006132516319,47.37675482,7.076666667,0.219511825,Premium
0.3,62,56,665 €,4.29,4.32,2.67,49.482576,18.5328,11.4543,11.5344,2216.666667,0.9930555556,0.6202090592,0.9032258065,0.006062740145,13.43907399,3.76,0.2050116206,Ideal
1.01,59.3,59,5206 €,6.57,6.54,3.89,167.144742,42.9678,25.5573,25.4406,5154.455446,1.004587156,0.593440122,0.9949409781,0.0060426669,31.14665731,5.666666667,0.2217093081,Premium
0.55,61.6,56,1698 €,5.28,5.24,3.24,89.641728,27.6672,17.1072,16.9776,3087.272727,1.007633588,0.6159695817,0.9090909091,0.006135535451,18.94207126,4.586666667,0.2076403654,Premium
,61.5,56,1851 €,5.16,5.11,3.16,83.321616,26.3676,16.3056,16.1476,3629.411765,1.009784736,0.6153846154,0.9105691057,0.006120860642,22.21512362,4.476666667,0.2080225621,Ideal
1.5,60.9,60,13853 €,7.42,7.35,4.5,245.4165,54.537,33.39,33.075,9235.333333,1.00952381,0.6093432634,0.9852216749,0.00611205848,56.44689742,6.423333333,0.2117751304,Premium
0.52,61.3,56,2550 €,5.21,5.22,3.2,87.02784,27.1962,16.672,16.704,4903.846154,0.9980842912,0.6136145733,0.9135399674,0.005975099462,29.30096852,4.543333333,0.2090731216,Ideal
0.25,62.5,59,740 €,4.04,4.02,2.52,40.926816,16.2408,10.1808,10.1304,2960,1.004975124,0.6253101737,0.944,0.006108464436,18.08105473,3.526666667,0.2018528317,Premium
0.52,61.2,56,1586 €,5.16,5.2,3.17,85.05744,26.832,16.3572,16.484,3050,0.9923076923,0.611969112,0.9150326797,0.006113515761,18.64622307,4.51,0.2101250098,Ideal
1.51,226.26,56,9471 €,7.49,7.42,4.47,248.423826,55.5758,33.4803,33.1674,6272.18543,1.009433962,0.5995975855,0.9348914858,0.006078321972,38.12436252,6.46,0.2178688314,Ideal
1.11,60.9,56,4600 €,6.71,6.73,4.09,184.697447,45.1583,27.4439,27.5257,4144.144144,0.9970282318,0.6086309524,0.9195402299,0.006009828604,24.90559602,5.843333333,0.2121769724,Ideal
2.06,60.3,56,18371 €,8.29,8.25,4.99,341.278575,68.3925,41.3671,41.1675,8917.961165,1.004848485,0.6033857316,0.9286898839,0.006036124594,53.82992472,7.176666667,0.2154611786,Ideal
1.2,61.1,57,4368 €,6.9,6.81,4.19,196.88391,46.989,28.911,28.5339,3640,1.013215859,0.6112326769,0.9328968903,0.006094962255,22.18566261,5.966666667,0.2106419377,Ideal
0.23,62.4,60,513 €,3.92,3.9,2.44,37.30272,15.288,9.5648,9.516,2230.434783,1.005128205,0.6240409207,0.9615384615,0.006165770217,13.75234835,3.42,0.202635306,Premium
1.02,62,58,4459 €,6.44,6.47,4,166.6672,41.6668,25.76,25.88,4371.568627,0.9953632148,0.6196746708,0.935483871,0.006119980416,26.75391439,5.636666667,0.2053275404,Premium
0.9,59,58,3841 €,6.29,6.25,3.7,145.45625,39.3125,23.273,23.125,4267.777778,1.0064,0.5901116427,0.9830508475,0.006187427491,26.40656555,5.413333333,0.2238213674,Premium
0.63,60.3,62,2879 €,5.55,5.53,3.34,102.50961,30.6915,18.537,18.4702,4569.84127,1.003616637,0.6028880866,1.028192371,0.00614576526,28.08517172,4.806666667,0.2157674244,Premium
0.32,61.7,55,612 €,4.4,4.38,2.71,52.22712,19.272,11.924,11.8698,1912.5,1.00456621,0.6173120729,0.8914100486,0.006127084932,11.71804993,3.83,0.2067889513,Ideal
0.41,60.2,57,830 €,4.85,4.81,2.91,67.885935,23.3285,14.1135,13.9971,2024.390244,1.008316008,0.602484472,0.9468438538,0.006039542653,12.22639123,4.19,0.216048683,Ideal
0.7,60,59,1621 €,5.8,5.77,3.47,116.12702,33.466,20.126,20.0219,2315.714286,1.005199307,0.5998271392,0.9833333333,0.006027882228,13.95885299,5.013333333,0.2176935217,Premium
0.7,62.3,54,3345 €,5.67,5.71,3.54,114.609978,32.3757,20.0718,20.2134,4778.571429,0.9929947461,0.6221441125,0.8667736758,0.00610767066,29.18594051,4.973333333,0.2038172787,Ideal
1.02,62.9,58,5593 €,6.41,6.37,4.02,164.143434,40.8317,25.7682,25.6074,5483.333333,1.006279435,0.6291079812,0.9220985692,0.006214077378,34.07385762,5.6,0.1995264376,Premium
2.06,62,56,16960 €,8.12,8.17,5.05,335.01902,66.3404,41.006,41.2585,8233.009709,0.993880049,0.6200122775,0.9032258065,0.00614890462,50.62399144,7.113333333,0.2051274288,Ideal
,61.3,58,677 €,4.36,4.39,2.68,51.296272,19.1404,11.6848,11.7652,2115.625,0.993166287,0.6125714286,0.9461663948,0.006238270103,13.19784019,3.81,0.2097439688,Premium
1.04,60.4,59,5777 €,6.66,6.51,3.98,172.559268,43.3566,26.5068,25.9098,5554.807692,1.023041475,0.6044039484,0.9768211921,0.006026914764,33.47835249,5.716666667,0.2150789546,Premium
0.38,60.4,57,983 €,4.7,4.67,2.83,62.11567,21.949,13.301,13.2161,2586.842105,1.006423983,0.6040554963,0.9437086093,0.006117618952,15.82531429,4.066666667,0.2150511023,Premium
0.55,60.3,58,1832 €,5.32,5.29,3.2,90.05696,28.1428,17.024,16.928,3330.909091,1.005671078,0.603204524,0.9618573798,0.006107245903,20.3426809,4.603333333,0.2155790213,Premium
1,62.9,56,5935 €,6.33,6.38,4,161.5416,40.3854,25.32,25.52,5935,0.9921630094,0.6294256491,0.8903020668,0.006190355921,36.73976239,5.57,0.1993438585,Ideal
0.78,60.9,55,3145 €,6,5.93,3.63,129.1554,35.58,21.78,21.5259,4032.051282,1.011804384,0.6085498743,0.9031198686,0.006039236455,24.35051109,5.186666667,0.2122944331,Premium
1.45,61.9,59,7477 €,7.16,7.21,4.45,229.72502,51.6236,31.862,32.0845,5156.551724,0.9930651872,0.6193458594,0.9531502423,0.006311894107,32.54760844,6.273333333,0.2055451023,Ideal
1.51,60.6,57,7255 €,7.46,7.38,4.5,247.7466,55.0548,33.57,33.21,4804.635762,1.010840108,0.6064690027,0.9405940594,0.006094937327,29.28395385,6.446666667,0.2135814791,Premium
2.08,58.7,60,18760 €,8.36,8.4,4.92,345.50208,70.224,41.1312,41.328,9019.230769,0.9952380952,0.5871121718,1.022146508,0.006020224249,54.29779178,7.226666667,0.2257114464,Ideal
0.39,62.3,55,707 €,4.67,4.7,2.92,64.09108,21.949,13.6364,13.724,1812.820513,0.9936170213,0.6232657417,0.8828250401,0.006085090156,11.03117626,4.096666667,0.2031210208,Ideal
0.5,60.4,60,1801 €,5.16,5.1,3.1,81.5796,26.316,15.996,15.81,3602,1.011764706,0.604288499,0.9933774834,0.006128983226,22.07659758,4.453333333,0.2149546306,Premium
0.91,61.6,58,4739 €,6.2,6.18,3.81,145.98396,38.316,23.622,23.5458,5207.692308,1.003236246,0.6155088853,0.9415584416,0.00623356155,32.46247053,5.396666667,0.2079010135,Premium
0.9,60.9,56,2947 €,6.26,6.21,3.8,147.72348,38.8746,23.788,23.598,3274.444444,1.00805153,0.6094627105,0.9195402299,0.006092464109,19.94943526,5.423333333,0.2116874289,Premium
0.3,61.6,58,737 €,4.28,4.35,2.66,49.52388,18.618,11.3848,11.571,2456.666667,0.983908046,0.6164542294,0.9415584416,0.006057683687,14.88170959,3.763333333,0.2074484571,Premium
1.61,61.2,55,11294 €,7.62,7.57,4.65,268.22781,57.6834,35.433,35.2005,7014.906832,1.00660502,0.612244898,0.8986928105,0.006002360456,42.10599937,6.613333333,0.2099450157,Ideal
0.32,61.5,56,1140 €,4.43,4.45,2.73,53.817855,19.7135,12.0939,12.1485,3562.5,0.995505618,0.6148648649,0.9105691057,0.005945982054,21.18256107,3.87,0.2083057056,Ideal
0.34,60.9,56,596 €,4.53,4.56,2.76,57.012768,20.6568,12.5028,12.5856,1752.941176,0.9934210526,0.6072607261,0.9195402299,0.00596357644,10.4537987,3.95,0.2130496699,Ideal
0.52,61,57,34036.09905 €,5.21,5.19,3.17,85.716483,27.0399,16.5157,16.4523,3398.076923,1.003853565,0.6096153846,0.9344262295,0.006066511152,20.61447155,4.523333333,0.2115665459,Ideal
0.7,62,61,2352 €,5.71,5.68,3.53,114.487784,32.4328,20.1563,20.0504,3360,1.00528169,0.6198419666,0.9838709677,0.006114189441,20.54367652,4.973333333,0.2052274005,Premium
0.56,62.4,56,1687 €,5.27,5.23,3.28,90.403688,27.5621,17.2856,17.1544,3012.5,1.007648184,0.6247619048,0.8974358974,0.006194437554,18.66074313,4.593333333,0.2022083751,Ideal
0.36,62.5,56,663 €,4.55,4.57,2.85,59.261475,20.7935,12.9675,13.0245,1841.666667,0.9956236324,0.625,0.896,0.00607477286,11.18770668,3.99,0.2020408724,Ideal
1.77,61.6,58,15278 €,7.78,7.71,4.77,286.122726,59.9838,37.1106,36.7767,8631.638418,1.009079118,0.6158812137,0.9415584416,0.006186156635,53.39666727,6.753333333,0.2077077365,Premium
1.11,62.5,58,4581 €,6.61,6.63,4.14,181.432602,43.8243,27.3654,27.4482,4127.027027,0.9969834087,0.6253776435,0.928,0.006117974321,25.24904537,5.793333333,0.2018029442,Premium
0.5,61.8,58,1624 €,5.07,5.09,3.14,81.031782,25.8063,15.9198,15.9826,3248,0.9960707269,0.6181102362,0.9385113269,0.006170418417,20.04151902,4.433333333,0.2062920042,Premium
0.65,60.5,59,1828 €,5.61,5.49,3.36,103.484304,30.7989,18.8496,18.4464,2812.307692,1.021857923,0.6054054054,0.9752066116,0.006281145786,17.66451461,4.82,0.2144268909,Premium
0.3,60.4,60,789 €,4.3,4.34,2.61,48.70782,18.662,11.223,11.3274,2630,0.9907834101,0.6041666667,0.9933774834,0.006159175262,16.19863094,3.75,0.215004565,Premium
1.01,61.5,60,6108 €,6.45,6.42,3.96,163.97964,41.409,25.542,25.4232,6047.524752,1.004672897,0.6153846154,0.9756097561,0.00615930124,37.24852671,5.61,0.2079840409,Premium
1.12,60.6,55,4139 €,6.73,6.76,4.09,186.073732,45.4948,27.5257,27.6484,3695.535714,0.9955621302,0.6063750927,0.9075907591,0.006019119346,22.24387051,5.86,0.2135902603,Ideal
0.7,62.9,56,2056 €,5.69,5.66,3.57,114.973278,32.2054,20.3133,20.2062,2937.142857,1.005300353,0.6290748899,0.8903020668,0.006088371247,17.88241612,4.973333333,0.1995406357,Ideal
1.03,60.7,58,5836 €,6.51,6.53,3.96,168.340788,42.5103,25.7796,25.8588,5666.019417,0.9969372129,0.6073619632,0.9555189456,0.006118540921,34.66777166,5.666666667,0.212968799,Ideal
1.6,59.4,59,8333 €,7.6,7.55,4.5,258.21,57.38,34.2,33.975,5208.125,1.006622517,0.5940594059,0.9932659933,0.006196506719,32.27218156,6.55,0.2213301703,Premium
0.53,61,58,1753 €,5.22,5.18,3.17,85.715532,27.0396,16.5474,16.4206,3307.54717,1.007722008,0.6096153846,0.9508196721,0.006183243429,20.4513693,4.523333333,0.2115896459,Premium
0.3,61.2,57,838 €,4.32,4.34,2.65,49.68432,18.7488,11.448,11.501,2793.333333,0.9953917051,0.6120092379,0.931372549,0.006038122289,16.86648826,3.77,0.2100800221,Ideal
0.52,60.1,56,1454 €,5.24,5.27,3.16,87.262768,27.6148,16.5584,16.6532,2796.153846,0.9943074004,0.6013320647,0.9317803661,0.005959013356,16.66231811,4.556666667,0.2167523944,Ideal
1.01,60.5,58,4327 €,6.55,6.47,3.94,166.97129,42.3785,25.807,25.4918,4284.158416,1.01236476,0.6052227343,0.958677686,0.006048944103,25.91463479,5.653333333,0.2143779058,Premium
0.36,61,58,1094 €,4.62,4.59,2.81,59.588298,21.2058,12.9822,12.8979,3038.888889,1.006535948,0.6102062975,0.9508196721,0.006041454649,18.35930941,4.006666667,0.2112129147,Premium
0.42,60.2,57,970 €,4.89,4.85,2.93,69.489345,23.7165,14.3277,14.2105,2309.52381,1.008247423,0.6016427105,0.9468438538,0.006044092083,13.95897457,4.223333333,0.2165755061,Premium
0.3,62.4,56,844 €,4.33,4.26,2.68,49.434744,18.4458,11.6044,11.4168,2813.333333,1.016431925,0.6239813737,0.8974358974,0.006068606323,17.07301245,3.756666667,0.2028006555,Ideal
0.3,61.4,57,545 €,4.31,4.32,2.65,49.34088,18.6192,11.4215,11.448,1816.666667,0.9976851852,0.6141367323,0.9283387622,0.006080150982,11.04560762,3.76,0.2087497724,Ideal
0.41,61.4,60,876 €,4.78,4.73,2.92,66.019448,22.6094,13.9576,13.8116,2136.585366,1.010570825,0.6140904311,0.9771986971,0.006210291246,13.26881739,4.143333333,0.2088338139,Premium
1.7,62.2,57,13632 €,7.63,7.67,4.76,278.565196,58.5221,36.3188,36.5092,8018.823529,0.9947848761,0.6222222222,0.9163987138,0.00610270064,48.93647949,6.686666667,0.2037572678,Ideal
0.96,60.9,60,4500 €,6.31,6.36,3.86,154.907976,40.1316,24.3566,24.5496,4687.5,0.9921383648,0.6093133386,0.9852216749,0.006197227701,29.04950485,5.51,0.2117794442,Ideal
0.37,61.4,57,469 €,4.62,4.66,2.85,61.35822,21.5292,13.167,13.281,1267.567568,0.991416309,0.6142241379,0.9283387622,0.006030161892,7.643637641,4.043333333,0.2087317618,Ideal
0.8,61.6,56,2856 €,5.97,6.01,3.69,132.396093,35.8797,22.0293,22.1769,3570,0.993344426,0.6160267112,0.9090909091,0.00604247438,21.57163354,5.223333333,0.2075979641,Ideal
0.64,60.7,59,2224 €,5.58,5.62,3.4,106.62264,31.3596,18.972,19.108,3475,0.9928825623,0.6071428571,0.9719934102,0.006002477523,20.85860939,4.866666667,0.2131270896,Ideal
1.03,61.9,57,8629 €,6.46,6.44,4,166.4096,41.6024,25.84,25.76,8377.669903,1.00310559,0.6201550388,0.9208400646,0.006189546757,51.85397958,5.633333333,0.2050242492,Ideal
1,61.9,59,5606 €,6.38,6.34,3.94,159.369848,40.4492,25.1372,24.9796,5606,1.006309148,0.6194968553,0.9531502423,0.006274712642,35.17603907,5.553333333,0.2054470249,Premium
1.93,60.5,60,16941 €,7.98,8.06,4.85,311.94618,64.3188,38.703,39.091,8777.720207,0.9900744417,0.6047381546,0.9917355372,0.006186964687,54.30744496,6.963333333,0.2146542634,Premium
0.3,61.4,59,945 €,4.36,4.31,2.66,49.985656,18.7916,11.5976,11.4646,3150,1.011600928,0.6136101499,0.9609120521,0.006001721774,18.90542359,3.776666667,0.2091437884,Premium
1.42,61.1,62,9447 €,7.2,7.17,4.39,226.62936,51.624,31.608,31.4763,6652.816901,1.0041841,0.6109951287,1.014729951,0.006265737149,41.684802,6.253333333,0.2107088311,Premium
0.3,61.1,57,499 €,4.3,4.34,2.64,49.26768,18.662,11.352,11.4576,1663.333333,0.9907834101,0.6111111111,0.9328968903,0.006089184634,10.12834377,3.76,0.2106723233,Ideal
0.33,61.5,56,964 €,4.46,4.49,2.75,55.06985,20.0254,12.265,12.3475,2921.212121,0.9933184855,0.6145251397,0.9105691057,0.005992389665,17.50504132,3.9,0.2085294934,Ideal
,61.9,61,3394 €,6.34,6.29,3.91,155.925326,39.8786,24.7894,24.5939,3360.39604,1.007949126,0.6191607284,0.98546042,0.006477459601,21.76682959,5.513333333,0.2056671615,Premium
0.42,61.3,56,1625 €,4.83,4.86,2.97,69.717186,23.4738,14.3451,14.4342,3869.047619,0.9938271605,0.613003096,0.9135399674,0.006024339537,23.30845654,4.22,0.2094711671,Ideal
0.41,62.2,56,1087 €,4.8,4.75,2.97,67.716,22.8,14.256,14.1075,2651.219512,1.010526316,0.6219895288,0.9003215434,0.006054699037,16.05233623,4.173333333,0.2039448805,Ideal
0.31,61.5,57,489 €,4.33,4.38,2.68,50.827272,18.9654,11.6044,11.7384,1577.419355,0.9885844749,0.6153846154,0.9268292683,0.006099087907,9.620819311,3.796666667,0.2080420652,Ideal
0.39,60.6,57,677 €,4.75,4.79,2.89,65.754725,22.7525,13.7275,13.8431,1735.897436,0.9916492693,0.605870021,0.9405940594,0.005931132706,10.29583806,4.143333333,0.2139318426,Ideal
0.38,62.2,54.1,1402 €,4.64,4.67,2.89,62.622832,21.6688,13.4096,13.4963,3689.473684,0.9935760171,0.6208378088,0.8697749196,0.006068074341,22.38800059,4.066666667,0.2046194546,Ideal
0.51,61.5,56,1974 €,5.15,5.12,3.16,83.32288,26.368,16.274,16.1792,3870.588235,1.005859375,0.6153846154,0.9105691057,0.006120767789,23.6909718,4.476666667,0.2079905767,Premium
0.63,61.6,55,2440 €,5.52,5.55,3.41,104.46876,30.636,18.8232,18.9255,3873.015873,0.9945945946,0.6160794941,0.8928571429,0.006030510939,23.35626459,4.826666667,0.2075572115,Ideal
0.32,62.4,56,648 €,4.37,4.31,2.71,51.042037,18.8347,11.8427,11.6801,2025,1.013921114,0.6244239631,0.8974358974,0.006269342268,12.69541809,3.796666667,0.2024880676,Ideal
0.3,62.5,59,608 €,4.28,4.23,2.66,48.157704,18.1044,11.3848,11.2518,2026.666667,1.011820331,0.625146886,0.944,0.00622953287,12.62518662,3.723333333,0.2020144778,Premium
2.28,61.6,57,13907 €,8.44,8.37,5.18,365.929704,70.6428,43.7192,43.3566,6099.561404,1.008363202,0.6162998215,0.9253246753,0.006230704901,38.00456713,7.33,0.2074417663,Ideal
0.55,60.3,62,1556 €,5.33,5.29,3.2,90.22624,28.1957,17.056,16.928,2829.090909,1.007561437,0.6026365348,1.028192371,0.006095787656,17.24553744,4.606666667,0.2159473759,Premium
1.05,61.8,56,4975 €,6.52,6.58,4.05,173.75148,42.9016,26.406,26.649,4738.095238,0.990881459,0.6183206107,0.9061488673,0.006043113992,28.63284963,5.716666667,0.2061981049,Ideal
0.34,62.2,55,596 €,4.45,4.49,2.78,55.54579,19.9805,12.371,12.4822,1752.941176,0.991091314,0.6219239374,0.884244373,0.006121075963,10.7298861,3.906666667,0.2039695354,Ideal
1.07,62.2,59,4119 €,6.47,6.53,4.04,170.686364,42.2491,26.1388,26.3812,3849.53271,0.9908116386,0.6215384615,0.9485530547,0.006268807741,24.13198046,5.68,0.2042101743,Premium
0.3,61.6,58,776 €,4.31,4.29,2.65,48.998235,18.4899,11.4215,11.3685,2586.666667,1.004662005,0.6162790698,0.9415584416,0.006122669521,15.83730516,3.75,0.2074294168,Premium
0.92,59.8,59,37409.47999 €,6.33,6.37,3.8,153.22398,40.3221,24.054,24.206,4958.695652,0.9937205651,0.5984251969,0.9866220736,0.006004282097,29.77340753,5.5,0.2185804439,Premium
0.41,61.8,58,1079 €,4.73,4.75,2.93,65.829775,22.4675,13.8589,13.9175,2631.707317,0.9957894737,0.6181434599,0.9385113269,0.006228184739,16.39075935,4.136666667,0.2062726628,Premium
0.51,60.5,59,2203 €,5.17,5.15,3.12,83.07156,26.6255,16.1304,16.068,4319.607843,1.003883495,0.6046511628,0.9752066116,0.006139285214,26.51930456,4.48,0.2146651527,Premium
1.06,60.4,62,,6.62,6.59,3.99,174.066942,43.6258,26.4138,26.2941,5264.150943,1.004552352,0.6040878123,1.026490066,0.006089611203,32.05663256,5.733333333,0.215020406,Premium
0.52,61.8,60,1624 €,5.18,5.15,3.19,85.09963,26.677,16.5242,16.4285,3123.076923,1.005825243,0.6176185866,0.9708737864,0.006110484852,19.08351423,4.506666667,0.206606024,Premium
0.71,60.5,58,2839 €,5.75,5.72,3.47,114.1283,32.89,19.9525,19.8484,3998.591549,1.005244755,0.6050566696,0.958677686,0.006221068745,24.87551291,4.98,0.2144179678,Premium
0.71,61.3,56,2491 €,5.73,5.79,3.53,117.113751,33.1767,20.2269,20.4387,3508.450704,0.9896373057,0.6128472222,0.9135399674,0.006062481937,21.26991902,5.016666667,0.2096048017,Ideal
0.31,61.5,54,789 €,4.36,4.39,2.69,51.487676,19.1404,11.7284,11.8091,2545.16129,0.993166287,0.6148571429,0.8780487805,0.006020858273,15.32405541,3.813333333,0.2083245715,Ideal
0.3,61.3,58,526 €,4.29,4.32,2.64,48.926592,18.5328,11.3256,11.4048,1753.333333,0.9930555556,0.6132404181,0.9461663948,0.00613163492,10.75079989,3.75,0.209329087,Premium
0.79,60.8,55,3210 €,5.98,6.05,3.66,132.41514,36.179,21.8868,22.143,4063.291139,0.9884297521,0.608478803,0.9046052632,0.005966085147,24.24194091,5.23,0.2123375528,Ideal
0.33,62.2,58,666 €,4.43,4.44,2.76,54.286992,19.6692,12.2268,12.2544,2018.181818,0.9977477477,0.6223224352,0.9324758842,0.006078804293,12.2681323,3.876666667,0.2036835235,Premium
1.05,60.7,55,8946 €,6.6,6.65,4.02,176.4378,43.89,26.532,26.733,8520,0.992481203,0.6067924528,0.9060955519,0.005951105715,50.7034207,5.756666667,0.2133488853,Ideal
1.1,62.7,57,4805 €,6.6,6.55,4.12,178.1076,43.23,27.192,26.986,4368.181818,1.007633588,0.6266159696,0.9090909091,0.006176041898,26.97807393,5.756666667,0.2010674178,Premium
1,61.2,61,6303 €,6.39,6.35,3.9,158.24835,40.5765,24.921,24.765,6303,1.006299213,0.612244898,0.9967320261,0.006319181211,39.82979917,5.546666667,0.2099429697,Premium
0.53,61.2,57,1857 €,5.2,5.26,3.2,87.5264,27.352,16.64,16.832,3503.773585,0.9885931559,0.6118546845,0.931372549,0.006055315882,21.21645584,4.553333333,0.2102338115,Ideal
0.31,62.1,55,636 €,4.32,4.38,2.7,51.08832,18.9216,11.664,11.826,2051.612903,0.9863013699,0.6206896552,0.885668277,0.006067923157,12.44902945,3.8,0.2047902785,Ideal
2.3,61.8,57,16329 €,8.48,8.45,5.23,374.76088,71.656,44.3504,44.1935,7099.565217,1.003550296,0.6178381571,0.9223300971,0.006137246769,43.57178369,7.386666667,0.2064588634,Ideal
0.36,61,56,852 €,4.59,4.63,2.81,59.717277,21.2517,12.8979,13.0103,2366.666667,0.9913606911,0.6095444685,0.9180327869,0.006028406151,14.26722789,4.01,0.2116422089,Ideal
0.54,62,54,1098 €,5.23,5.28,3.26,90.022944,27.6144,17.0498,17.2128,2033.333333,0.990530303,0.6203615604,0.8709677419,0.00599847079,12.19689061,4.59,0.2049397642,Ideal
0.31,61.2,57,878 €,4.42,4.4,2.7,52.5096,19.448,11.934,11.88,2832.258065,1.004545455,0.612244898,0.931372549,0.005903682374,16.72075201,3.84,0.2099330939,Ideal
0.43,61.2,56,850 €,4.87,4.9,2.99,71.35037,23.863,14.5613,14.651,1976.744186,0.993877551,0.6120777892,0.9150326797,0.00602659804,11.91304264,4.253333333,0.2100459687,Ideal
0.37,60.7,57,40816.5 €,4.69,4.64,2.83,61.585328,21.7616,13.2727,13.1312,2251.351351,1.010775862,0.6066452304,0.9390444811,0.006007924485,13.52594891,4.053333333,0.2134707489,Premium
1.25,62.5,59,5250 €,6.89,6.81,4.28,200.821452,46.9209,29.4892,29.1468,4200,1.01174743,0.6248175182,0.944,0.006224434629,26.14262544,5.993333333,0.2022163116,Premium
1.02,62.6,59,6087 €,6.43,6.39,4.01,164.761677,41.0877,25.7843,25.6239,5967.647059,1.006259781,0.6255850234,0.9424920128,0.006190760003,36.94427072,5.61,0.2016913895,Premium
1.56,61.7,59,8858 €,7.51,7.43,4.61,257.234773,55.7993,34.6211,34.2523,5678.205128,1.01076716,0.6171352075,0.9562398703,0.006064498908,34.4354688,6.516666667,0.2069482029,Premium
0.7,62.5,59,2737 €,5.65,5.62,3.52,111.77056,31.753,19.888,19.7824,3910,1.005338078,0.6246672582,0.944,0.006262829854,24.48766473,4.93,0.2022506659,Premium
0.31,61.6,54,544 €,4.39,4.41,2.71,52.465329,19.3599,11.8969,11.9511,1754.83871,0.9954648526,0.6159090909,0.8766233766,0.005908663986,10.36875229,3.836666667,0.2076582484,Ideal
0.27,61.3,57,432 €,4.16,4.19,2.56,44.621824,17.4304,10.6496,10.7264,1600,0.9928400955,0.6131736527,0.9298531811,0.006050850812,9.6813613,3.636666667,0.2093721745,Ideal
0.4,61.3,59,917 €,4.74,4.78,2.92,66.159024,22.6572,13.8408,13.9576,2292.5,0.9916317992,0.6134453782,0.9624796085,0.006046038406,13.86054305,4.146666667,0.2092133497,Premium
1.21,62.4,60,4310 €,6.77,6.73,4.21,191.816441,45.5621,28.5017,28.3333,3561.983471,1.005943536,0.6237037037,0.9615384615,0.00630811412,22.46939823,5.903333333,0.2028479107,Premium
0.33,61.5,59,1002 €,4.46,4.42,2.73,53.817036,19.7132,12.1758,12.0666,3036.363636,1.009049774,0.6148648649,0.9593495935,0.006131887308,18.61863964,3.87,0.2083377568,Premium
0.34,62.4,59,765 €,4.47,4.41,2.77,1039.007704,19.7127,12.3819,12.2157,2250,1.013605442,0.6238738739,0.9455128205,0.00622662965,14.00991671,3.883333333,0.2028222832,Premium
0.41,60.3,58,907 €,4.86,4.82,2.92,68.401584,23.4252,14.1912,14.0744,2212.195122,1.008298755,0.6033057851,0.9618573798,0.005994013238,13.25992685,4.2,0.2155342814,Premium
0.34,61.7,58,612 €,4.54,4.5,2.79,56.9997,20.43,12.6666,12.555,1800,1.008888889,0.6172566372,0.9400324149,0.005964943675,10.73689862,3.943333333,0.2068537525,Premium
0.53,61.6,57,1577 €,5.18,5.24,3.21,87.129672,27.1432,16.6278,16.8204,2975.471698,0.9885496183,0.6161228407,0.9253246753,0.006082887584,18.09945985,4.543333333,0.2075848538,Ideal
0.37,62.5,56,811 €,4.58,4.61,2.87,60.596606,21.1138,13.1446,13.2307,2191.891892,0.9934924078,0.6245919478,0.896,0.006105952535,13.38358785,4.02,0.2023047325,Ideal
0.7,60.8,58,2317 €,5.75,5.8,3.51,117.0585,33.35,20.1825,20.358,3310,0.9913793103,0.6077922078,0.9539473684,0.005979916025,19.79352204,5.02,0.2127343306,Premium
0.3,61.8,58,526 €,4.28,4.33,2.66,49.296184,18.5324,11.3848,11.5178,1753.333333,0.9884526559,0.6178861789,0.9385113269,0.00608566375,10.67019711,3.756666667,0.206493979,Premium
0.51,62.7,53,1177 €,5.09,5.12,3.2,83.39456,26.0608,16.288,16.384,2307.843137,0.994140625,0.6268364349,0.8452950558,0.006115506815,14.11363043,4.47,0.2009192673,Ideal
0.24,60.6,59,668 €,4.02,4,2.43,39.0744,16.08,9.7686,9.72,2783.333333,1.005,0.6059850374,0.9735973597,0.006142128862,17.095592,3.483333333,0.2138365249,Premium
1.13,61.8,57,13485 €,6.66,6.71,4.13,184.563918,44.6886,27.5058,27.7123,11933.62832,0.9925484352,0.6178010471,0.9223300971,0.00612254016,73.06411863,5.833333333,0.2065048302,Ideal
1,61.6,61,4452 €,6.36,6.33,3.91,157.411908,40.2588,24.8676,24.7503,4452,1.004739336,0.6162332545,0.9902597403,0.006352759538,28.28248546,5.533333333,0.2074581948,Premium
0.5,60.6,57,1250 €,5.19,5.14,3.13,83.497758,26.6766,16.2447,16.0882,2500,1.009727626,0.6060019361,0.9405940594,0.005988184737,14.97046184,4.486666667,0.2138615183,Ideal
1.17,61.7,55,9110 €,6.77,6.74,4.17,190.276266,45.6298,28.2309,28.1058,7786.324786,1.004451039,0.6173205033,0.8914100486,0.006148953964,47.87775266,5.893333333,0.2067831841,Ideal
1.01,62.3,58,4355 €,6.44,6.4,4,164.864,41.216,25.76,25.6,4311.881188,1.00625,0.6230529595,0.9309791332,0.006126261646,26.41571234,5.613333333,0.2032510353,Premium
0.38,61.9,60,1067 €,4.62,4.66,2.87,61.788804,21.5292,13.2594,13.3742,2807.894737,0.991416309,0.6185344828,0.9693053312,0.006149981476,17.26850062,4.05,0.2060606876,Premium
1.34,61.7,58,6464 €,7.04,7.1,4.36,217.93024,49.984,30.6944,30.956,4823.880597,0.9915492958,0.6166902405,0.9400324149,0.006148756593,29.66086762,6.166666667,0.2072012533,Premium
1.25,62,59,5264 €,6.9,6.87,4.27,202.41081,47.403,29.463,29.3349,4211.2,1.004366812,0.6201888163,0.9516129032,0.006175559497,26.00651615,6.013333333,0.2050083694,Premium
0.33,61.6,55,854 €,4.48,4.45,2.75,54.824,19.936,12.32,12.2375,2587.878788,1.006741573,0.6159014558,0.8928571429,0.006019261637,15.57711951,3.893333333,0.2076759033,Ideal
1.02,63,58,4238 €,6.44,6.38,4.04,165.992288,41.0872,26.0176,25.7752,4154.901961,1.009404389,0.6302652106,0.9206349206,0.00614486379,25.53130661,5.62,0.1988429188,Premium
1.03,61.6,59,4362 €,6.46,6.49,3.99,167.282346,41.9254,25.7754,25.8951,4234.951456,0.9953775039,0.6162162162,0.9577922078,0.006157254633,26.07567448,5.646666667,0.2074682862,Premium
0.36,61.5,56.2,801 €,4.56,4.6,2.82,59.15232,20.976,12.8592,12.972,2225,0.9913043478,0.615720524,0.9138211382,0.006085982764,13.54131165,3.993333333,0.2078045026,Ideal
1.5,60.5,59,11489 €,7.44,7.39,4.49,246.867384,54.9816,33.4056,33.1811,7659.333333,1.0067659,0.6055293324,0.9752066116,0.006076136814,46.53915723,6.44,0.2141318798,Premium
1.01,61.5,56,5864 €,6.47,6.41,3.96,164.231892,41.4727,25.6212,25.3836,5805.940594,1.009360374,0.6149068323,0.9105691057,0.00614984086,35.7056107,5.613333333,0.2083146903,Premium
0.23,62.8,57,530 €,3.91,3.96,2.47,38.244492,15.4836,9.6577,9.7812,2304.347826,0.9873737374,0.6277001271,0.9076433121,0.006013937902,13.85820473,3.446666667,0.2004572216,Ideal
0.33,61.3,60,668 €,4.47,4.44,2.73,54.181764,19.8468,12.2031,12.1212,2024.242424,1.006756757,0.6127946128,0.9787928222,0.006090610117,12.32887139,3.88,0.2096043877,Premium
0.41,60.8,59,827 €,4.78,4.8,2.91,66.76704,22.944,13.9098,13.968,2017.073171,0.9958333333,0.6075156576,0.9703947368,0.00614075448,12.38635111,4.163333333,0.2128770481,Premium
0.81,62.2,56,40816.5 €,5.98,5.92,3.7,130.98592,35.4016,22.126,21.904,3128.395062,1.010135135,0.6218487395,0.9003215434,0.006183870755,19.34559073,5.2,0.2040274955,Premium
0.38,62.7,58,898 €,4.62,4.6,2.89,61.41828,21.252,13.3518,13.294,2363.157895,1.004347826,0.6268980477,0.9250398724,0.006187083064,14.62105419,4.036666667,0.2008728866,Premium
1,61.9,61,4312 €,6.36,6.31,3.92,157.315872,40.1316,24.9312,24.7352,4312,1.00792393,0.6187845304,0.98546042,0.006356637682,27.40982169,5.53,0.2058996206,Premium
1.82,61.4,60,13813 €,7.8,7.83,4.8,293.1552,61.074,37.44,37.584,7589.56044,0.9961685824,0.6142034549,0.9771986971,0.006208315595,47.11838644,6.81,0.2087132744,Premium
0.9,60.8,57,4884 €,6.26,6.17,3.78,145.999476,38.6242,23.6628,23.3226,5426.666667,1.01458671,0.6082059533,0.9375,0.006164405686,33.45217486,5.403333333,0.2125461881,Ideal
1.24,60.2,60,6686 €,6.91,6.94,4.17,949.6428261,47.9554,28.8147,28.9398,5391.935484,0.9956772334,0.602166065,0.9966777409,0.006200805547,33.43434346,6.006666667,0.2162226198,Premium
0.52,61.6,57,1897 €,5.16,5.2,3.19,85.59408,26.832,16.4604,16.588,3648.076923,0.9923076923,0.6158301158,0.9253246753,0.006075186508,22.1627477,4.516666667,0.2077277751,Ideal
0.35,61.5,59,906 €,4.55,4.53,2.79,57.506085,20.6115,12.6945,12.6387,2588.571429,1.004415011,0.6145374449,0.9593495935,0.006086312431,15.75485446,3.956666667,0.2085084203,Premium
0.31,61.9,55,36576.40961 €,4.39,4.36,2.71,51.870484,19.1404,11.8969,11.8156,3216.129032,1.006880734,0.6194285714,0.8885298869,0.005976423895,19.2209504,3.82,0.2054932137,Ideal
1.12,60.4,56,10236 €,6.82,6.78,4.11,190.044756,46.2396,28.0302,27.8658,9139.285714,1.005899705,0.6044117647,0.9271523179,0.005893348617,53.86099683,5.903333333,0.2148249524,Ideal
0.44,61.4,55,1177 €,4.92,4.95,3.03,73.79262,24.354,14.9076,14.9985,2675,0.9939393939,0.6139817629,0.8957654723,0.005962655886,15.9501045,4.3,0.2088625872,Ideal
1.53,62.5,59,8499 €,7.4,7.36,4.61,251.07904,54.464,34.114,33.9296,5554.901961,1.005434783,0.6246612466,0.944,0.006093698622,33.84989842,6.456666667,0.2022549243,Premium
1.26,60.9,57,5434 €,7.03,6.96,4.26,208.436688,48.9288,29.9478,29.6496,4312.698413,1.010057471,0.6090064332,0.9359605911,0.00604500106,26.07026648,6.083333333,0.2119903622,Premium
0.24,60.8,59,554 €,4.02,4,2.44,39.2352,16.08,9.8088,9.76,2308.333333,1.005,0.608478803,0.9703947368,0.006116956203,14.1199739,3.486666667,0.2122801534,Premium
0.7,61.2,56,2184 €,5.69,5.74,3.5,114.3121,32.6606,19.915,20.09,3120,0.9912891986,0.6124234471,0.9150326797,0.006123586217,19.105589,4.976666667,0.2098514099,Ideal
1.08,60.2,58,4742 €,6.68,6.61,4,176.6192,44.1548,26.72,26.44,4390.740741,1.010590015,0.6019563582,0.9634551495,0.006114850481,26.84872313,5.763333333,0.2164012266,Premium
1,62,57,6048 €,6.43,6.37,3.97,162.607627,40.9591,25.5271,25.2889,6048,1.009419152,0.6203125,0.9193548387,0.006149773036,37.19382732,5.59,0.2049686667,Premium
1.16,62.8,57,3605 €,6.8,6.64,4.22,190.54144,45.152,28.696,28.0208,3107.758621,1.024096386,0.6279761905,0.9076433121,0.006087914524,18.91976884,5.886666667,0.2005073795,Ideal
1.03,62.3,59,4153 €,6.46,6.42,4.01,166.307532,41.4732,25.9046,25.7442,4032.038835,1.00623053,0.6226708075,0.9470304976,0.00619334547,24.97180945,5.63,0.2034865676,Premium
1.39,62.5,59,7006 €,7.17,7.1,4.46,227.04522,50.907,31.9782,31.666,5040.28777,1.009859155,0.6250875964,0.944,0.006122128446,30.85728913,6.243333333,0.2020284357,Premium
0.33,61.9,55,880 €,4.44,4.48,2.76,54.899712,19.8912,12.2544,12.3648,2666.666667,0.9910714286,0.6188340807,0.8885298869,0.006010960495,16.02922799,3.893333333,0.2058786077,Ideal
1.51,61.7,58,13945 €,7.33,7.28,4.51,240.664424,53.3624,33.0583,32.8328,9235.099338,1.006868132,0.6173853525,0.9400324149,0.006274296695,57.94375325,6.373333333,0.2067573867,Premium
0.42,60.9,55,773 €,4.84,4.88,2.96,69.912832,23.6192,14.3264,14.4448,1840.47619,0.9918032787,0.6090534979,0.9031198686,0.006007480858,11.05662548,4.226666667,0.2119441897,Ideal
0.91,58.5,60,3379 €,6.34,6.31,3.7,148.01998,40.0054,23.458,23.347,3713.186813,1.004754358,0.5849802372,1.025641026,0.006147818693,22.8279993,5.45,0.2270637568,Premium
0.7,61.8,60,2479 €,5.67,5.63,3.49,111.408129,31.9221,19.7883,19.6487,3541.428571,1.007104796,0.617699115,0.9708737864,0.006283203984,22.25151811,4.93,0.2065648483,Premium
0.72,61.3,56,2960 €,5.77,5.81,3.55,119.009135,33.5237,20.4835,20.6255,4111.111111,0.9931153184,0.6131260794,0.9135399674,0.006049955745,24.87204028,5.043333333,0.2093996804,Ideal
2.11,61,58,12440 €,8.2,8.29,5.03,341.92934,67.978,41.246,41.6987,5895.734597,0.9891435464,0.6100667071,0.9508196721,0.006170865595,36.38178578,7.173333333,0.2113398021,Premium
0.92,62.2,56,4011 €,6.2,6.24,3.87,149.72256,38.688,23.994,24.1488,4359.782609,0.9935897436,0.6221864952,0.9003215434,0.006144698568,26.78954995,5.436666667,0.2037868135,Ideal
0.33,61.6,55,838 €,4.46,4.47,2.75,54.82455,19.9362,12.265,12.2925,2539.393939,0.9977628635,0.6159014558,0.8928571429,0.006019201252,15.28512318,3.893333333,0.2076547245,Ideal
0.44,61.3,58,1040 €,4.91,4.88,3,71.8824,23.9608,14.73,14.64,2363.636364,1.006147541,0.6128702758,0.9461663948,0.006121108922,14.46807563,4.263333333,0.2095532886,Premium
0.57,58.9,59,1406 €,5.41,5.35,3.17,91.750895,28.9435,17.1497,16.9595,2466.666667,1.011214953,0.5892193309,1.001697793,0.006212473459,15.3241012,4.643333333,0.2244275477,Premium
0.32,62.2,57,864 €,4.37,4.35,2.71,51.515745,19.0095,11.8427,11.7885,2700,1.004597701,0.621559633,0.9163987138,0.006211693144,16.77157149,3.81,0.2041628118,Ideal
1.02,61.1,59,4459 €,6.41,6.45,3.93,162.483885,41.3445,25.1913,25.3485,4371.568627,0.9937984496,0.6111975117,0.9656301146,0.006277545616,27.44272147,5.596666667,0.2105940024,Premium
0.53,62.3,56,1427 €,5.19,5.23,3.24,87.945588,27.1437,16.8156,16.9452,2692.45283,0.9923518164,0.6218809981,0.8988764045,0.006026453539,16.22594189,4.553333333,0.2039847298,Ideal
2.01,62.3,59,12182 €,8.01,7.97,4.98,317.921706,63.8397,39.8898,39.6906,6060.696517,1.005018821,0.6232790989,0.9470304976,0.006322311318,38.31761019,6.986666667,0.2031042327,Premium
0.41,60.7,57,876 €,4.85,4.81,2.93,68.352505,23.3285,14.2105,14.0933,2136.585366,1.008316008,0.6066252588,0.9390444811,0.005998317106,12.81591655,4.196666667,0.2134592792,Ideal
1.21,61.2,57,8452 €,6.87,6.82,4.19,196.315746,46.8534,28.7853,28.5758,6985.123967,1.007331378,0.6121256392,0.931372549,0.006163540239,43.05309264,5.96,0.210024404,Ideal
2.01,62.3,59,12048 €,8.03,7.97,4.98,318.715518,63.9991,39.9894,39.6906,5994.029851,1.007528231,0.6225,0.9470304976,0.00630656459,37.80173641,6.993333333,0.2036013867,Premium
0.35,59,61,1148 €,4.64,4.62,2.73,58.522464,21.4368,12.6672,12.6126,3280,1.004329004,0.5896328294,1.033898305,0.005980609429,19.61639893,3.996666667,0.2241132122,Premium
0.36,60.9,59,729 €,4.62,4.58,2.8,59.24688,21.1596,12.936,12.824,2025,1.008733624,0.6086956522,0.9688013136,0.006076269333,12.3044454,4,0.2121713144,Premium
1.27,62.2,58,4580 €,6.88,6.84,4.27,200.942784,47.0592,29.3776,29.2068,3606.299213,1.005847953,0.6224489796,0.9324758842,0.00632020705,22.79255771,5.996666667,0.203620941,Premium
1.7,61.9,59,9864 €,7.59,7.67,4.72,274.776216,58.2153,35.8248,36.2024,5802.352941,0.9895697523,0.6186107471,0.9531502423,0.006186852795,35.89830351,6.66,0.2060324156,Ideal
0.58,61.9,57,1884 €,5.33,5.37,3.31,94.739151,28.6221,17.6423,17.7747,3248.275862,0.9925512104,0.6186915888,0.9208400646,0.006122073017,19.88618201,4.67,0.2059537175,Ideal
0.52,60.3,60,1815 €,5.21,5.17,3.13,84.308741,26.9357,16.3073,16.1821,3490.384615,1.007736944,0.6030828516,0.9950248756,0.006167806491,21.52801689,4.503333333,0.2156692684,Premium
0.54,61.8,55,2123 €,5.24,5.27,3.25,89.7481,27.6148,17.03,17.1275,3931.481481,0.9943074004,0.6184586108,0.8899676375,0.006016840468,23.65509688,4.586666667,0.2060854823,Ideal
0.92,62.4,57,3555 €,6.22,6.18,3.87,148.761252,38.4396,24.0714,23.9166,3864.130435,1.006472492,0.6241935484,0.9134615385,0.006184406138,23.89735198,5.423333333,0.2025495855,Premium
0.31,60.4,59,695 €,4.41,4.37,2.65,51.070005,19.2717,11.6865,11.5805,2241.935484,1.009153318,0.6036446469,0.9768211921,0.006070099269,13.60877094,3.81,0.2153297647,Premium
0.3,62.2,60,776 €,4.27,4.22,2.64,47.571216,18.0194,11.2728,11.1408,2586.666667,1.011848341,0.6219081272,0.9646302251,0.006306334486,16.3123852,3.71,0.2040106628,Premium
2.01,61.8,59,15105 €,8.15,8.09,5.02,330.98617,65.9335,40.913,40.6118,7514.925373,1.007416564,0.618226601,0.9546925566,0.006072761288,45.63634789,7.086666667,0.2062407275,Premium
0.72,61.4,55,2952 €,5.76,5.8,3.55,118.5984,33.408,20.448,20.59,4100,0.9931034483,0.6141868512,0.8957654723,0.006070908208,24.89072365,5.036666667,0.2087410144,Ideal
1.29,60.7,57,11197 €,7.08,7.05,4.29,214.13106,49.914,30.3732,30.2445,8679.844961,1.004255319,0.6072186837,0.9390444811,0.006024347892,52.2904057,6.14,0.2130626835,Ideal
1.02,62.7,58,6058 €,6.4,6.45,4.03,166.3584,41.28,25.792,25.9935,5939.215686,0.992248062,0.6272373541,0.9250398724,0.006131340527,36.41535384,5.626666667,0.2006869086,Premium
1.06,61.2,57,7592 €,6.58,6.55,4.02,173.25798,43.099,26.4516,26.331,7162.264151,1.004580153,0.6123381569,0.931372549,0.006118044317,43.81904949,5.716666667,0.2098752801,Ideal
2,60.4,61,17136 €,8.21,8.12,4.93,328.659436,66.6652,40.4753,40.0316,8568,1.011083744,0.6037966932,1.009933775,0.006085326575,52.13907809,7.086666667,0.2152544006,Premium
0.56,61.3,54,1814 €,5.37,5.34,3.28,94.056624,28.6758,17.6136,17.5152,3239.285714,1.005617978,0.6125116713,0.88091354,0.005953860304,19.28625463,4.663333333,0.2097729203,Ideal
-0.914,62.2,57,18692 €,8.63,8.54,5.34,393.559068,73.7002,46.0842,45.6036,7692.18107,1.010538642,0.6220151427,0.9163987138,0.00617442259,47.49477657,7.503333333,0.2039292137,Premium
0.74,61.3,59,2527 €,5.83,5.78,3.56,119.962744,33.6974,20.7548,20.5768,3414.864865,1.008650519,0.6132644272,0.9624796085,0.006168581806,21.06487327,5.056666667,0.2093276177,Premium
0.32,60.7,60,648 €,4.41,4.39,2.67,51.690933,19.3599,11.7747,11.7213,2025,1.004555809,0.6068181818,0.9884678748,0.006190640823,12.53604767,3.823333333,0.2133140435,Premium
0.31,61.9,54.4,685 €,4.33,4.37,2.69,50.900449,18.9221,11.6477,11.7553,2209.677419,0.9908466819,0.6183908046,0.8788368336,0.006090319557,13.4576416,3.796666667,0.2061550149,Ideal
1.37,59.6,60,6495 €,7.24,7.18,4.3,223.52776,51.9832,31.132,30.874,4740.875912,1.008356546,0.5963938974,1.006711409,0.006128992658,29.05679366,6.24,0.2198727293,Premium
0.72,61.1,56,2997 €,5.78,5.8,3.54,118.67496,33.524,20.4612,20.532,4162.5,0.9965517241,0.6113989637,0.9165302782,0.006066991723,25.25385305,5.04,0.2104546822,Ideal
1.52,61.4,58,11621 €,7.44,7.3,4.55,247.1196,54.312,33.852,33.215,7645.394737,1.019178082,0.6173677069,0.9446254072,0.006150867839,47.0258126,6.43,0.2069345011,Premium
2.02,63,59,15014 €,8.05,7.95,5.03,321.907425,63.9975,40.4915,39.9885,7432.673267,1.012578616,0.62875,0.9365079365,0.006275096016,46.6407384,7.01,0.1998097729,Premium
0.34,61,58,765 €,4.49,4.46,2.73,54.669342,20.0254,12.2577,12.1758,2250,1.006726457,0.6100558659,0.9508196721,0.006219207833,13.99321762,3.893333333,0.2113078916,Premium
1.58,61.3,57,14624 €,7.48,7.54,4.6,259.43632,56.3992,34.408,34.684,9255.696203,0.9920424403,0.6125166445,0.9298531811,0.006090126471,56.36836045,6.54,0.2097868243,Ideal
2.01,62.5,62,11825 €,8.09,8.04,5.04,327.819744,65.0436,40.7736,40.5216,5883.084577,1.006218905,0.6249225046,0.992,0.006131418369,36.07165284,7.056666667,0.2020989274,Premium
1.01,61.2,59,7068 €,6.42,6.36,3.91,159.649992,40.8312,25.1022,24.8676,6998.019802,1.009433962,0.6118935837,0.9640522876,0.006326339183,44.27184688,5.563333333,0.2101869014,Premium
1.55,61.6,56,14106 €,7.44,7.49,4.6,256.33776,55.7256,34.224,34.454,9100.645161,0.9933244326,0.6162089752,0.9090909091,0.006046709622,55.02895867,6.51,0.2074851304,Ideal
0.7,61.3,58,2596 €,5.74,5.68,3.5,114.1112,32.6032,20.09,19.88,3708.571429,1.01056338,0.6129597198,0.9461663948,0.006134367179,22.74973885,4.973333333,0.2095359075,Premium
0.33,61.8,56,953 €,4.46,4.44,2.75,54.4566,19.8024,12.265,12.21,2887.878788,1.004504505,0.6179775281,0.9061488673,0.006059871531,17.50017445,3.883333333,0.2063766383,Ideal
1.01,61.7,56,8552 €,6.48,6.45,3.99,166.76604,41.796,25.8552,25.7355,8467.326733,1.004651163,0.6171693735,0.9076175041,0.006056388939,51.28142396,5.64,0.2068777428,Ideal
,62.2,57,2355 €,5.69,5.66,3.53,,32.2054,20.0857,19.9798,3364.285714,1.005300353,0.6220264317,0.9163987138,0.00615736129,20.71512263,4.96,0.2038784005,Ideal
0.25,61.8,56,595 €,4.07,4.09,2.52,41.948676,16.6463,10.2564,10.3068,2380,0.9951100244,0.6176470588,0.9061488673,0.005959663661,14.18399951,3.56,0.2065832524,Ideal
0.32,61.9,56,828 €,4.44,4.41,2.74,53.650296,19.5804,12.1656,12.0834,2587.5,1.006802721,0.6192090395,0.9046849758,0.005964552367,15.43327925,3.863333333,0.205628395,Ideal
1.21,59.7,60,4492 €,6.9,6.93,4.13,197.48421,47.817,28.497,28.6209,3712.396694,0.9956709957,0.59725235,1.005025126,0.006127072134,22.74612234,5.986666667,0.2193071352,Premium
0.31,61.6,54,696 €,4.33,4.37,2.68,50.711228,18.9221,11.6044,11.7116,2245.16129,0.9908466819,0.616091954,0.8766233766,0.00611304463,13.72477117,3.793333333,0.20757862,Ideal
0.43,61.3,59,968 €,4.84,4.81,2.96,68.909984,23.2804,14.3264,14.2376,2251.162791,1.006237006,0.6134715026,0.9624796085,0.006240024668,14.04731134,4.203333333,0.2091803493,Premium
1,61.8,59,6600 €,6.38,6.41,3.95,161.53841,40.8958,25.201,25.3195,6600,0.9953198128,0.6176700547,0.9546925566,0.006190478166,40.85715589,5.58,0.2065679431,Premium
1.01,60.8,60,6606 €,6.46,6.43,3.92,162.828176,41.5378,25.3232,25.2056,6540.594059,1.00466563,0.608223429,0.9868421053,0.006202857668,40.57037401,5.603333333,0.2124377316,Premium
1,58.6,61,6468 €,6.53,6.5,3.82,162.1399,42.445,24.9446,24.83,6468,1.004615385,0.5863392172,1.040955631,0.006167513363,39.89147643,5.616666667,0.2262007508,Premium
1.28,61.9,56,5949 €,7.02,6.94,4.32,210.465216,48.7188,30.3264,29.9808,4647.65625,1.011527378,0.6189111748,0.9046849758,0.006081765074,28.26595346,6.093333333,0.2058579782,Premium
1.02,61.5,59,11163 €,6.46,6.41,3.96,163.978056,41.4086,25.5816,25.3836,10944.11765,1.007800312,0.6153846154,0.9593495935,0.006220344508,68.0761821,5.61,0.2080044096,Premium
1.97,61.1,58,14542 €,8.11,8.05,4.94,322.51037,65.2855,40.0634,39.767,7381.725888,1.007453416,0.6113861386,0.9492635025,0.006108330718,45.090023,7.033333333,0.2104852401,Premium
1.01,62.7,59,2788 €,6.31,6.22,3.93,154.245426,39.2482,24.7983,24.4446,2760.39604,1.014469453,0.6272944932,0.9409888357,0.006548006163,18.07509028,5.486666667,0.2007307318,Premium
0.31,61.4,56,907 €,4.38,4.35,2.68,51.06204,19.053,11.7384,11.658,2925.806452,1.006896552,0.6139747995,0.9120521173,0.006071046123,17.76270592,3.803333333,0.2088723136,Ideal
0.51,62.1,55,3446 €,5.12,5.13,3.19,83.787264,26.2656,16.3328,16.3647,6756.862745,0.9980506823,0.6224390244,0.885668277,0.006086843938,41.12796904,4.48,0.2036109115,Ideal
2.04,60.8,58,14945 €,8.23,8.14,4.98,333.621156,66.9922,40.9854,40.5372,7325.980392,1.011056511,0.608430055,0.9539473684,0.006114720135,44.79631981,7.116666667,0.2123604016,Premium
0.58,61.7,57,1809 €,5.42,5.35,3.32,96.27004,28.997,17.9944,17.762,3118.965517,1.013084112,0.6165273909,0.9238249595,0.006024719632,18.79089278,4.696666667,0.2073533815,Ideal
1.23,62.4,57,8233 €,6.88,6.83,4.28,201.118912,46.9904,29.4464,29.2324,6693.495935,1.007320644,0.6243617797,0.9134615385,0.006115784875,40.9359812,5.996666667,0.2024521829,Ideal
1.71,60.6,57,11246 €,7.82,7.73,4.71,284.712906,60.4486,36.8322,36.4083,6576.608187,1.01164295,0.6057877814,0.9405940594,0.006006050179,39.49943878,6.753333333,0.2140160843,Premium
0.29,62,58,669 €,4.23,4.19,2.61,46.258857,17.7237,11.0403,10.9359,2306.896552,1.009546539,0.6199524941,0.935483871,0.006269069726,14.46209533,3.676666667,0.2051923815,Premium
1.2,61.7,56,4872 €,6.82,6.76,4.19,193.172408,46.1032,28.5758,28.3244,4060,1.00887574,0.617083947,0.9076175041,0.006212067305,25.22099326,5.923333333,0.2069605792,Premium
0.3,62.7,57,878 €,4.29,4.26,2.68,48.978072,18.2754,11.4972,11.4168,2926.666667,1.007042254,0.6269005848,0.9090909091,0.006125190065,17.92638959,3.743333333,0.2008877879,Ideal
1.02,60.6,56,6333 €,6.56,6.52,3.96,169.373952,42.7712,25.9776,25.8192,6208.823529,1.006134969,0.6055045872,0.9240924092,0.006022177483,37.39063726,5.68,0.2141431844,Ideal
0.41,62.9,56,969 €,4.73,4.71,2.97,66.166551,22.2783,14.0481,13.9887,2363.414634,1.004246285,0.6292372881,0.8903020668,0.006196484384,14.64486187,4.136666667,0.1994355318,Ideal
0.57,61.7,56,1364 €,5.33,5.37,3.3,94.45293,28.6221,17.589,17.721,2392.982456,0.9925512104,0.6168224299,0.9076175041,0.006034751913,14.44105545,4.666666667,0.207110835,Ideal
0.27,61.6,56,480 €,4.18,4.2,2.58,45.29448,17.556,10.7844,10.836,1777.777778,0.9952380952,0.61575179,0.9090909091,0.005960991273,10.59731782,3.653333333,0.207756897,Ideal
0.42,60.9,57,1031 €,4.84,4.88,2.96,69.912832,23.6192,14.3264,14.4448,2454.761905,0.9918032787,0.6090534979,0.9359605911,0.006007480858,14.74693515,4.226666667,0.2119441897,Ideal
1.52,60.6,57,10300 €,7.51,7.44,4.53,253.111032,55.8744,34.0203,33.7032,6776.315789,1.009408602,0.6060200669,0.9405940594,0.006005269656,40.69360359,6.493333333,0.2138470858,Premium
1.19,59.5,59,4498 €,6.95,6.89,4.12,197.28826,47.8855,28.634,28.3868,3779.831933,1.008708273,0.5953757225,0.9915966387,0.006031783138,22.79912652,5.986666667,0.2205166909,Premium
1,62.8,60,3080 €,6.46,6.34,4.02,164.644728,40.9564,25.9692,25.4868,3080,1.018927445,0.628125,0.9554140127,0.006073683695,18.70694578,5.606666667,0.200299374,Premium
1.04,61.5,59,4368 €,6.54,6.51,4.01,170.727354,42.5754,26.2254,26.1051,4200,1.004608295,0.614559387,0.9593495935,0.006091583895,25.58465236,5.686666667,0.2084957142,Premium
1.52,61.1,57,12840 €,7.39,7.45,4.53,249.401415,55.0555,33.4767,33.7485,8447.368421,0.9919463087,0.6105121294,0.9328968903,0.006094592527,51.48326845,6.456666667,0.211034474,Ideal
0.82,62,59,2593 €,6.02,5.94,3.71,132.665148,35.7588,22.3342,22.0374,3162.195122,1.013468013,0.6204013378,0.9516129032,0.006180975278,19.54544987,5.223333333,0.2049623256,Premium
2.03,58.5,60,16309 €,8.37,8.34,4.89,341.350362,69.8058,40.9293,40.7826,8033.990148,1.003597122,0.5852782765,1.025641026,0.005946968939,47.77788986,7.2,0.2268698028,Premium
0.24,62.6,58,417 €,3.99,4.03,2.51,40.360047,16.0797,10.0149,10.1153,1737.5,0.9900744417,0.6259351621,0.9265175719,0.00594647474,10.33199986,3.51,0.2015086376,Premium
0.83,59.5,57,2386 €,6.13,6.1,3.64,136.11052,37.393,22.3132,22.204,2874.698795,1.004918033,0.5952575634,0.9579831933,0.006097985666,17.52987205,5.29,0.2205653062,Ideal
0.71,59.1,60,2441 €,5.87,5.84,3.46,118.611568,34.2808,20.3102,20.2064,3438.028169,1.005136986,0.5909479078,1.015228426,0.00598592542,20.57978021,5.056666667,0.2232854822,Premium
0.31,59.2,60,489 €,4.4,4.45,2.62,51.2996,19.58,11.528,11.659,1577.419355,0.9887640449,0.5920903955,1.013513514,0.006042932109,9.532238068,3.823333333,0.2226146385,Premium
1.23,61.2,56,11182 €,6.94,6.9,4.23,202.55778,47.886,29.3562,29.187,9091.056911,1.005797101,0.6112716763,0.9150326797,0.006072341433,55.20400154,6.023333333,0.2105450973,Ideal
0.84,62,54,6399 €,6.04,6.08,3.76,138.079232,36.7232,22.7104,22.8608,7617.857143,0.9934210526,0.6204620462,0.8709677419,0.006083463732,46.34295764,5.293333333,0.204852651,Ideal
0.3,62.6,57,895 €,4.28,4.32,2.69,49.737024,18.4896,11.5132,11.6208,2983.333333,0.9907407407,0.6255813953,0.910543131,0.006031723973,17.99464319,3.763333333,0.2017192923,Ideal
1.11,62.2,57,5284 €,6.67,6.61,4.13,182.086331,44.0887,27.5471,27.2993,4760.36036,1.009077156,0.6219879518,0.9163987138,0.00609600948,29.01920189,5.803333333,0.2039308784,Premium
2.01,error,61,16242 €,7.96,7.89,5.02,315.278088,62.8044,39.9592,39.6078,8080.597015,1.00887199,0.6334384858,0.9791332263,0.006375324123,51.51642508,6.956666667,0.196894338,Premium
0.92,62.6,57,5023 €,6.18,6.13,3.85,145.85109,37.8834,23.793,23.6005,5459.782609,1.008156607,0.6255077173,0.910543131,0.00630780339,34.43923525,5.386666667,0.2017535523,Ideal
0.33,59.9,61,705 €,4.47,4.44,2.67,52.990956,19.8468,11.9349,11.8548,2136.363636,1.006756757,0.5993265993,1.01836394,0.006227477761,13.30415703,3.86,0.2180171492,Premium
1.23,?,59,4426 €,6.76,6.72,4.23,192.157056,45.4272,28.5948,28.4256,3598.373984,1.005952381,0.6275964392,0.9394904459,0.006401013971,23.03324214,5.903333333,0.2004525175,Premium
1.01,61.5,57,3739 €,6.42,6.46,3.96,164.233872,41.4732,25.4232,25.5816,3701.980198,0.9938080495,0.6149068323,0.9268292683,0.006149766718,22.76631461,5.613333333,0.2082892973,Ideal
1.09,62.1,57,7813 €,6.62,6.56,4.09,859.7213077,43.4272,27.0758,26.8304,7167.889908,1.009146341,0.6206373293,0.9178743961,0.0061367914,43.98784514,5.756666667,0.2047653445,Ideal
0.72,62,56,2879 €,5.76,5.73,3.56,117.497088,33.0048,20.5056,20.3988,3998.611111,1.005235602,0.6196692776,0.9032258065,0.00612781144,24.50273491,5.016666667,0.2053338916,Ideal
0.3,61.8,56,507 €,4.29,4.32,2.66,49.297248,18.5328,11.4114,11.4912,1690,0.9930555556,0.6178861789,0.9061488673,0.006085532401,10.28454976,3.756666667,0.2064482202,Ideal
0.34,62,59,596 €,4.43,4.47,2.76,54.653796,19.8021,12.2268,12.3372,1752.941176,0.9910514541,0.6202247191,0.9516129032,0.006220976856,10.90500649,3.886666667,0.2050191214,Premium
2.01,62.7,58,,8.06,7.99,5.03,,64.3994,40.5418,40.1897,8346.268657,1.008760951,0.6267912773,0.9250398724,0.0062050638,51.78912951,7.026666667,0.2009695058,Premium
0.34,62.6,56,961 €,4.52,4.49,2.82,57.231336,20.2948,12.7464,12.6618,2826.470588,1.006681514,0.6259711432,0.8945686901,0.005940801382,16.79150038,3.943333333,0.2014567285,Ideal
1.6,62.2,58,11926 €,7.5,7.44,4.65,259.47,55.8,34.875,34.596,7453.75,1.008064516,0.6224899598,0.9324758842,0.006166416156,45.96292442,6.53,0.2036120064,Premium
0.3,61,57,835 €,4.32,4.31,2.63,48.968496,18.6192,11.3616,11.3353,2783.333333,1.002320186,0.6095017381,0.9344262295,0.006126387872,17.05177958,3.753333333,0.2116324446,Ideal
0.41,61.8,56,750 €,4.73,4.78,2.94,66.471636,22.6094,13.9062,14.0532,1829.268293,0.989539749,0.61829653,0.9061488673,0.006168044367,11.28300799,4.15,0.2062271481,Ideal
0.36,61.5,56,985 €,4.59,4.62,2.83,60.012414,21.2058,12.9897,13.0746,2736.111111,0.9935064935,0.6145494028,0.9105691057,0.005998758857,16.41327076,4.013333333,0.2085131195,Ideal
1.03,62.2,56,5005 €,6.45,6.51,4.03,169.217685,41.9895,25.9935,26.2353,4859.223301,0.9907834101,0.6219135802,0.9003215434,0.006086834245,29.57728679,5.663333333,0.2039789524,Ideal
1.04,62.9,43,4997 €,6.45,6.41,4.04,167.03178,41.3445,26.058,25.8964,4804.807692,1.00624025,0.6283048212,0.6836248013,0.006226360038,29.9164626,5.633333333,0.2000192561,Ideal
0.64,62.3,58,2074 €,5.53,5.49,3.43,104.133771,30.3597,18.9679,18.8307,3240.625,1.007285974,0.6225045372,0.9309791332,0.006145940878,19.91668966,4.816666667,0.203596687,Premium
1.11,62,54,4578 €,6.61,6.64,4.11,180.389544,43.8904,27.1671,27.2904,4124.324324,0.9954819277,0.6203773585,0.8709677419,0.006153349997,25.37841107,5.786666667,0.2048926777,Ideal
1.06,unknown,60,5642 €,6.81,6.7,3.95,180.22665,45.627,26.8995,26.465,5322.641509,1.01641791,0.5847520355,1.025641026,0.005881483121,31.3050262,5.82,0.227328527,Premium
0.37,61.2,58,746 €,4.63,4.69,2.85,61.886895,21.7147,13.1955,13.3665,2016.216216,0.987206823,0.6115879828,0.9477124183,0.00597864863,12.05424832,4.056666667,0.2104175128,Premium
0.92,58.1,58,3282 €,6.46,6.41,3.74,154.868164,41.4086,24.1604,23.9734,3567.391304,1.007800312,0.5811965812,0.9982788296,0.005940536623,21.19221869,5.536666667,0.2294881081,Premium
2.01,61.2,58,14948 €,8.07,8.05,4.93,320.270055,64.9635,39.7851,39.6865,7436.81592,1.002484472,0.611662531,0.9477124183,0.006275953585,46.67311154,7.016666667,0.2102877066,Premium
2,62.3,56,12907 €,8.08,8.03,5.02,325.709648,64.8824,40.5616,40.3106,6453.5,1.00622665,0.6232153942,0.8988764045,0.006140438308,39.62731862,7.043333333,0.2031507328,Ideal
0.36,61.5,58,725 €,4.59,4.61,2.83,59.882517,21.1599,12.9897,13.0463,2013.888889,0.9956616052,0.6152173913,0.9430894309,0.006011771349,12.10703952,4.01,0.2080862719,Ideal
0.32,61.5,60,720 €,4.42,4.4,2.71,52.70408,19.448,11.9782,11.924,2250,1.004545455,0.6145124717,0.9756097561,0.0060716362,13.66118145,3.843333333,0.2085245305,Premium
0.35,62.2,56,767 €,4.51,4.53,2.81,57.409143,20.4303,12.6731,12.7293,2191.428571,0.995584989,0.6216814159,0.9003215434,0.006096589876,13.36024124,3.95,0.2040868559,Ideal
0.92,62.4,56,4068 €,6.21,6.23,3.88,150.110604,38.6883,24.0948,24.1724,4421.73913,0.9967897271,0.6237942122,0.8974358974,0.006128814191,27.10001753,5.44,0.2027788229,Ideal
1.01,61.6,59,6707 €,6.43,6.39,3.95,162.296415,41.0877,25.3985,25.2405,6640.594059,1.006259781,0.616224649,0.9577922078,0.006223181208,41.32562016,5.59,0.2074722884,Premium
0.3,60.9,61,608 €,4.35,4.32,2.64,49.61088,18.792,11.484,11.4048,2026.666667,1.006944444,0.6089965398,1.001642036,0.006047060645,12.25537624,3.77,0.211969369,Premium
0.92,61.8,57,4488 €,6.22,6.27,3.86,150.537684,38.9994,24.0092,24.2022,4878.26087,0.9920255183,0.6180944756,0.9223300971,0.006111426558,29.81313304,5.45,0.2063275353,Ideal
1.1,61.5,55,8796 €,6.69,6.64,4.1,182.12856,44.4216,27.429,27.224,7996.363636,1.00753012,0.6151537884,0.8943089431,0.006039689766,48.29555562,5.81,0.2081454183,Ideal
1.2,61.8,55,5318 €,6.84,6.86,4.23,198.481752,46.9224,28.9332,29.0178,4431.666667,0.9970845481,0.6175182482,0.8899676375,0.006045895846,26.79339509,5.976666667,0.2066547964,Ideal
0.41,60.9,56,949 €,4.82,4.84,2.94,68.586672,23.3288,14.1708,14.2296,2314.634146,0.9958677686,0.6086956522,0.9195402299,0.005977837793,13.83650748,4.2,0.212140942,Ideal
0.74,62.5,56,2690 €,5.76,5.8,3.61,120.60288,33.408,20.7936,20.938,3635.135135,0.9931034483,0.624567474,0.896,0.006135840205,22.30460831,5.056666667,0.2023226389,Ideal
0.74,62.3,56,3226 €,5.76,5.79,3.6,120.06144,33.3504,20.736,20.844,4359.459459,0.9948186528,0.6233766234,0.8988764045,0.006163510949,26.86957611,5.05,0.2030451444,Ideal
0.7,61.8,55,2469 €,5.67,5.72,3.52,114.162048,32.4324,19.9584,20.1344,3527.142857,0.9912587413,0.6180860404,0.8899676375,0.00613163492,21.62715231,4.97,0.2063396387,Ideal
1.07,62.1,57,4458 €,6.53,6.49,4.04,171.213988,42.3797,26.3812,26.2196,4166.35514,1.006163328,0.6205837174,0.9178743961,0.006249489382,26.03759221,5.686666667,0.2047743855,Ideal
1.21,62.8,54,7928 €,6.81,6.78,4.26,196.691868,46.1718,29.0106,28.8828,6552.066116,1.004424779,0.6269315673,0.8598726115,0.006151754073,40.30669941,5.95,0.2008526419,Ideal
0.3,61.7,57,764 €,4.32,4.34,2.67,50.059296,18.7488,11.5344,11.5878,2546.666667,0.9953917051,0.6166281755,0.9238249595,0.005992892908,15.26190061,3.776666667,0.2072129127,Ideal
1.25,60.9,59,7260 €,6.98,7.02,4.26,208.738296,48.9996,29.7348,29.9052,5808,0.9943019943,0.6085714286,0.9688013136,0.005988359702,34.78039315,6.086666667,0.212226442,Premium
1.07,62.9,59,6644 €,6.52,6.49,4.09,173.067532,42.3148,26.6668,26.5441,6209.345794,1.004622496,0.6287471176,0.9379968203,0.006182557685,38.38963856,5.7,0.1997382097,Premium
0.31,61.7,55.8,652 €,4.35,4.39,2.69,51.369585,19.0965,11.7015,11.8091,2103.225806,0.9908883827,0.6155606407,0.904376013,0.006034699326,12.69233536,3.81,0.2079075947,Ideal
1.21,61.5,58,6710 €,6.82,6.78,4.18,193.281528,46.2396,28.5076,28.3404,5545.454545,1.005899705,0.6147058824,0.9430894309,0.006260298191,34.71619906,5.926666667,0.2084118889,Premium
0.41,60.8,56,1007 €,4.76,4.79,2.92,66.577168,22.8004,13.8992,13.9868,2456.097561,0.993736952,0.6115183246,0.9210526316,0.006158267351,15.12530542,4.156666667,0.2103948235,Ideal
2.2,61.5,58,12747 €,8.44,8.38,5.18,366.366896,70.7272,43.7192,43.4084,5794.090909,1.007159905,0.6159334126,0.9430894309,0.006004909352,34.79299069,7.333333333,0.2076591295,Premium
1.13,61.8,57,6980 €,6.66,6.7,4.13,184.28886,44.622,27.5058,27.671,6176.99115,0.9940298507,0.6182634731,0.9223300971,0.006131678279,37.87532247,5.83,0.206207966,Ideal
0.73,61.2,58,3311 €,5.83,5.77,3.55,119.418805,33.6391,20.6965,20.4835,4535.616438,1.010398614,0.6120689655,0.9477124183,0.006112940085,27.72595154,5.05,0.2100877182,Premium
1.08,61.3,56,6706 €,6.62,6.59,4.05,176.68449,43.6258,26.811,26.6895,6209.259259,1.004552352,0.6131718395,0.9135399674,0.006112590867,37.95466144,5.753333333,0.2093570369,Ideal
0.59,61.2,56,2049 €,5.42,5.46,3.33,98.545356,29.5932,18.0486,18.1818,3472.881356,0.9926739927,0.6121323529,0.9150326797,0.005987090858,20.79245622,4.736666667,0.2100206007,Ideal
0.31,61.8,59,1012 €,4.33,4.31,2.67,49.828341,18.6623,11.5611,11.5077,3264.516129,1.004640371,0.6180555556,0.9546925566,0.006221359045,20.30972695,3.77,0.2063289955,Premium
0.77,62.3,56,4407 €,5.83,5.89,3.65,125.336255,34.3387,21.2795,21.4985,5723.376623,0.9898132428,0.6228668942,0.8988764045,0.00614347381,35.16141439,5.123333333,0.2034011542,Ideal
,60.7,56,1793 €,5.45,5.49,3.32,99.33606,29.9205,18.094,18.2268,3038.983051,0.9927140255,0.6069469835,0.9225700165,0.00593943428,18.04984011,4.753333333,0.213250617,Ideal
1.15,62.9,58,6955 €,6.7,6.62,4.19,185.84326,44.354,28.073,27.7378,6047.826087,1.012084592,0.6291291291,0.9220985692,0.006188010262,37.42400989,5.836666667,0.199570609,Premium
1.11,61.2,55,5358 €,6.72,6.68,4.1,184.04736,44.8896,27.552,27.388,4827.027027,1.005988024,0.6119402985,0.8986928105,0.006031056354,29.11207202,5.833333333,0.2101303774,Ideal
0.51,61.7,58,1974 €,5.18,5.13,3.18,84.503412,26.5734,16.4724,16.3134,3870.588235,1.009746589,0.6168768186,0.9400324149,0.006035259263,23.3600035,4.496666667,0.207097332,Premium
1.33,61.5,59,7472 €,7.06,7.03,4.33,214.905694,49.6318,30.5698,30.4399,5618.045113,1.004267425,0.6146202981,0.9593495935,0.006188761104,34.76873907,6.14,0.208456331,Premium
0.3,61.8,55,863 €,4.32,4.36,2.68,50.478336,18.8352,11.5776,11.6848,2876.666667,0.9908256881,0.6175115207,0.8899676375,0.005943143609,17.09644312,3.786666667,0.2066994383,Ideal
0.42,61.8,56,1176 €,4.81,4.83,2.98,69.232254,23.2323,14.3338,14.3934,2800,0.9958592133,0.6182572614,0.9061488673,0.00606653656,16.98630237,4.206666667,0.2062019209,Ideal
1.26,60.1,59,5080 €,7.03,6.99,4.21,1039.007704,49.1397,29.5963,29.4279,4031.746032,1.005722461,0.6005706134,0.9816971714,0.006090542086,24.55551889,6.076666667,0.2172298963,Premium
0.55,61,58,1692 €,5.27,5.29,3.22,89.768126,27.8783,16.9694,17.0338,3076.363636,0.9962192817,0.6098484848,0.9508196721,0.006126896311,18.84856101,4.593333333,0.2114211113,Premium
0.31,61,58,872 €,4.39,4.37,2.67,51.222081,19.1843,11.7213,11.6679,2812.903226,1.004576659,0.6095890411,0.9508196721,0.006052077423,17.02390811,3.81,0.2115861104,Premium
0.74,60.8,57,3246 €,5.85,5.87,3.56,913.9851431,34.3395,20.826,20.8972,4386.486486,0.996592845,0.6075085324,0.9375,0.006053238065,26.55244697,5.093333333,0.2128784963,Ideal
1.04,58.6,59,6765 €,6.68,6.64,3.9,172.98528,44.3552,26.052,25.896,6504.807692,1.006024096,0.5855855856,1.006825939,0.006012072241,39.10737376,5.74,0.2266862287,Premium
1.09,60.9,58,,6.63,6.67,4.05,179.099505,44.2221,26.8515,27.0135,7391.743119,0.9940029985,0.6090225564,0.9523809524,0.006086002304,44.98616565,5.783333333,0.2119470666,Premium
0.4,60.8,57,1097 €,4.78,4.81,2.91,66.906138,22.9918,13.9098,13.9971,2742.5,0.9937629938,0.6068821689,0.9375,0.005978524721,16.39610405,4.166666667,0.2132836609,Ideal
0.77,61.6,55,2147 €,5.87,5.93,3.63,126.357033,34.8091,21.3081,21.5259,2788.311688,0.9898819562,0.6152542373,0.8928571429,0.006093843625,16.99153541,5.143333333,0.2081079539,Ideal
0.59,62,54,1300 €,5.4,5.43,3.36,98.52192,29.322,18.144,18.2448,2203.389831,0.9944751381,0.620498615,0.8709677419,0.005988515043,13.19503315,4.73,0.204823194,Ideal
1.1,62.6,56,5535 €,6.64,6.58,4.14,180.881568,43.6912,27.4896,27.2412,5031.818182,1.009118541,0.6263237519,0.8945686901,0.006081327203,30.60013279,5.786666667,0.2012603896,Ideal
1.11,58.8,59,4692 €,6.8,6.76,3.99,183.41232,45.968,27.132,26.9724,4227.027027,1.00591716,0.5884955752,1.003401361,0.00605193806,25.58170574,5.85,0.2248410233,Premium
1.14,62.2,56,5650 €,6.69,6.66,4.15,184.90491,44.5554,27.7635,27.639,4956.140351,1.004504505,0.6217228464,0.9003215434,0.006165331142,30.55624645,5.833333333,0.2040616153,Ideal
0.38,61.2,58,688 €,4.64,4.67,2.85,848.9774563,21.6688,13.224,13.3095,1810.526316,0.9935760171,0.612244898,0.9477124183,0.006153240296,11.14060348,4.053333333,0.2099440705,Ideal
0.38,61.6,58,766 €,4.65,4.7,2.88,62.9424,21.855,13.392,13.536,2015.789474,0.9893617021,0.6160427807,0.9415584416,0.006037265818,12.16985689,4.076666667,0.2076248453,Premium
1.7,62.9,59,9330 €,7.57,7.51,4.74,269.472318,56.8507,35.8818,35.5974,5488.235294,1.007989348,0.6286472149,0.9379968203,0.006308625734,34.62322241,6.606666667,0.19982239,Premium
0.51,61.5,54.9,1708 €,5.13,5.25,3.17,85.376025,26.9325,16.2621,16.6425,3349.019608,0.9771428571,0.6107899807,0.8926829268,0.005973573963,20.00561633,4.516666667,0.2111062338,Ideal
0.28,61.1,60,828 €,4.21,4.17,2.56,44.942592,17.5557,10.7776,10.6752,2957.142857,1.009592326,0.6109785203,0.9819967267,0.006230170258,18.42350348,3.646666667,0.2107576433,Premium
0.27,62.3,57,799 €,4.15,4.13,2.58,44.21991,17.1395,10.707,10.6554,2959.259259,1.004842615,0.6231884058,0.9149277689,0.006105846891,18.06878395,3.62,0.2031592206,Ideal
0.33,61.6,55,873 €,4.46,4.5,2.76,55.3932,20.07,12.3096,12.42,2645.454545,0.9911111111,0.6160714286,0.8928571429,0.005957409935,15.76005719,3.906666667,0.207588789,Ideal
1,60.1,62,3763 €,6.5,6.47,3.9,164.0145,42.055,25.35,25.233,3763,1.004636785,0.601387818,1.031613977,0.00609702191,22.94309345,5.623333333,0.2167117187,Premium
1.52,62.1,56,13768 €,7.39,7.34,4.57,247.888682,54.2426,33.7723,33.5438,9057.894737,1.006811989,0.6205023761,0.9017713366,0.006131784589,55.54105935,6.433333333,0.2048290795,Ideal
1.08,59.4,59,7548 €,6.71,6.68,3.98,178.394744,44.8228,26.7058,26.5864,6988.888889,1.004491018,0.5944734877,0.9932659933,0.006053990021,42.31066359,5.79,0.2210573182,Premium
0.3,62,54,401 €,4.33,4.35,2.69,50.667495,18.8355,11.6477,11.7015,1336.666667,0.9954022989,0.6198156682,0.8709677419,0.005920955832,7.914344295,3.79,0.2052401881,Ideal
0.7,61.5,58,2010 €,5.69,5.76,3.52,115.365888,32.7744,20.0288,20.2752,2871.428571,0.9878472222,0.6148471616,0.9430894309,0.006067651471,17.42282779,4.99,0.2083847157,Premium
0.64,62.1,53,3157 €,5.51,5.54,3.43,104.702122,30.5254,18.8993,19.0022,4932.8125,0.9945848375,0.6208144796,0.8534621578,0.006112579075,30.15220647,4.826666667,0.2046274331,Ideal
0.36,not_measured,59,600 €,4.55,4.59,2.79,58.267755,20.8845,12.6945,12.8061,1666.666667,0.9912854031,0.6105032823,0.9656301146,0.0061783743,10.2972905,3.976666667,0.2110458338,Premium
0.37,61.6,60,666 €,4.61,4.58,2.83,59.752054,21.1138,13.0463,12.9614,1800,1.006550218,0.6158868335,0.974025974,0.006192255751,11.14606035,4.006666667,0.2076836395,Premium
1.11,60.4,58,6445 €,6.76,6.72,4.07,184.888704,45.4272,27.5132,27.3504,5806.306306,1.005952381,0.6038575668,0.9602649007,0.006003611773,34.8588089,5.85,0.2151719658,Premium
0.73,60.1,57,2548 €,5.87,5.91,3.54,122.808618,34.6917,20.7798,20.9214,3490.410959,0.9932318105,0.6010186757,0.9484193012,0.005944208248,20.74772961,5.106666667,0.2169558047,Ideal
0.52,61.4,58,1720 €,5.19,5.16,3.18,85.161672,26.7804,16.5042,16.4088,3307.692308,1.005813953,0.6144927536,0.9446254072,0.00610603324,20.19687918,4.51,0.2085436285,Premium
2.05,61.6,59,15291 €,8.2,8.16,5.04,337.23648,66.912,41.328,41.1264,7459.02439,1.004901961,0.6161369193,0.9577922078,0.006078820417,45.34206975,7.133333333,0.2075187294,Premium
0.3,61.3,58,945 €,4.33,4.29,2.64,49.039848,18.5757,11.4312,11.3256,3150,1.009324009,0.6125290023,0.9461663948,0.0061174741,19.27004341,3.753333333,0.2097908255,Premium
0.56,61,56,2230 €,5.31,5.35,3.25,92.327625,28.4085,17.2575,17.3875,3982.142857,0.9925233645,0.6097560976,0.9180327869,0.006065356929,24.15311777,4.636666667,0.2115005124,Ideal
0.86,61,58,2757 €,6.15,6.12,3.74,140.76612,37.638,23.001,22.8888,3205.813953,1.004901961,0.6096169519,0.9508196721,0.006109424626,19.58567871,5.336666667,0.2115703164,Premium
0.3,62.3,56,857 €,4.3,4.34,2.69,50.20078,18.662,11.567,11.6746,2856.666667,0.9907834101,0.6226851852,0.8988764045,0.005976002763,17.07144789,3.776666667,0.2035029671,Ideal
0.71,62.2,59,40816.5 €,5.73,5.66,3.54,114.808572,32.4318,20.2842,20.0364,3978.873239,1.012367491,0.6215978929,0.9485530547,0.006184207221,24.60617662,4.976666667,0.2042086968,Premium
0.41,62.2,58,1431 €,4.77,4.75,2.96,67.0662,22.6575,14.1192,14.06,3490.243902,1.004210526,0.6218487395,0.9324758842,0.006113362618,21.3371266,4.16,0.2039825529,Premium
1,61.5,58,6720 €,6.42,6.39,3.94,161.633772,41.0238,25.2948,25.1766,6720,1.004694836,0.6151444184,0.9430894309,0.006186825857,41.57546976,5.583333333,0.2081331376,Premium
1.01,59.4,58,7366 €,6.53,6.51,3.93,167.065479,42.5103,25.6629,25.5843,7293.069307,1.003072197,0.6027607362,0.9764309764,0.006045533799,44.090497,5.656666667,0.215845317,Premium
1.08,62.4,55,7925 €,6.57,6.63,4.12,179.463492,43.5591,27.0684,27.3156,7337.962963,0.9909502262,0.6242424242,0.8814102564,0.006017937063,44.15939928,5.773333333,0.2025415349,Ideal
0.71,61,58,2141 €,5.77,5.81,3.53,118.338661,33.5237,20.3681,20.5093,3015.492958,0.9931153184,0.609671848,0.9508196721,0.005999729877,18.09214319,5.036666667,0.2115485165,Ideal
0.42,61.4,54,962 €,4.81,4.9,2.98,70.23562,23.569,14.3338,14.602,2290.47619,0.9816326531,0.613800206,0.8794788274,0.005979871752,13.69675387,4.23,0.2091363646,Ideal
0.34,59.4,62,727 €,4.59,4.54,2.71,56.472606,20.8386,12.4389,12.3034,2138.235294,1.011013216,0.5936473165,1.043771044,0.006020618209,12.87349835,3.946666667,0.2216284452,Premium
1,61.3,58,7370 €,6.41,6.44,3.94,162.644776,41.2804,25.2554,25.3736,7370,0.9953416149,0.613229572,0.9461663948,0.006148368393,45.31347505,5.596666667,0.2093217849,Ideal
1.5,62.4,60,13009 €,7.29,7.22,4.53,238.431114,52.6338,33.0237,32.7066,8672.666667,1.009695291,0.6243969676,0.9615384615,0.006291125243,54.56083219,6.346666667,0.2024519675,Premium
1.03,61.5,57,8742 €,6.48,6.52,4,168.9984,42.2496,25.92,26.08,8487.378641,0.9938650307,0.6153846154,0.9268292683,0.006094732258,51.72830039,5.666666667,0.2079925471,Ideal
0.31,63,57,628 €,4.34,4.32,2.73,51.184224,18.7488,11.8482,11.7936,2025.806452,1.00462963,0.6304849885,0.9047619048,0.006056553676,12.26940551,3.796666667,0.1986720174,Ideal
0.32,61.2,59,645 €,4.4,4.42,2.7,52.5096,19.448,11.88,11.934,2015.625,0.9954751131,0.612244898,0.9640522876,0.006094123741,12.28346817,3.84,0.2099330939,Premium
0.33,62.9,56,631 €,4.43,4.41,2.78,54.310914,19.5363,12.3154,12.2598,1912.121212,1.004535147,0.628959276,0.8903020668,0.006076126798,11.61829094,3.873333333,0.1996075376,Ideal
0.6,61.5,55,2325 €,5.42,5.45,3.34,98.66026,29.539,18.1028,18.203,3875,0.9944954128,0.6145354186,0.8943089431,0.006081475966,23.56571937,4.736666667,0.2085154983,Ideal
0.35,61.7,59,614 €,4.51,4.53,2.79,57.000537,20.4303,12.5829,12.6387,1754.285714,0.995584989,0.6172566372,0.9562398703,0.006140293029,10.77182834,3.943333333,0.206822661,Premium
0.42,62.5,59,921 €,4.72,4.79,2.97,67.148136,22.6088,14.0184,14.2263,2192.857143,0.9853862213,0.6246056782,0.944,0.006254827386,13.71594291,4.16,0.2023899517,Premium
1.35,61,59,10415 €,7.15,7.09,4.34,220.00979,50.6935,31.031,30.7706,7714.814815,1.008462623,0.6095505618,0.9672131148,0.00613609058,47.33880251,6.193333333,0.2116361895,Premium
,62.3,56,1053 €,4.71,4.73,2.94,65.498202,22.2783,13.8474,13.9062,2632.5,0.9957716702,0.6228813559,0.8988764045,0.00610703787,16.07677719,4.126666667,0.2033456634,Ideal
1.82,61.6,60,14749 €,7.78,7.74,4.78,287.838216,60.2172,37.1884,36.9972,8103.846154,1.005167959,0.6159793814,0.974025974,0.006322996388,51.24058996,6.766666667,0.2076177905,Premium
0.46,62.1,54.7,851 €,4.95,4.98,3.08,75.92508,24.651,15.246,15.3384,1850,0.9939759036,0.6203423968,0.8808373591,0.006058604087,11.20841756,4.336666667,0.2049228102,Ideal
0.41,61.8,55,930 €,4.77,4.81,2.96,67.913352,22.9437,14.1192,14.2376,2268.292683,0.9916839917,0.617954071,0.8899676375,0.006037104456,13.69391986,4.18,0.2064174206,Ideal
1.2,59.6,62,3951 €,6.95,6.9,4.13,198.05415,47.955,28.7035,28.497,3292.5,1.007246377,0.5963898917,1.040268456,0.00605894903,19.94908968,5.993333333,0.219866587,Premium
0.32,61.9,58,1080 €,4.39,4.36,2.71,51.870484,19.1404,11.8969,11.8156,3375,1.006880734,0.6194285714,0.9369951535,0.006169211762,20.8210897,3.82,0.2054932137,Premium
1.51,61.8,59,11263 €,7.32,7.27,4.51,240.005964,53.2164,33.0132,32.7877,7458.940397,1.006877579,0.6182316655,0.9546925566,0.006291510323,46.92800051,6.366666667,0.2062335498,Premium
0.89,62.2,59,2610 €,6.17,6.15,3.83,145.331265,37.9455,23.6311,23.5545,2932.58427,1.003252033,0.6217532468,0.9485530547,0.006123940365,17.95897118,5.383333333,0.2040376869,Premium
0.55,61.6,55,1668 €,5.3,5.31,3.26,91.74618,28.143,17.278,17.3106,3032.727273,0.9981167608,0.6145146089,0.8928571429,0.005994800001,18.18059346,4.623333333,0.2085142515,Ideal
0.76,62,56,2578 €,5.89,5.85,3.64,125.42166,34.4565,21.4396,21.294,3392.105263,1.006837607,0.6201022147,0.9032258065,0.006059559409,20.55466337,5.126666667,0.2050765102,Ideal
1.1,60,59,6209 €,6.67,6.6,3.98,175.20756,44.022,26.5466,26.268,5644.545455,1.010606061,0.5998492841,0.9833333333,0.006278267901,35.43796854,5.75,0.217722646,Premium
0.57,62.3,55,1760 €,5.36,5.3,3.32,94.31456,28.408,17.7952,17.596,3087.719298,1.011320755,0.6228893058,0.8828250401,0.006043605568,18.66095754,4.66,0.2033990663,Ideal
0.33,61.5,60,780 €,4.44,4.41,2.72,53.258688,19.5804,12.0768,11.9952,2363.636364,1.006802721,0.6146892655,0.9756097561,0.006196172163,14.64549784,3.856666667,0.2084281804,Premium
1.29,60.9,58,10530 €,7.01,6.97,4.26,208.142322,48.8597,29.8626,29.6922,8162.790698,1.005738881,0.6094420601,0.9523809524,0.006197682372,50.59038402,6.08,0.2116838722,Premium
0.41,61.7,56,1431 €,4.82,4.78,2.96,68.197216,23.0396,14.2672,14.1488,3490.243902,1.008368201,0.6166666667,0.9076175041,0.006011975621,20.98326125,4.186666667,0.2072144961,Ideal
1.01,60.3,59,3676 €,6.51,6.45,3.91,164.178945,41.9895,25.4541,25.2195,3639.60396,1.009302326,0.6033950617,0.9784411277,0.006151824157,22.39020357,5.623333333,0.2154873535,Premium
0.3,62.3,56,658 €,4.28,4.32,2.68,49.552128,18.4896,11.4704,11.5776,2193.333333,0.9907407407,0.623255814,0.8988764045,0.006054230406,13.27894536,3.76,0.2031515686,Ideal
0.41,62.1,57,999 €,4.79,4.74,2.96,67.205616,22.7046,14.1784,14.0304,2436.585366,1.010548523,0.6211962225,0.9178743961,0.006100680634,14.86482915,4.163333333,0.2044347401,Ideal
1.01,61,59,6827 €,6.44,6.41,3.92,161.819168,41.2804,25.2448,25.1272,6759.405941,1.004680187,0.6101167315,0.9672131148,0.006241534995,42.18906873,5.59,0.2112579312,Premium
,60.1,60,5304 €,6.95,6.9,4.16,199.4928,47.955,28.912,28.704,4312.195122,1.007246377,0.6007220217,0.9983361065,0.006165636053,26.58742571,6.003333333,0.217144918,Premium
0.31,60.9,56,914 €,4.37,4.4,2.67,51.33876,19.228,11.6679,11.748,2948.387097,0.9931818182,0.6088939567,0.9195402299,0.006038322702,17.80331274,3.813333333,0.2120327405,Ideal
0.3,61.9,57,995 €,4.32,4.3,2.67,49.59792,18.576,11.5344,11.481,3316.666667,1.004651163,0.6194895592,0.9208400646,0.006048640749,20.06132515,3.763333333,0.2054419475,Ideal
0.29,62.9,55,647 €,4.25,4.21,2.66,47.59405,17.8925,11.305,11.1986,2231.034483,1.009501188,0.6288416076,0.8744038156,0.006093198625,13.59413624,3.706666667,0.1997172384,Ideal
0.42,61.9,59,810 €,4.76,4.81,2.96,67.770976,22.8956,14.0896,14.2376,1928.571429,0.9896049896,0.618599791,0.9531502423,0.00619734324,11.95201911,4.176666667,0.2060387972,Premium
0.71,62.1,58,2801 €,5.7,5.67,3.53,114.08607,32.319,20.121,20.0151,3945.070423,1.005291005,0.6209322779,0.9339774557,0.00622337153,24.55163895,4.966666667,0.2045538055,Premium
2.28,62.1,59,18055 €,8.44,8.4,5.23,370.78608,70.896,44.1412,43.932,7918.859649,1.004761905,0.6211401425,0.9500805153,0.006149098154,48.69384525,7.356666667,0.2044226213,Premium
2.08,60,60,11851 €,8.31,8.28,4.98,342.657864,68.8068,41.3838,41.2344,5697.596154,1.003623188,0.6003616637,1,0.006070194846,34.58551881,7.19,0.2173510402,Premium
2.24,61.4,56,16300 €,8.38,8.43,5.16,364.519944,70.6434,43.2408,43.4988,7276.785714,0.9940688019,0.6139202855,0.9120521173,0.00614506843,44.71634617,7.323333333,0.2088999348,Ideal
1.01,61,62,4939 €,6.43,6.39,3.91,160.652907,41.0877,25.1413,24.9849,4890.09901,1.006259781,0.6099843994,1.016393443,0.006286845466,30.74329679,5.576666667,0.2113492708,Premium
1.05,60.1,60,3898 €,6.66,6.58,3.98,174.414744,43.8228,26.5068,26.1884,3712.380952,1.012158055,0.6012084592,0.9983361065,0.006020133252,22.34902802,5.74,0.2168878764,Premium
0.32,60.9,55,715 €,4.45,4.48,2.72,54.22592,19.936,12.104,12.1856,2234.375,0.9933035714,0.6091825308,0.9031198686,0.005901236899,13.1855762,3.883333333,0.2118520321,Ideal
1.01,60.9,57,8077 €,6.52,6.49,3.96,167.566608,42.3148,25.8192,25.7004,7997.029703,1.004622496,0.6087624904,0.9359605911,0.006027453871,48.20172764,5.656666667,0.2121014175,Ideal
0.52,60.3,58,1369 €,5.2,5.24,3.15,85.8312,27.248,16.38,16.506,2632.692308,0.9923664122,0.6034482759,0.9618573798,0.006058403005,15.94991099,4.53,0.2154401738,Premium
1.04,61.6,55,6617 €,6.51,6.55,4.02,171.41481,42.6405,26.1702,26.331,6362.5,0.9938931298,0.6156202144,0.8928571429,0.006067153707,38.60226546,5.693333333,0.2078462579,Ideal
0.57,61.1,60,1257 €,5.44,5.33,3.24,93.944448,28.9952,17.6256,17.2692,2205.263158,1.020637899,0.6016713092,0.9819967267,0.006067415501,13.38024787,4.67,0.2167364899,Premium
1.38,59,59,5912 €,7.38,7.32,4.34,234.453744,54.0216,32.0292,31.7688,4284.057971,1.008196721,0.5904761905,1,0.005886022447,25.21606138,6.346666667,0.223603837,Premium
0.91,62.6,58,3746 €,6.14,6.09,3.83,143.213658,37.3926,23.5162,23.3247,4116.483516,1.008210181,0.6263286999,0.9265175719,0.006354142564,26.15672312,5.353333333,0.2012489519,Premium
0.72,60.4,61,3024 €,5.79,5.76,3.49,116.392896,33.3504,20.2071,20.1024,4200,1.005208333,0.6043290043,1.009933775,0.006185944544,25.98096709,5.013333333,0.2148727969,Premium
0.56,60.9,56,1963 €,5.32,5.35,3.25,92.5015,28.462,17.29,17.3875,3505.357143,0.9943925234,0.6091846298,0.9195402299,0.006053955882,21.22127749,4.64,0.2118436917,Ideal
0.32,62.8,57,612 €,4.38,4.35,2.74,52.20522,19.053,12.0012,11.919,1912.5,1.006896552,0.627720504,0.9076433121,0.006129655234,11.72296563,3.823333333,0.2003828022,Ideal
0.7,60.9,56,2965 €,5.73,5.79,3.51,116.450217,33.1767,20.1123,20.3229,4235.714286,0.9896373057,0.609375,0.9195402299,0.006011152388,25.46152404,5.01,0.2117650652,Ideal
,61.2,57,1962 €,5.25,5.27,3.22,89.08935,27.6675,16.905,16.9694,3633.333333,0.9962049336,0.6121673004,0.931372549,0.006061330563,22.02283438,4.58,0.2099781406,Ideal
1.7,62.5,58,9996 €,7.52,7.45,4.68,262.19232,56.024,35.1936,34.866,5880,1.009395973,0.625250501,0.928,0.006483790219,38.12468649,6.55,0.2019234279,Premium
0.41,61.7,57,961 €,4.78,4.75,2.94,66.7527,22.705,14.0532,13.965,2343.902439,1.006315789,0.6169989507,0.9238249595,0.006142073654,14.39642142,4.156666667,0.2069928846,Premium
1.52,59.1,58,9959 €,7.48,7.45,4.41,245.75166,55.726,32.9868,32.8545,6551.973684,1.004026846,0.5907568654,0.9813874788,0.006185105728,40.52464997,6.446666667,0.2234011719,Premium
1.01,61.9,55,6787 €,6.44,6.38,3.97,163.116184,41.0872,25.5668,25.3286,6719.80198,1.009404389,0.6193447738,0.8885298869,0.006191905519,41.60837897,5.596666667,0.2055666145,Ideal
0.57,62.1,55,1778 €,5.37,-3.622,3.32,929.1743782,28.6221,17.8284,17.6956,3119.298246,1.00750469,0.6205607477,0.885668277,0.005998397986,18.71079231,4.673333333,0.2047982522,Ideal
1.05,61.9,57,8645 €,6.51,6.54,4.04,172.004616,42.5754,26.3004,26.4216,8233.333333,0.995412844,0.6191570881,0.9208400646,0.006104487335,50.26027906,5.696666667,0.2056473241,Ideal
-2.403,62.1,56,928 €,4.46,4.43,2.76,54.531528,19.7578,12.3096,12.2268,2812.121212,1.006772009,0.6209223847,0.9017713366,0.00605154508,17.01767829,3.883333333,0.2045693646,Ideal
0.34,62.7,56,893 €,4.51,4.48,2.82,56.977536,20.2048,12.7182,12.6336,2626.470588,1.006696429,0.6273637375,0.8931419458,0.005967264011,15.67284342,3.936666667,0.2006005634,Premium
0.51,60,58,1749 €,5.21,5.19,3.12,84.364488,27.0399,16.2552,16.1928,3429.411765,1.003853565,0.6,0.9666666667,0.006045197595,20.73147175,4.506666667,0.2175788605,Premium
1.5,60.8,61,9761 €,7.39,7.35,4.48,243.33792,54.3165,33.1072,32.928,6507.333333,1.005442177,0.6078697422,1.003289474,0.006164267369,40.11294253,6.406666667,0.2126623722,Premium
0.32,61.9,56,561 €,4.39,4.43,2.73,53.092221,19.4477,11.9847,12.0939,1753.125,0.9909706546,0.619047619,0.9046849758,0.006027248323,10.56651972,3.85,0.2057475158,Ideal
0.4,60.8,59,,4.8,4.77,2.91,66.62736,22.896,13.968,13.8807,2475,1.006289308,0.6081504702,0.9703947368,0.006003539687,14.85876073,4.16,0.2124923859,Premium
0.81,61.7,58,2994 €,5.97,5.93,3.67,129.925707,35.4021,21.9099,21.7631,3696.296296,1.006745363,0.6168067227,0.9400324149,0.006234332056,23.04393849,5.19,0.2071149044,Premium
0.35,61.6,55.1,771 €,4.54,4.58,2.81,58.428892,20.7932,12.7574,12.8698,2202.857143,0.9912663755,0.6162280702,0.8944805195,0.005990187183,13.19552662,3.976666667,0.2074902397,Ideal
0.79,59.3,57,3377 €,6.02,6.06,3.58,130.602696,36.4812,21.5516,21.6948,4274.683544,0.9933993399,0.5927152318,0.9612141653,0.006048879726,25.85704663,5.22,0.2221781786,Ideal
0.34,61,59,745 €,4.48,4.51,2.74,55.361152,20.2048,12.2752,12.3574,2191.176471,0.9933481153,0.6095661846,0.9672131148,0.006141490697,13.45708991,3.91,0.2116126813,Premium
2.3,59.6,59,12499 €,8.61,8.56,5.12,377.352192,73.7016,44.0832,43.8272,5434.347826,1.005841121,0.5963890507,0.9899328859,0.006095101735,33.12290286,7.43,0.219857901,Premium
1.23,58.9,62,4408 €,7.03,6.97,4.12,201.876292,48.9991,28.9636,28.7164,3583.739837,1.008608321,0.5885714286,1.052631579,0.006092840263,21.83515437,6.04,0.2248122471,Premium
1.73,61.6,60,11867 €,7.67,7.62,4.71,275.277834,58.4454,36.1257,35.8902,6859.537572,1.00656168,0.616088947,0.974025974,0.006284559766,43.10917384,6.666666667,0.2075584255,Premium
0.41,61.5,59,719 €,4.75,4.78,2.93,66.52565,22.705,13.9175,14.0054,1753.658537,0.9937238494,0.6149003148,0.9593495935,0.006163036363,10.80786133,4.153333333,0.208293899,Premium
1.21,62.8,59,5793 €,6.72,6.68,4.21,188.985216,44.8896,28.2912,28.1228,4787.603306,1.005988024,0.628358209,0.9394904459,0.006402617229,30.65319141,5.87,0.1999848114,Premium
0.31,61.1,55,901 €,4.41,4.43,2.7,52.74801,19.5363,11.907,11.961,2906.451613,0.9954853273,0.6108597285,0.9001636661,0.005876998962,17.08121311,3.846666667,0.2107946843,Ideal
0.35,62.7,58,906 €,4.5,4.46,2.81,56.3967,20.07,12.645,12.5326,2588.571429,1.00896861,0.6272321429,0.9250398724,0.006206036878,16.06476975,3.923333333,0.2007004839,Premium
,62,59,862 €,4.83,4.78,2.98,68.800452,23.0874,14.3934,14.2444,2052.380952,1.010460251,0.6201873049,0.9516129032,0.006104611057,12.52898745,4.196666667,0.2050568808,Premium
0.42,60.8,59,1040 €,4.85,4.82,2.94,68.72838,23.377,14.259,14.1708,2476.190476,1.006224066,0.6080661841,0.9703947368,0.006111012656,15.13203134,4.203333333,0.212544533,Premium
1.22,62.3,58,34391.12159 €,6.8,6.85,4.25,197.965,46.58,28.9,29.1125,3959.836066,0.9927007299,0.6227106227,0.9309791332,0.006162705529,24.40330361,5.966666667,0.2034700989,Premium
0.44,60.9,56,1188 €,4.88,4.94,2.99,72.080528,24.1072,14.5912,14.7706,2700,0.987854251,0.6089613035,0.9195402299,0.006104283809,16.48156628,4.27,0.2120440458,Ideal
0.38,60.1,56,866 €,4.69,4.72,2.83,62.647144,22.1368,13.2727,13.3576,2278.947368,0.9936440678,0.601487779,0.9317803661,0.006065719452,13.82345538,4.08,0.2166589032,Ideal
0.78,61.5,56,3531 €,5.94,5.9,3.64,127.56744,35.046,21.6216,21.476,4526.923077,1.006779661,0.6148648649,0.9105691057,0.006114412894,27.67947683,5.16,0.2083190609,Ideal
0.41,62.8,57,904 €,4.75,4.71,2.97,66.446325,22.3725,14.1075,13.9887,2204.878049,1.008492569,0.6279069767,0.9076433121,0.006170393923,13.60496611,4.143333333,0.2002814112,Ideal
1.47,62.3,57,7284 €,7.24,7.3,4.53,239.41956,52.852,32.7972,33.069,4955.102041,0.9917808219,0.6231086657,0.9149277689,0.006139849225,30.42357943,6.356666667,0.2032324008,Ideal
0.72,61.7,58,2043 €,5.77,5.67,3.53,115.487127,32.7159,20.3681,20.0151,2837.5,1.017636684,0.6171328671,0.9400324149,0.006234461093,17.69028335,4.99,0.2070506583,Premium
0.7,62.2,55,2981 €,5.67,5.71,3.54,114.609978,32.3757,20.0718,20.2134,4258.571429,0.9929947461,0.6221441125,0.884244373,0.00610767066,26.00995177,4.973333333,0.2038172787,Ideal
1.39,62.1,58,8631 €,7.16,7.1,4.43,225.20348,50.836,31.7188,31.453,6209.352518,1.008450704,0.6213183731,0.9339774557,0.006172195918,38.32534027,6.23,0.2043383446,Premium
1.56,61.1,59,8324 €,7.49,7.52,4.58,257.967584,56.3248,34.3042,34.4416,5335.897436,0.9960106383,0.6102598268,0.9656301146,0.006047271428,32.26762011,6.53,0.211165791,Premium
0.3,61.1,57,837 €,4.34,4.36,2.65,50.14436,18.9224,11.501,11.554,2790,0.995412844,0.6091954023,0.9328968903,0.005982726672,16.69180741,3.783333333,0.2118315274,Ideal
0.57,60,61,2507 €,5.44,5.36,3.24,94.473216,29.1584,17.6256,17.3664,4398.245614,1.014925373,0.6,1.016666667,0.006033456086,26.53662177,4.68,0.2176832079,Premium
0.51,215.28,59,1656 €,5.06,5.11,3.15,81.44829,25.8566,15.939,16.0965,3247.058824,0.9902152642,0.6194690265,0.9531502423,0.006261641589,20.33191857,4.44,0.20549462,Premium
0.34,61.3,56,1054 €,4.51,4.53,2.77,56.591931,20.4303,12.4927,12.5481,3100,0.995584989,0.6128318584,0.9135399674,0.006007923638,18.62456328,3.936666667,0.2095677349,Ideal
1,59.2,62,5723 €,6.54,6.49,3.86,163.836156,42.4446,25.2444,25.0514,5723,1.00770416,0.5924788949,1.047297297,0.006103658829,34.93123948,5.63,0.2223348931,Premium
1.28,62.7,58,6580 €,6.88,6.94,4.33,206.745376,47.7472,29.7904,30.0502,5140.625,0.9913544669,0.6266280753,0.9250398724,0.006191190462,31.82658847,6.05,0.2010694717,Premium
0.56,61.6,56,1963 €,5.27,5.31,3.26,91.226862,27.9837,17.1802,17.3106,3505.357143,0.9924670433,0.6162570888,0.9090909091,0.006138542834,21.51778497,4.613333333,0.2074618132,Ideal
0.41,60.7,57,1431 €,4.85,4.8,2.93,68.2104,23.28,14.2105,14.064,3490.243902,1.010416667,0.607253886,0.9390444811,0.0060108136,20.97920552,4.193333333,0.2130869836,Ideal
0.55,61.7,55,1990 €,5.26,5.25,3.24,1039.007704,27.615,17.0424,17.01,3618.181818,1.001904762,0.6165556613,0.8914100486,0.006147133312,22.24144598,4.583333333,0.2072484834,Ideal
0.57,62.5,56,2682 €,5.27,5.32,3.31,92.800484,28.0364,17.4437,17.6092,4705.263158,0.9906015038,0.6251180359,0.896,0.006142209345,28.90071134,4.633333333,0.2020058823,Ideal
0.62,62.3,54,1297 €,5.46,5.49,3.41,102.216114,29.9754,18.6186,18.7209,2091.935484,0.9945355191,0.6228310502,0.8667736758,0.006065579836,12.68880169,4.786666667,0.2033831569,Ideal
0.32,60.5,59,720 €,4.42,4.41,2.67,52.044174,19.4922,11.8014,11.7747,2250,1.002267574,0.6047565119,0.9752066116,0.006148622899,13.83440152,3.833333333,0.2145941789,Premium
0.33,62.2,59,579 €,4.41,4.43,2.75,53.724825,19.5363,12.1275,12.1825,1754.545455,0.9954853273,0.6221719457,0.9485530547,0.006142411818,10.77714074,3.863333333,0.2037846135,Premium
1.51,61.4,58,11817 €,7.43,7.35,4.54,247.93167,54.6105,33.7322,33.369,7825.827815,1.010884354,0.6143437077,0.9446254072,0.006090387727,47.66232567,6.44,0.2086800928,Premium
1.51,59.2,61,12229 €,7.48,7.44,4.42,245.978304,55.6512,33.0616,32.8848,8098.675497,1.005376344,0.5924932976,1.030405405,0.00613875279,49.7157668,6.446666667,0.2223106692,Premium
0.4,61.4,53,883 €,4.73,4.81,2.93,66.661309,22.7513,13.8589,14.0933,2207.5,0.9833679834,0.6142557652,0.8631921824,0.006000482229,13.24606452,4.156666667,0.2088209244,Ideal
,60.6,56,5880 €,6.54,6.5,3.95,167.9145,42.51,25.833,25.675,5880,1.006153846,0.6058282209,0.9240924092,0.005955411832,35.01782157,5.663333333,0.2139410834,Ideal
,62.6,58,12085 €,7.44,7.48,4.67,259.891104,55.6512,34.7448,34.9316,7506.21118,0.9946524064,0.6260053619,0.9265175719,0.006194902308,46.50024496,6.53,0.2014272567,Ideal
0.46,62.6,57,1661 €,4.98,4.89,3.09,75.248298,24.3522,15.3882,15.1101,3610.869565,1.018404908,0.6261398176,0.910543131,0.006113095076,22.07358896,4.32,0.2015085851,Ideal
1.21,58.5,58,9541 €,7.06,6.95,4.1,201.1747,49.067,28.946,28.495,7885.123967,1.015827338,0.585296217,0.9914529915,0.006014672819,47.4264408,6.036666667,0.2269739786,Premium
0.4,62.3,60,945 €,4.74,4.7,2.94,65.49732,22.278,13.9356,13.818,2362.5,1.008510638,0.6228813559,0.963081862,0.006107120108,14.42807126,4.126666667,0.2033745393,Premium
0.5,63,61,1374 €,5.07,5.03,3.18,81.096678,25.5021,16.1226,15.9954,2748,1.007952286,0.6297029703,0.9682539683,0.006165480662,16.94274086,4.426666667,0.1991741778,Premium
0.74,61.7,55,2106 €,5.83,5.87,3.61,123.541781,34.2221,21.0463,21.1907,2845.945946,0.9931856899,0.6170940171,0.8914100486,0.005989876413,17.04686449,5.103333333,0.2069377638,Ideal
0.34,61.7,56,1211 €,4.48,4.46,2.76,55.147008,19.9808,12.3648,12.3096,3561.764706,1.004484305,0.6174496644,0.9076175041,0.006165339015,21.9594869,3.9,0.206703354,Ideal
0.31,59.6,58,418 €,4.39,4.44,2.63,51.262908,19.4916,11.5457,11.6772,1348.387097,0.9887387387,0.5956964892,0.9731543624,0.006047257405,8.154043856,3.82,0.2203415235,Premium
1.12,61.2,60,5329 €,6.67,6.63,4.07,179.983947,44.2221,27.1469,26.9841,4758.035714,1.006033183,0.6120300752,0.9803921569,0.00622277719,29.60819611,5.79,0.2100748338,Premium
1.01,61.9,59,3658 €,6.38,6.34,3.94,159.369848,40.4492,25.1372,24.9796,3621.782178,1.006309148,0.6194968553,0.9531502423,0.006337459768,22.95289884,5.553333333,0.2054470249,Premium
0.7,62.5,56,2648 €,5.67,-9.506,3.53,112.685013,31.9221,20.0151,19.8739,3782.857143,1.007104796,0.6247787611,0.896,0.006212006205,23.49913205,4.943333333,0.2021937272,Premium
0.31,61.9,55,680 €,4.34,4.39,2.7,51.44202,19.0526,11.718,11.853,2193.548387,0.9886104784,0.618556701,0.8885298869,0.006026201926,13.21876552,3.81,0.2060771424,Ideal
1.11,61.9,58,3589 €,6.63,6.66,4.11,181.480338,44.1558,27.2493,27.3726,3233.333333,0.9954954955,0.618510158,0.9369951535,0.006116365069,19.77624706,5.8,0.2060471068,Premium
0.43,60.8,57,1062 €,4.87,4.9,2.97,70.87311,23.863,14.4639,14.553,2469.767442,0.993877551,0.6079836233,0.9375,0.006067181192,14.98452657,4.246666667,0.2125956202,Ideal
0.28,61.4,57,787 €,4.22,4.25,2.6,46.631,17.935,10.972,11.05,2810.714286,0.9929411765,0.613931523,0.9283387622,0.006004589222,16.87718471,3.69,0.20890073,Ideal
0.35,61.9,55,906 €,4.53,4.51,2.8,57.20484,20.4303,12.684,12.628,2588.571429,1.00443459,0.6194690265,0.8885298869,0.006118363411,15.83782072,3.946666667,0.2054536028,Ideal
0.31,61.8,55,877 €,4.36,4.34,2.69,50.901256,18.9224,11.7284,11.6746,2829.032258,1.004608295,0.6183908046,0.8899676375,0.006090223,17.22943732,3.796666667,0.2061213609,Ideal
1.18,61.1,57,9095 €,6.78,6.84,4.16,192.920832,46.3752,28.2048,28.4544,7707.627119,0.9912280702,0.610866373,0.9328968903,0.006116498606,47.14369053,5.926666667,0.2108203779,Ideal
0.51,63,59,1574 €,5.11,5.05,3.2,82.5776,25.8055,16.352,16.16,3086.27451,1.011881188,0.6299212598,0.9365079365,0.00617600899,19.06085912,4.453333333,0.199082098,Premium
1.56,62.4,57,7809 €,7.39,7.46,4.63,255.249122,55.1294,34.2157,34.5398,5005.769231,0.990616622,0.6235690236,0.9134615385,0.006111676263,30.59364098,6.493333333,0.2029597811,Ideal
0.52,61,56,2012 €,5.24,5.18,3.18,86.315376,27.1432,16.6632,16.4724,3869.230769,1.011583012,0.6103646833,0.9180327869,0.006024419102,23.30986776,4.533333333,0.2111613136,Ideal
2.31,58.8,58,17000 €,8.7,8.64,5.1,383.3568,75.168,44.37,44.064,7359.307359,1.006944444,0.5882352941,0.9863945578,0.006025718078,44.34511139,7.48,0.2250123519,Premium
0.3,61.1,55,1041 €,4.36,4.38,2.67,50.988456,19.0968,11.6412,11.6946,3470,0.99543379,0.6109839817,0.9001636661,0.005883684731,20.41638601,3.803333333,0.2107176018,Ideal
0.33,61.4,57,854 €,4.48,4.45,2.74,54.62464,19.936,12.2752,12.193,2587.878788,1.006741573,0.6136618141,0.9283387622,0.006041229745,15.63397031,3.89,0.209065559,Ideal
1.37,62.8,57,6181 €,7.12,7.08,4.46,224.826816,50.4096,31.7552,31.5768,4511.678832,1.005649718,0.6281690141,0.9076433121,0.006093579157,27.4922721,6.22,0.2000988855,Premium
1.02,61.7,58,3027 €,6.46,6.41,3.97,164.392142,41.4086,25.6462,25.4477,2967.647059,1.007800312,0.6169386169,0.9400324149,0.006204676133,18.41328888,5.613333333,0.2070412262,Premium
0.23,59.6,61,640 €,4.03,3.99,2.39,38.430483,16.0797,9.6317,9.5361,2782.608696,1.010025063,0.5960099751,1.023489933,0.005984832405,16.65344669,3.47,0.2201296536,Premium
0.31,61.8,56,802 €,4.36,4.34,2.69,50.901256,18.9224,11.7284,11.6746,2587.096774,1.004608295,0.6183908046,0.9061488673,0.006090223,15.75599628,3.796666667,0.2061213609,Ideal
1.06,59.1,58,6669 €,6.66,6.71,3.95,176.51997,44.6886,26.307,26.5045,6291.509434,0.9925484352,0.5908750935,0.9813874788,0.006004986291,37.7804279,5.773333333,0.2233463525,Premium
1.26,60.7,56,10556 €,7.05,7.03,4.27,211.627605,49.5615,30.1035,30.0181,8377.777778,1.00284495,0.6065340909,0.9225700165,0.00595385465,49.88007118,6.116666667,0.2134849128,Ideal
0.51,62.9,55,1346 €,5.07,5.11,3.2,82.90464,25.9077,16.224,16.352,2639.215686,0.9921722114,0.6286836935,0.8744038156,0.006151646036,16.23552071,4.46,0.1997991444,Ideal
0.31,61,59,1060 €,4.36,4.39,2.67,51.104868,19.1404,11.6412,11.7213,3419.354839,0.993166287,0.6102857143,0.9672131148,0.006065958335,20.74166398,3.806666667,0.2111658535,Premium
0.32,61.7,57,,4.38,4.4,2.71,52.22712,19.272,11.8698,11.924,1653.125,0.9954545455,0.6173120729,0.9238249595,0.006127084932,10.12883728,3.83,0.2067889513,Ideal
1.2,59.9,59,6250 €,6.96,6.87,4.14,197.954928,47.8152,28.8144,28.4418,5208.333333,1.013100437,0.5986984816,0.9849749583,0.006061985989,31.57284369,5.99,0.2184746979,Premium
0.36,61.5,58,505 €,4.56,4.61,2.82,59.280912,21.0216,12.8592,13.0002,1402.777778,0.989154013,0.6150490731,0.9430894309,0.006072781067,8.518762329,3.996666667,0.2082433695,Premium
2.04,62.5,58,17028 €,8.22,8.09,5.1,339.14898,66.4998,41.922,41.259,8347.058824,1.016069221,0.6253832005,0.928,0.006015055684,50.20802362,7.136666667,0.2019315824,Premium
0.93,62.8,58,3646 €,6.24,6.21,3.91,151.514064,38.7504,24.3984,24.2811,3920.430108,1.004830918,0.6281124498,0.923566879,0.006138044056,24.06377272,5.453333333,0.2001290077,Premium
0.3,60.9,58,710 €,4.32,4.35,2.64,49.61088,18.792,11.4048,11.484,2366.666667,0.9931034483,0.6089965398,0.9523809524,0.006047060645,14.31137686,3.77,0.211969369,Premium
1.51,62.2,59,14844 €,7.4,7.36,4.59,249.98976,54.464,33.966,33.7824,9830.463576,1.005434783,0.6219512195,0.9485530547,0.006040247409,59.37843214,6.45,0.2039255793,Premium
1.06,63,58,8044 €,6.49,6.46,4.08,171.055632,41.9254,26.4792,26.3568,7588.679245,1.004643963,0.6301158301,0.9206349206,0.006196814379,47.02563667,5.676666667,0.1988984595,Premium
1.5,59.6,60,15338 €,7.41,7.49,4.44,246.423996,55.5009,32.9004,33.2556,10225.33333,0.9893190921,0.5959731544,1.006711409,0.00608706954,62.24231507,6.446666667,0.2201608214,Premium
0.32,62.5,55,421 €,4.37,4.4,2.74,52.68472,19.228,11.9738,12.056,1315.625,0.9931818182,0.6248574686,0.88,0.006073867338,7.990931716,3.836666667,0.2021434789,Ideal
0.32,61.2,56,,4.4,4.42,2.7,52.5096,19.448,11.88,11.934,2543.75,0.9954751131,0.612244898,0.9150326797,0.006094123741,15.50192727,3.84,0.2099330939,Ideal
0.46,60.2,60,1208 €,5.01,4.96,3,74.5488,24.8496,15.03,14.88,2626.086957,1.010080645,0.6018054162,0.9966777409,0.006170454789,16.20415084,4.323333333,0.2164904984,Premium
0.31,62.9,59,802 €,4.32,4.27,2.7,49.80528,18.4464,11.664,11.529,2587.096774,1.011709602,0.6286379511,0.9379968203,0.006224239679,16.1027104,3.763333333,0.1998672912,Premium
0.35,61.7,55,984 €,4.57,4.54,2.81,58.301318,20.7478,12.8417,12.7574,2811.428571,1.00660793,0.6169045005,0.8914100486,0.006003294814,16.87783456,3.973333333,0.2070533703,Ideal
0.33,62.9,57,854 €,4.43,4.38,2.77,53.747418,19.4034,12.2711,12.1326,2587.878788,1.011415525,0.628830874,0.906200318,0.006139829824,15.88913536,3.86,0.1997452448,Ideal
1.01,62.1,60,5839 €,6.35,6.37,3.95,159.775525,40.4495,25.0825,25.1615,5781.188119,0.9968602826,0.6210691824,0.9661835749,0.006321368683,36.54502152,5.556666667,0.2044596704,Premium
0.51,62.5,55,983 €,5.1,5.14,3.2,83.8848,26.214,16.32,16.448,1927.45098,0.9922178988,0.625,0.88,0.006079766537,11.71845197,4.48,0.2020633888,Ideal
2.05,60.1,58,15067 €,8.25,8.19,4.94,333.78345,67.5675,40.755,40.4586,7349.756098,1.007326007,0.600973236,0.9650582363,0.006141706547,45.14004514,7.126666667,0.2169879569,Premium
,62,56,1263 €,4.71,4.74,2.93,65.413422,22.3254,13.8003,13.8882,3157.5,0.9936708861,0.6201058201,0.9032258065,0.006114952983,19.30796404,4.126666667,0.2050710205,Ideal
1.12,59.6,58,4987 €,6.82,6.77,4.05,186.99417,46.1714,27.621,27.4185,4452.678571,1.007385524,0.5960264901,0.9731543624,0.005989491544,26.66928065,5.88,0.2200963263,Premium
0.38,61.4,56,920 €,4.66,4.69,2.87,62.724998,21.8554,13.3742,13.4603,2421.052632,0.9936034115,0.6139037433,0.9120521173,0.006058190707,14.66719855,4.073333333,0.2089132485,Ideal
2.01,61,60,12617 €,8.16,8.11,4.96,328.240896,66.1776,40.4736,40.2256,6277.114428,1.006165228,0.6097111248,0.9836065574,0.006123551405,38.43823288,7.076666667,0.2115188706,Premium
0.3,61.7,58,1013 €,4.3,4.26,2.64,48.35952,18.318,11.352,11.2464,3376.666667,1.009389671,0.6168224299,0.9400324149,0.006203535519,20.9472716,3.733333333,0.2071274625,Premium
0.3,60.7,59,789 €,4.33,4.37,2.64,49.954344,18.9221,11.4312,11.5368,2630,0.9908466819,0.6068965517,0.9719934102,0.006005483727,15.7944222,3.78,0.2132981795,Premium
0.5,62,58,1095 €,5.08,5.11,3.16,82.029808,25.9588,16.0528,16.1476,2190,0.9941291585,0.6202158979,0.935483871,0.006095345243,13.34880608,4.45,0.2049999923,Ideal
0.53,60,61,2147 €,5.3,5.26,3.17,88.37326,27.878,16.801,16.6742,4050.943396,1.007604563,0.6003787879,1.016666667,0.005997289225,24.29467918,4.576666667,0.2173629086,Premium
1,63,56,4592 €,6.33,6.28,3.97,157.817028,39.7524,25.1301,24.9316,4592,1.007961783,0.6296590008,0.8888888889,0.006336451856,29.09698692,5.526666667,0.1992012319,Ideal
0.74,62.1,56,2870 €,5.77,5.83,3.6,121.10076,33.6391,20.772,20.988,3878.378378,0.9897084048,0.6206896552,0.9017713366,0.006110614004,23.69927323,5.066666667,0.2047458901,Ideal
1.06,62.7,56,5183 €,6.55,6.46,4.08,172.63704,42.313,26.724,26.3568,4889.622642,1.013931889,0.6272098386,0.8931419458,0.006140049667,30.02252587,5.696666667,0.2007746544,Premium
0.51,60.6,59,1116 €,5.17,5.13,3.12,82.748952,26.5221,16.1304,16.0056,2188.235294,1.007797271,0.6058252427,0.9735973597,0.006163220049,13.48657564,4.473333333,0.2139546569,Premium
1.2,62.7,55,6512 €,6.76,6.73,4.23,192.443004,45.4948,28.5948,28.4679,5426.666667,1.004457652,0.6271312083,0.8771929825,0.006235612493,33.83859046,5.906666667,0.2007300725,Ideal
,61.5,62,3886 €,6.88,6.73,4.19,194.007056,46.3024,28.8272,28.1987,3293.220339,1.022288262,0.6157237325,1.008130081,0.006082253008,20.03019931,5.933333333,0.2080184676,Ideal
1.1,60.7,55,40816.5 €,6.74,6.71,4.08,184.519632,45.2254,27.4992,27.3768,5880,1.004470939,0.6066914498,0.9060955519,0.005961425286,35.05318068,5.843333333,0.2133927736,Premium
0.52,60.4,57,1887 €,5.21,5.24,3.16,86.269264,27.3004,16.4636,16.5584,3628.846154,0.9942748092,0.604784689,0.9437086093,0.00602763923,21.87337544,4.536666667,0.2145908989,Ideal
1.19,60.9,53,9403 €,6.88,6.92,4.2,199.96032,47.6096,28.896,29.064,7901.680672,0.9942196532,0.6086956522,0.8702791461,0.005951180714,47.02432963,6,0.2121494931,Ideal
1.15,61.8,56,4701 €,6.75,6.7,4.15,187.68375,45.225,28.0125,27.805,4087.826087,1.007462687,0.6171003717,0.9061488673,0.006127328551,25.0474535,5.866666667,0.2069383392,Premium
0.51,62,55,2145 €,5.13,5.16,3.19,84.441852,26.4708,16.3647,16.4604,4205.882353,0.9941860465,0.6200194363,0.8870967742,0.006039659102,25.40209563,4.493333333,0.2051210419,Ideal
0.7,62.1,58,2276 €,5.67,5.69,3.53,113.885919,32.2623,20.0151,20.0857,3251.428571,0.9964850615,0.6214788732,0.9339774557,0.006146501746,19.98491139,4.963333333,0.2042080473,Ideal
0.53,61.2,56,1577 €,5.19,5.22,3.19,86.422842,27.0918,16.5561,16.6518,2975.471698,0.9942528736,0.6128722382,0.9150326797,0.006132637943,18.24749063,4.533333333,0.2095497934,Ideal
1.05,58.6,60,5821 €,6.73,6.66,3.92,175.701456,44.8218,26.3816,26.1072,5543.809524,1.010510511,0.5855115758,1.023890785,0.005976046095,33.13006126,5.77,0.2267694375,Premium
0.43,60.7,58,716 €,4.85,4.91,2.96,70.48796,23.8135,14.356,14.5336,1665.116279,0.9877800407,0.606557377,0.9555189456,0.006100332596,10.15776311,4.24,0.2135443574,Premium
0.9,61.8,56,4082 €,6.25,6.18,3.84,148.32,38.625,24,23.7312,4535.555556,1.011326861,0.6178600161,0.9061488673,0.006067961165,27.52157497,5.423333333,0.2065059119,Premium
0.33,62.1,54,781 €,4.43,4.46,2.76,54.531528,19.7578,12.2268,12.3096,2366.666667,0.9932735426,0.6209223847,0.8695652174,0.00605154508,14.32199002,3.883333333,0.2045693646,Ideal
0.8,61.7,58,2762 €,5.98,5.94,3.68,130.718016,35.5212,22.0064,21.8592,3452.5,1.006734007,0.6174496644,0.9400324149,0.006120043927,21.12945166,5.2,0.2067166066,Premium
1.51,60.9,58,15303 €,7.42,7.38,4.51,246.965796,54.7596,33.4642,33.2838,10134.43709,1.005420054,0.6094594595,0.9523809524,0.006114207005,61.96404623,6.436666667,0.2116711959,Premium
1.01,62.8,57,3926 €,6.4,6.44,4.03,166.10048,41.216,25.792,25.9532,3887.128713,0.9937888199,0.6277258567,0.9076433121,0.006080656721,23.63629533,5.623333333,0.2003749513,Ideal
2.06,60.8,60,15494 €,8.25,8.16,4.99,335.9268,67.32,41.1675,40.7184,7521.359223,1.011029412,0.6081657526,0.9868421053,0.006132288344,46.12314349,7.133333333,0.2125248851,Premium
0.47,62.7,58,995 €,4.99,4.97,3.12,77.376936,24.8003,15.5688,15.5064,2117.021277,1.004024145,0.6265060241,0.9250398724,0.006074161427,12.85912898,4.36,0.2011124826,Premium
0.41,62.6,59,876 €,4.77,4.72,2.97,66.867768,22.5144,14.1669,14.0184,2136.585366,1.01059322,0.6259220232,0.9424920128,0.006131504195,13.10048213,4.153333333,0.2015229459,Premium
1.51,58.7,59,7292 €,7.53,7.49,4.41,248.722677,56.3997,33.2073,33.0309,4829.139073,1.005340454,0.5872170439,1.005110733,0.006071018607,29.31779317,6.476666667,0.2256477485,Premium
0.36,61.5,54,1021 €,4.59,4.62,2.83,60.012414,21.2058,12.9897,13.0746,2836.111111,0.9935064935,0.6145494028,0.8780487805,0.005998758857,17.01314665,4.013333333,0.2085131195,Ideal
1.51,58.7,60,10020 €,7.55,7.48,4.41,249.05034,56.474,33.2955,32.9868,6635.761589,1.009358289,0.5868263473,1.022146508,0.006063031273,40.23283004,6.48,0.2259243799,Premium
1.08,62.3,54,7917 €,6.6,6.56,4.1,177.5136,43.296,27.06,26.896,7330.555556,1.006097561,0.623100304,0.8667736758,0.006084040885,44.59939971,5.753333333,0.2032208439,Ideal
0.52,59.8,58,2302 €,5.27,5.24,3.14,86.710472,27.6148,16.5478,16.4536,4426.923077,1.005725191,0.5975261656,0.9698996656,0.005996968855,26.54811982,4.55,0.2191419303,Premium
0.93,61.8,57,5171 €,6.23,6.27,3.86,150.779706,39.0621,24.0478,24.2022,5560.215054,0.9936204147,0.6176,0.9223300971,0.006167938807,34.29506621,5.453333333,0.2066213587,Ideal
1.59,62.3,59,40816.5 €,7.38,7.43,4.61,252.781974,54.8334,34.0218,34.2523,9503.773585,0.9932705249,0.6225523295,0.9470304976,0.006290005473,59.77878787,6.473333333,0.2035634003,Premium
0.4,60.4,59,1323 €,4.77,4.76,2.88,65.390976,22.7052,13.7376,13.7088,3307.5,1.00210084,0.6044071354,0.9768211921,0.006117051992,20.23214946,4.136666667,0.2148123045,Premium
0.71,62.5,55,3247 €,5.67,5.73,3.56,115.661196,32.4891,20.1852,20.3988,4573.239437,0.9895287958,0.6245614035,0.88,0.006138618867,28.07337389,4.986666667,0.2023602297,Ideal
0.76,61.8,57,2690 €,5.84,5.91,3.63,125.287272,34.5144,21.1992,21.4533,3539.473684,0.9881556684,0.6178723404,0.9223300971,0.006066059128,21.47065665,5.126666667,0.2065062906,Ideal
0.41,62,56,1230 €,4.8,4.78,2.97,68.14368,22.944,14.256,14.1966,3000,1.0041841,0.6200417537,0.9032258065,0.006016698834,18.0500965,4.183333333,0.2050984253,Ideal
1.24,61.1,59,6377 €,6.99,6.89,4.24,204.203064,48.1611,29.6376,29.2136,5142.741935,1.014513788,0.6109510086,0.9656301146,0.006072386847,31.22871849,6.04,0.2108355573,Premium
1.54,62.5,58,12196 €,7.33,7.38,4.6,248.83884,54.0954,33.718,33.948,7919.480519,0.9932249322,0.625424881,0.928,0.00618874449,49.01164143,6.436666667,0.2017938673,Premium
0.35,61.9,54,906 €,4.54,4.5,2.8,57.204,20.43,12.712,12.6,2588.571429,1.008888889,0.6194690265,0.8723747981,0.006118453255,15.83805328,3.946666667,0.2054848486,Ideal
0.43,61.2,58,1064 €,4.87,4.83,2.97,69.860637,23.5221,14.4639,14.3451,2474.418605,1.008281573,0.612371134,0.9477124183,0.006155111354,15.23032205,4.223333333,0.2098794636,Premium
1.21,61.7,60,5431 €,6.82,6.85,4.22,197.14574,46.717,28.7804,28.907,4488.429752,0.995620438,0.6174103877,0.9724473258,0.006137591408,27.54814788,5.963333333,0.2067272769,Premium
0.31,61.6,55,698 €,4.39,4.37,2.7,51.79761,19.1843,11.853,11.799,2251.612903,1.004576659,0.6164383562,0.8928571429,0.005984832119,13.47552522,3.82,0.2073302836,Ideal
0.7,60.4,58,2196 €,5.76,5.82,3.5,117.3312,33.5232,20.16,20.37,3137.142857,0.9896907216,0.6044905009,0.9602649007,0.005966017564,18.71624939,5.026666667,0.2148131736,Premium
0.7,62.3,58,2838 €,5.72,5.64,3.54,114.203232,32.2608,20.2488,19.9656,4054.285714,1.014184397,0.6232394366,0.9309791332,0.006129423728,24.85043506,4.966666667,0.2032216538,Premium
1.09,61.5,57,8970 €,6.62,6.65,4.08,179.61384,44.023,27.0096,27.132,8229.357798,0.9954887218,0.6149208742,0.9268292683,0.006068574671,49.94047229,5.783333333,0.2082710349,Ideal
0.27,61.2,57,627 €,4.17,4.2,2.56,44.83584,17.514,10.6752,10.752,2322.222222,0.9928571429,0.6117084827,0.931372549,0.00602196814,13.98434824,3.643333333,0.210282776,Ideal
0.33,61.5,55,946 €,4.48,4.5,2.76,55.6416,20.16,12.3648,12.42,2866.666667,0.9955555556,0.6146993318,0.8943089431,0.005930814355,17.00166782,3.913333333,0.2084081839,Ideal
0.58,62.4,55,1869 €,5.38,5.36,3.35,96.60328,28.8368,18.023,17.956,3222.413793,1.003731343,0.6238361266,0.8814102564,0.006003936926,19.34716916,4.696666667,0.2027548907,Premium
0.56,60.7,57,1819 €,5.31,5.34,3.23,91.587942,28.3554,17.1513,17.2482,3248.214286,0.9943820225,0.60657277,0.9390444811,0.006114341995,19.86069302,4.626666667,0.2134729994,Ideal
1.51,61.6,56,10576 €,7.37,7.43,4.56,249.701496,54.7591,33.6072,33.8808,7003.97351,0.9919246299,0.6162162162,0.9090909091,0.006047220478,42.35457204,6.453333333,0.2074916689,Ideal
1.61,60.9,57,,7.58,7.51,4.6,261.85868,56.9258,34.868,34.546,6333.540373,1.009320905,0.6096752816,0.9359605911,0.006148354525,38.94085161,6.563333333,0.2115663398,Ideal
1.27,61,60,8549 €,6.93,6.97,4.24,204.800904,48.3021,29.3832,29.5528,6731.496063,0.9942611191,0.6100719424,0.9836065574,0.006201144503,41.74297981,6.046666667,0.2112917228,Premium
1.5,62.2,61,7056 €,7.24,7.19,4.49,233.729644,52.0556,32.5076,32.2831,4704,1.006954103,0.6223146223,0.9807073955,0.006417671179,30.18872523,6.306666667,0.2037113355,Premium
2.55,62.9,58,14351 €,8.7,8.59,5.44,406.54752,74.733,47.328,46.7296,5627.843137,1.012805588,0.6292654714,0.9220985692,0.006272329493,35.29968649,7.576666667,0.1994965336,Premium
0.71,61.6,56,3381 €,5.71,5.75,3.53,115.898725,32.8325,20.1563,20.2975,4761.971831,0.9930434783,0.6160558464,0.9090909091,0.006126038056,29.17202066,4.996666667,0.2075820886,Ideal
1.51,61.1,60,10623 €,7.33,7.36,4.49,242.230112,53.9488,32.9117,33.0464,7035.099338,0.995923913,0.6113002042,0.9819967267,0.006233741906,43.85499355,6.393333333,0.2105186077,Premium
1.02,60.8,58,5251 €,6.47,6.49,3.94,165.441782,41.9903,25.4918,25.5706,5148.039216,0.9969183359,0.6080246914,0.9539473684,0.006165310768,31.73926161,5.633333333,0.2125553825,Ideal
0.7,60.8,57,2596 €,5.73,5.71,3.48,113.859684,32.7183,19.9404,19.8708,3708.571429,1.003502627,0.6083916084,0.9375,0.006147917994,22.79999302,4.973333333,0.2123279544,Ideal
0.56,61.6,57,1747 €,5.32,5.3,3.27,92.20092,28.196,17.3964,17.331,3119.642857,1.003773585,0.615819209,0.9253246753,0.006073692106,18.9477502,4.63,0.2077105581,Ideal
0.34,61.3,57,765 €,4.52,4.49,2.76,56.013648,20.2948,12.4752,12.3924,2250,1.006681514,0.6126526082,0.9298531811,0.006069949238,13.65738579,3.923333333,0.2096921133,Premium
0.75,59.8,60,1881 €,5.96,5.92,3.55,125.25536,35.2832,21.158,21.016,2508,1.006756757,0.5976430976,1.003344482,0.005987767709,15.01732141,5.143333333,0.2190748819,Premium
0.31,60,61,732 €,4.43,4.41,2.65,51.771195,19.5363,11.7395,11.6865,2361.290323,1.004535147,0.5995475113,1.016666667,0.005987885735,14.13913664,3.83,0.2178657834,Premium
1.02,61.6,58,3513 €,6.4,6.35,3.93,159.7152,40.64,25.152,24.9555,3444.117647,1.007874016,0.6164705882,0.9415584416,0.006386367735,21.99540182,5.56,0.2073317972,Premium
0.73,61.8,56,2728 €,5.77,5.81,3.58,120.014846,33.5237,20.6566,20.7998,3736.986301,0.9931153184,0.6183074266,0.9061488673,0.006082580817,22.73052119,5.053333333,0.2061870646,Ideal
1.21,59.6,60,9370 €,6.89,6.91,4.11,195.676689,47.6099,28.3179,28.4001,7743.801653,0.997105644,0.5956521739,1.006711409,0.006183669635,47.88511114,5.97,0.2203088705,Premium
0.33,62.4,58,854 €,4.41,4.37,2.74,52.804458,19.2717,12.0834,11.9738,2587.878788,1.009153318,0.6241457859,0.9294871795,0.006249472346,16.17287692,3.84,0.2026012657,Premium
0.54,61.5,55,2289 €,5.24,5.3,3.23,89.70356,27.772,16.9252,17.119,4238.888889,0.9886792453,0.6129032258,0.8943089431,0.006019827976,25.51738192,4.59,0.2095810742,Ideal
1.64,59.2,58,10874 €,7.76,-7.323,4.57,272.357376,59.5968,35.4632,35.0976,6630.487805,1.010416667,0.5919689119,0.9797297297,0.006021500222,39.92548379,6.67,0.2226811638,Premium
0.55,62.7,59,1698 €,5.25,5.22,3.28,89.8884,27.405,17.22,17.1216,3087.272727,1.005747126,0.6265520535,0.9409888357,0.006118698297,18.89009038,4.583333333,0.2010932106,Premium
0.91,60.1,62,3047 €,6.24,6.2,3.73,144.30624,38.688,23.2752,23.126,3348.351648,1.006451613,0.5996784566,1.031613977,0.006306033613,21.11481804,5.39,0.2177942194,Premium
0.31,59.1,59,698 €,4.44,4.42,2.62,51.416976,19.6248,11.6328,11.5804,2251.612903,1.004524887,0.5914221219,0.9983079526,0.006029137147,13.575283,3.826666667,0.2229829046,Premium
0.38,62.1,56,1040 €,4.68,4.63,2.89,909.3694165,21.6684,13.5252,13.3807,2736.842105,1.010799136,0.6208378088,0.9017713366,0.006068186358,16.60766793,4.066666667,0.2046588525,Ideal
0.4,62.6,56,949 €,4.67,4.69,2.93,64.173739,21.9023,13.6831,13.7417,2372.5,0.9957356077,0.6260683761,0.8945686901,0.006233079235,14.78798049,4.096666667,0.2013828275,Ideal
1.25,61.5,58,10640 €,6.98,6.91,4.27,205.949786,48.2318,29.8046,29.5057,8512,1.010130246,0.6148308135,0.9430894309,0.006069440635,51.66307869,6.053333333,0.2083696366,Premium
0.56,62.3,55,1787 €,5.26,5.3,3.29,91.71862,27.878,17.3054,17.437,3191.071429,0.9924528302,0.6231060606,0.8828250401,0.00610563046,19.48350291,4.616666667,0.2032282565,Ideal
0.5,60.5,56,2210 €,5.15,5.09,3.1,81.26185,26.2135,15.965,15.779,4420,1.011787819,0.60546875,0.9256198347,0.00615294877,27.19603356,4.446666667,0.2142171201,Ideal
0.33,59.7,58,984 €,4.49,4.52,2.69,54.593012,20.2948,12.0781,12.1588,2981.818182,0.9933628319,0.5971143174,0.9715242881,0.006044729681,18.02428487,3.9,0.2194068868,Premium
0.33,61.3,58,854 €,4.45,4.42,2.72,53.49968,19.669,12.104,12.0224,2587.878788,1.00678733,0.6133032694,0.9461663948,0.006168261193,15.9627123,3.863333333,0.2092885721,Premium
0.4,62.3,57,877 €,4.71,4.73,2.94,65.498202,22.2783,13.8474,13.9062,2192.5,0.9957716702,0.6228813559,0.9149277689,0.00610703787,13.38968053,4.126666667,0.2033456634,Ideal
0.53,62,55,1908 €,5.2,5.15,3.21,85.9638,26.78,16.692,16.5315,3600,1.009708738,0.6202898551,0.8870967742,0.006165385895,22.19538922,4.52,0.204985567,Ideal
0.31,62.4,56,625 €,4.31,4.34,2.7,50.50458,18.7054,11.637,11.718,2016.129032,0.9930875576,0.6242774566,0.8974358974,0.006138057182,12.37511529,3.783333333,0.2025013869,Ideal
1.22,60.2,58,5807 €,6.96,6.9,4.17,200.26008,48.024,29.0232,28.773,4759.836066,1.008695652,0.6017316017,0.9634551495,0.006092077862,28.99729192,6.01,0.2165236332,Ideal
0.7,59.3,62,2496 €,5.8,5.74,3.42,113.85864,33.292,19.836,19.6308,3565.714286,1.010452962,0.5927209705,1.045531197,0.006147974365,21.92192002,4.986666667,0.2222068311,Premium
0.72,61.8,55,2308 €,5.77,5.75,3.56,118.1119,33.1775,20.5412,20.47,3205.555556,1.003478261,0.6180555556,0.8899676375,0.006095914129,19.5407914,5.026666667,0.2063240225,Ideal
0.3,62.3,58,545 €,4.26,4.28,2.66,48.499248,18.2328,11.3316,11.3848,1816.666667,0.9953271028,0.6229508197,0.9309791332,0.00618566292,11.23728764,3.733333333,0.2033049634,Ideal
0.41,60.7,59,1030 €,4.79,4.77,2.9,66.26007,22.8483,13.891,13.833,2512.195122,1.004192872,0.6066945607,0.9719934102,0.006187738709,15.544807,4.153333333,0.2133895932,Premium
0.4,61.6,55,619 €,4.73,4.75,2.92,65.6051,22.4675,13.8116,13.87,1547.5,0.9957894737,0.6160337553,0.8928571429,0.006097086964,9.435242077,4.133333333,0.2075794546,Ideal
0.39,59.5,58,1126 €,4.77,4.74,2.83,63.985734,22.6098,13.4991,13.4142,2887.179487,1.006329114,0.5951629863,0.974789916,0.006095108638,17.59767263,4.113333333,0.2206328236,Premium
1.02,62.6,54,8157 €,6.45,6.41,4.02,166.20489,41.3445,25.929,25.7682,7997.058824,1.00624025,0.6251944012,0.8626198083,0.00613700355,49.07797839,5.626666667,0.2019316797,Ideal
1.01,61.4,56,3997 €,6.44,6.47,3.97,165.417196,41.6668,25.5668,25.6859,3957.425743,0.9953632148,0.6150271108,0.9120521173,0.006105773912,24.16314686,5.626666667,0.2082057327,Ideal
0.32,62.9,57,828 €,4.4,4.37,2.76,53.06928,19.228,12.144,12.0612,2587.5,1.006864989,0.6294184721,0.906200318,0.006029853806,15.60224672,3.843333333,0.199340047,Ideal
0.7,61,56,2480 €,5.77,5.8,3.53,118.13498,33.466,20.3681,20.474,3542.857143,0.9948275862,0.61019879,0.9180327869,0.005925425306,20.99293537,5.033333333,0.2112094859,Ideal
0.32,60.8,57,828 €,4.42,4.39,2.68,52.002184,19.4038,11.8456,11.7652,2587.5,1.006833713,0.608399546,0.9375,0.006153587703,15.92240818,3.83,0.2123407375,Ideal
1.09,62.8,57,7292 €,6.54,6.58,4.12,177.296784,43.0332,26.9448,27.1096,6689.908257,0.9939209726,0.6280487805,0.9076433121,0.006147883653,41.12877761,5.746666667,0.2001756863,Ideal
0.38,62.1,56,1000 €,4.62,4.65,2.88,,21.483,13.3056,13.392,2631.578947,0.9935483871,0.6213592233,0.9017713366,0.006141807217,16.16265057,4.05,0.204297675,Ideal
0.5,62.2,59,1654 €,5.13,5.1,3.18,83.19834,26.163,16.3134,16.218,3308,1.005882353,0.6217008798,0.9485530547,0.00600973529,19.88020434,4.47,0.2040827664,Premium
0.72,59.5,59,2732 €,5.87,5.83,3.48,119.092908,34.2221,20.4276,20.2884,3794.444444,1.006861063,0.5948717949,0.9915966387,0.006045700051,22.94007297,5.06,0.2208197729,Premium
1.02,61.3,57,3713 €,6.51,6.45,3.97,166.698315,41.9895,25.8447,25.6065,3640.196078,1.009302326,0.612654321,0.9298531811,0.006118838094,22.27377043,5.643333333,0.2097127344,Premium
0.97,61.3,57,4101 €,6.37,6.32,3.89,156.605176,40.2584,24.7793,24.5848,4227.835052,1.007911392,0.6130811663,0.9298531811,0.006193920436,26.18687393,5.526666667,0.2094351209,Premium
0.75,62.1,57,3024 €,5.9,5.79,3.63,124.00443,34.161,21.417,21.0177,4032,1.018998273,0.621043627,0.9178743961,0.006048171021,24.38622556,5.106666667,0.2046591883,Premium
0.33,60.4,57,761 €,4.48,4.52,2.72,55.078912,20.2496,12.1856,12.2944,2306.060606,0.9911504425,0.6044444444,0.9437086093,0.005991403752,13.81654017,3.906666667,0.2148273718,Ideal
0.44,61.5,56,1081 €,4.9,4.92,3.02,72.80616,24.108,14.798,14.8584,2456.818182,0.9959349593,0.6150712831,0.9105691057,0.006043444676,14.84764476,4.28,0.2081756908,Ideal
0.33,60.4,60,521 €,4.48,4.52,2.72,55.078912,20.2496,12.1856,12.2944,1578.787879,0.9911504425,0.6044444444,0.9933774834,0.005991403752,9.45915562,3.906666667,0.2148273718,Premium
0.31,61.8,61,698 €,4.36,4.32,2.68,50.478336,18.8352,11.6848,11.5776,2251.612903,1.009259259,0.6175115207,0.9870550162,0.006141248396,13.82771413,3.786666667,0.2066994383,Premium
0.31,61.2,56,821 €,4.4,4.42,2.7,52.5096,19.448,11.88,11.934,2648.387097,0.9954751131,0.612244898,0.9150326797,0.005903682374,15.63523622,3.84,0.2099330939,Ideal
0.54,62.2,56,1154 €,5.19,5.26,3.25,88.72305,27.2994,16.8675,17.095,2137.037037,0.9866920152,0.6220095694,0.9003215434,0.006086355237,13.00676656,4.566666667,0.2039698709,Ideal
0.5,59.1,58,1286 €,5.23,5.19,3.08,83.602596,27.1437,16.1084,15.9852,2572,1.007707129,0.5911708253,0.9813874788,0.005980675528,15.38229746,4.5,0.2231609801,Premium
2.04,62.8,57,14775 €,8.09,8.02,5.06,328.301908,64.8818,40.9354,40.5812,7242.647059,1.00872818,0.6281812539,0.9076433121,0.006213792702,45.00430744,7.056666667,0.2001151243,Ideal
0.7,60.2,61,2184 €,5.76,5.66,3.44,112.149504,32.6016,19.8144,19.4704,3120,1.017667845,0.6024518389,1.013289037,0.006241668265,19.47400499,4.953333333,0.2161911301,Premium
0.4,60.8,59,1056 €,4.77,4.73,2.89,65.204469,22.5621,13.7853,13.6697,2640,1.00845666,0.6084210526,0.9703947368,0.006134548845,16.19520895,4.13,0.2123400633,Premium
0.3,61.6,60,895 €,4.29,4.32,2.65,49.11192,18.5328,11.3685,11.448,2983.333333,0.9930555556,0.6155632985,0.974025974,0.006108496675,18.22368175,3.753333333,0.2078873734,Premium
1,62.7,61,5027 €,6.37,6.32,3.98,160.228432,40.2584,25.3526,25.1536,5027,1.007911392,0.6272655634,0.9728867624,0.006241089596,31.3739574,5.556666667,0.2006704038,Premium
0.26,61.7,54,648 €,4.15,4.18,2.57,44.58179,17.347,10.6655,10.7426,2492.307692,0.9928229665,0.6170468187,0.8752025932,0.005831977585,14.5350826,3.633333333,0.2069697117,Ideal
0.59,62.2,60,2124 €,5.37,5.33,3.33,95.311593,28.6221,17.8821,17.7489,3600,1.00750469,0.6224299065,0.9646302251,0.006190222841,22.28480223,4.676666667,0.2036444354,Premium
0.33,61.4,55,820 €,4.46,4.48,2.74,54.747392,19.9808,12.2204,12.2752,2484.848485,0.9955357143,0.6129753915,0.8957654723,0.006027684387,14.97788242,3.893333333,0.2094787739,Ideal
1.01,62.7,58,6221 €,6.31,6.36,3.97,159.322452,40.1316,25.0507,25.2492,6159.405941,0.9921383648,0.6266771902,0.9250398724,0.006339345066,39.04659966,5.546666667,0.2010321893,Premium
0.62,61.6,56,1563 €,5.46,5.55,3.39,102.72717,30.303,18.5094,18.8145,2520.967742,0.9837837838,0.6158038147,0.9090909091,0.006035404265,15.21505946,4.8,0.2078536144,Ideal
1.72,61.7,58,8324 €,7.71,7.81,4.79,288.430329,60.2151,36.9309,37.4099,4839.534884,0.9871959027,0.6172680412,0.9400324149,0.005963311854,28.85965574,6.77,0.2068931326,Premium
1.11,60.9,59,4096 €,6.69,6.64,4.07,180.795912,44.4216,27.2283,27.0248,3690.09009,1.00753012,0.6106526632,0.9688013136,0.006139519349,22.65537951,5.8,0.2109422456,Premium
0.3,62,62,851 €,4.27,4.24,2.64,47.796672,18.1048,11.2728,11.1936,2836.666667,1.007075472,0.6204465335,1,0.006276587625,17.8045869,3.716666667,0.2048655089,Premium
1.02,62.2,60,7602 €,6.39,6.43,3.99,163.939923,41.0877,25.4961,25.6557,7452.941176,0.9937791602,0.6224648986,0.9646302251,0.006221791381,46.37064518,5.603333333,0.2036137677,Premium
0.3,61.8,57,844 €,4.34,4.3,2.67,49.82754,18.662,11.5878,11.481,2813.333333,1.009302326,0.6180555556,0.9223300971,0.006020766829,16.93842401,3.77,0.2063630929,Ideal
1.22,62.7,58,5602 €,6.83,6.8,4.27,198.31588,46.444,29.1641,29.036,4591.803279,1.004411765,0.6265590609,0.9250398724,0.006151801863,28.24786396,5.966666667,0.2010816232,Premium
0.55,61.9,60,1815 €,5.23,5.14,3.21,86.291862,26.8822,16.7883,16.4994,3300,1.017509728,0.6190935391,0.9693053312,0.006373718069,21.03326963,4.526666667,0.2058354907,Premium
1.7,60.7,59,11519 €,7.63,7.7,4.65,273.19215,58.751,35.4795,35.805,6775.882353,0.9909090909,0.6066536204,0.9719934102,0.006222726385,42.1644619,6.66,0.2134492342,Premium
0.52,62.7,58,1605 €,5.2,5.16,3.25,87.204,26.832,16.9,16.77,3086.538462,1.007751938,0.6274131274,0.9250398724,0.005963029219,18.40511903,4.536666667,0.2005783829,Premium
1.11,61.1,60,5433 €,6.68,6.62,4.06,179.539696,44.2216,27.1208,26.8772,4894.594595,1.009063444,0.6105263158,0.9819967267,0.006182476771,30.26071738,5.786666667,0.2110339972,Premium
0.49,58.1,62,1577 €,5.2,5.13,3,80.028,26.676,15.6,15.39,3218.367347,1.013645224,0.5808325266,1.067125645,0.006122857,19.70560304,4.443333333,0.229780376,Premium
2.01,61.9,55,18395 €,8.1,8.05,5,326.025,65.205,40.5,40.25,9151.741294,1.00621118,0.6191950464,0.8885298869,0.006165171383,56.42205352,7.05,0.2056329951,Ideal
3.22,62.6,55,12545 €,9.49,9.42,5.92,529.223136,89.3958,56.1808,55.7664,3895.962733,1.007430998,0.6261237441,0.8785942492,0.006084390082,23.70455701,8.276666667,0.2013685058,Ideal
1.02,60.3,58,8181 €,6.57,6.49,3.94,167.998842,42.6393,25.8858,25.5706,8020.588235,1.012326656,0.6033690658,0.9618573798,0.006071470421,48.69676423,5.666666667,0.2155366683,Premium
1.02,61,59,4718 €,6.48,6.44,3.94,164.420928,41.7312,25.5312,25.3736,4625.490196,1.00621118,0.6099071207,0.9672131148,0.00620358985,28.69464403,5.62,0.2113970865,Premium
0.35,62.4,55,522 €,4.53,4.54,2.83,58.202346,20.5662,12.8199,12.8482,1491.428571,0.9977973568,0.6240352811,0.8814102564,0.006013503304,8.968710643,3.966666667,0.2026273301,Ideal
,?,59,4166 €,6.37,6.44,3.96,162.450288,41.0228,25.2252,25.5024,4124.752475,0.9891304348,0.6182669789,0.9546925566,0.006217286608,25.64476832,5.59,0.2062501387,Premium
0.43,61.1,57,1066 €,4.88,4.91,2.99,71.642792,23.9608,14.5912,14.6809,2479.069767,0.9938900204,0.6108273749,0.9328968903,0.006001999475,14.87937544,4.26,0.2108237382,Ideal
1.14,62.2,57,4916 €,6.73,6.67,4.17,187.187547,44.8891,28.0641,27.8139,4312.280702,1.008995502,0.6223880597,0.9163987138,0.006090148721,26.2624308,5.856666667,0.2036832586,Ideal
0.31,62.6,58,462 €,4.29,4.34,2.7,50.27022,18.6186,11.583,11.718,1490.322581,0.9884792627,0.6257242178,0.9265175719,0.006166672833,9.190331771,3.776666667,0.2016571668,Premium
0.31,61.2,56,977 €,4.39,4.37,2.68,51.413924,19.1843,11.7652,11.7116,3151.612903,1.004576659,0.6118721461,0.9150326797,0.006029495045,19.00263438,3.813333333,0.2101650207,Ideal
0.31,61.2,57,533 €,4.34,4.38,2.67,50.754564,19.0092,11.5878,11.6946,1719.354839,0.9908675799,0.6123853211,0.931372549,0.006107825101,10.50151864,3.796666667,0.2098791006,Ideal
0.32,62.2,57,449 €,4.39,4.42,2.74,53.166412,19.4038,12.0286,12.1108,1403.125,0.9932126697,0.6220204313,0.9163987138,0.006018837607,8.445181518,3.85,0.2038919679,Ideal
1.51,59.4,62,7235 €,7.47,7.31,4.39,239.719023,54.6057,32.7933,32.0909,4791.390728,1.021887825,0.5940460081,1.043771044,0.00629904119,30.18116756,6.39,0.2215526218,Premium
0.39,62.7,58,1024 €,4.69,4.63,2.92,,21.7147,13.6948,13.5196,2625.641026,1.012958963,0.6266094421,0.9250398724,0.006150747827,16.14965583,4.08,0.2011297867,Premium
0.7,60.5,58,2777 €,5.77,5.74,3.48,115.256904,33.1198,20.0796,19.9752,3967.142857,1.005226481,0.6046915725,0.958677686,0.006073388888,24.09400135,4.996666667,0.2146461407,Premium
0.71,60.6,59,2147 €,5.78,5.74,3.49,115.788428,33.1772,20.1722,20.0326,3023.943662,1.006968641,0.6059027778,0.9735973597,0.006131873558,18.54244018,5.003333333,0.2138999711,Premium
0.32,61.8,56,1067 €,4.39,4.41,2.72,52.658928,19.3599,11.9408,11.9952,3334.375,0.9954648526,0.6181818182,0.9061488673,0.006076842278,20.26247097,3.84,0.2062504384,Ideal
1.54,61.3,55,12401 €,7.39,7.47,4.56,251.727048,55.2033,33.6984,34.0632,8052.597403,0.9892904953,0.6137281292,0.8972267537,0.006117737495,49.26367706,6.473333333,0.2090615535,Ideal
0.26,62,55,452 €,4.1,4.12,2.55,43.0746,16.892,10.455,10.506,1738.461538,0.9951456311,0.6204379562,0.8870967742,0.006036039801,10.49342304,3.59,0.2048569299,Ideal
0.92,60.9,57,4328 €,6.33,6.29,3.84,152.892288,39.8157,24.3072,24.1536,4704.347826,1.0063593,0.6085578447,0.9359605911,0.00601730808,28.30751019,5.486666667,0.2122388223,Ideal
0.5,61.3,58,1746 €,5.12,5.06,3.12,80.830464,25.9072,15.9744,15.7872,3492,1.011857708,0.6129666012,0.9461663948,0.006185786587,21.60076676,4.433333333,0.2095465925,Premium
0.78,61.9,57,2365 €,5.88,5.91,3.65,126.84042,34.7508,21.462,21.5715,3032.051282,0.9949238579,0.6191687871,0.9208400646,0.006149459297,18.64547595,5.146666667,0.2056426195,Ideal
0.71,63,58,2554 €,5.72,5.68,3.59,116.637664,32.4896,20.5348,20.3912,3597.183099,1.007042254,0.6298245614,0.9206349206,0.006087227536,21.89687201,4.996666667,0.1990922439,Premium
1.01,62.4,58,4769 €,6.42,6.36,3.99,162.916488,40.8312,25.6158,25.3764,4721.782178,1.009433962,0.6244131455,0.9294871795,0.00619949529,29.27266637,5.59,0.2024393531,Premium
0.56,not_measured,56,2066 €,5.28,5.24,3.27,90.471744,27.6672,17.2656,17.1348,3689.285714,1.007633588,0.6216730038,0.9003215434,0.006189777882,22.83585912,4.596666667,0.2041124984,Ideal
1,63,61,4088 €,6.35,6.31,3.99,159.873315,40.0685,25.3365,25.1769,4088,1.006339144,0.6303317536,0.9682539683,0.006254952554,25.57024604,5.55,0.1987761162,Premium
1.04,61.8,57,14626 €,6.52,6.49,4.02,170.105496,42.3148,26.2104,26.0898,14063.46154,1.004622496,0.6179861645,0.9223300971,0.006113853017,85.98193676,5.676666667,0.2063718596,Ideal
0.32,61.1,58,842 €,4.42,4.45,2.71,53.30299,19.669,11.9782,12.0595,2631.25,0.993258427,0.611048478,0.9492635025,0.006003415568,15.79648721,3.86,0.2106904208,Premium
0.31,62,56,979 €,4.32,4.36,2.69,50.666688,18.8352,11.6208,11.7284,3158.064516,0.9908256881,0.6198156682,0.9032258065,0.006118418476,19.32236029,3.79,0.2052741056,Ideal
1.5,60.8,58,11795 €,7.36,7.32,4.46,240.283392,53.8752,32.8256,32.6472,7863.333333,1.005464481,0.6076294278,0.9539473684,0.006242628704,49.08787038,6.38,0.2128124178,Premium
0.4,60.8,59,,4.76,4.74,2.89,65.205336,22.5624,13.7564,13.6986,3307.5,1.004219409,0.6084210526,0.9703947368,0.006134467277,20.28975052,4.13,0.2123124514,Premium
0.31,62.2,56,707 €,4.34,4.37,2.71,51.397318,18.9658,11.7614,11.8427,2280.645161,0.9931350114,0.6222732491,0.9003215434,0.006031443119,13.75558157,3.806666667,0.2037365536,Ideal
0.71,61.5,56,2610 €,5.69,5.76,3.52,115.365888,32.7744,20.0288,20.2752,3676.056338,0.9878472222,0.6148471616,0.9105691057,0.006154332206,22.62367191,4.99,0.2083847157,Ideal
1,61.7,56,2873 €,6.45,6.41,3.97,164.137665,41.3445,25.6065,25.4477,2873,1.00624025,0.6174183515,0.9076175041,0.006092446849,17.5035998,5.61,0.2067326367,Ideal
0.91,61.1,59,3639 €,6.24,6.2,3.8,147.0144,38.688,23.712,23.56,3998.901099,1.006451613,0.6109324759,0.9656301146,0.006189869836,24.75267729,5.413333333,0.21076031,Premium
0.27,62.8,56,641 €,4.12,4.16,2.6,44.56192,17.1392,10.712,10.816,2374.074074,0.9903846154,0.6280193237,0.8917197452,0.006058984891,14.38447895,3.626666667,0.2002242471,Ideal
0.31,62.9,59,394 €,4.33,4.29,2.71,50.340147,18.5757,11.7343,11.6259,1270.967742,1.009324009,0.6287703016,0.9379968203,0.006158106769,7.826755055,3.776666667,0.1997592205,Premium
2.01,62.5,58,17334 €,7.98,8.08,5.02,323.681568,64.4784,40.0596,40.5616,8623.880597,0.9876237624,0.6251556663,0.928,0.006209806794,53.55263232,7.026666667,0.202018233,Premium
0.5,60.7,61,1654 €,5.12,5.09,3.1,80.78848,26.0608,15.872,15.779,3308,1.00589391,0.6072477963,1.004942339,0.006189001204,20.47321598,4.436666667,0.2130530606,Premium
1.14,60.6,59,4788 €,6.8,6.77,4.11,189.20796,46.036,27.948,27.8247,4200,1.004431315,0.6057479735,0.9735973597,0.006025116491,25.30548926,5.893333333,0.2139818837,Premium
0.38,59.9,60,700 €,4.66,4.72,2.81,61.806512,21.9952,13.0946,13.2632,1842.105263,0.9872881356,0.5991471215,1.001669449,0.006148219463,11.32566743,4.063333333,0.2181900598,Premium
0.4,62,55,1043 €,4.74,4.78,2.95,66.83874,22.6572,13.983,14.101,2607.5,0.9916317992,0.6197478992,0.8870967742,0.00598455327,15.60472265,4.156666667,0.2053083645,Ideal
,62.3,56,15851 €,7.34,7.3,4.56,244.33392,53.582,33.4704,33.288,10567.33333,1.005479452,0.6229508197,0.8988764045,0.00613913942,64.87433263,6.4,0.2033092113,Ideal
1.2,61.3,56,,6.8,6.71,4.14,188.89992,45.628,28.152,27.7794,4390,1.013412817,0.6128793486,0.9135399674,0.006352570186,27.88778312,5.883333333,0.2096210088,Ideal
0.31,62.2,59,1046 €,4.32,4.3,2.68,49.78368,18.576,11.5776,11.524,3374.193548,1.004651163,0.6218097448,0.9485530547,0.006226940234,21.01090156,3.766666667,0.2040086943,Premium
0.6,61.6,55,2442 €,5.43,5.48,3.36,99.981504,29.7564,18.2448,18.4128,4070,0.9908759124,0.6159486709,0.8928571429,0.006001109965,24.42451756,4.756666667,0.2076671477,Ideal
0.43,62.1,56,981 €,4.83,4.87,3.01,70.801521,23.5221,14.5383,14.6587,2281.395349,0.9917864476,0.6206185567,0.9017713366,0.006073315854,13.85563454,4.236666667,0.2047690063,Ideal
0.7,60.8,56,3300 €,5.73,5.8,3.51,116.65134,33.234,20.1123,20.358,4714.285714,0.9879310345,0.6088464874,0.9210526316,0.006000788332,28.28943071,5.013333333,0.2121146114,Ideal
1.01,58.1,59,5538 €,6.61,6.53,3.82,164.883806,43.1633,25.2502,24.9446,5483.168317,1.012251149,0.5814307458,1.015490534,0.006125525754,33.58728874,5.653333333,0.2293821535,Premium
0.35,62.3,55,1044 €,4.5,4.52,2.81,57.1554,20.34,12.645,12.7012,2982.857143,0.9955752212,0.623059867,0.8828250401,0.006123655858,18.26599062,3.943333333,0.2032365035,Ideal
0.73,61.2,57,3797 €,5.79,5.84,3.56,120.376416,33.8136,20.6124,20.7904,5201.369863,0.9914383562,0.6122098022,0.931372549,0.006064310803,31.54272345,5.063333333,0.2099828491,Ideal
1.21,62.5,57,6025 €,6.77,6.7,4.21,190.96139,45.359,28.5017,28.207,4979.338843,1.010447761,0.6250927988,0.912,0.006336359408,31.55088052,5.893333333,0.2020315753,Ideal
0.9,60,59,3629 €,6.23,6.16,3.72,,38.3768,23.1756,22.9152,4032.222222,1.011363636,0.6004842615,0.9833333333,0.006304212021,25.4199838,5.37,0.2173326105,Premium
1.01,62.5,58,34327.76651 €,6.41,6.35,3.99,162.406965,40.7035,25.5759,25.3365,7803.960396,1.009448819,0.6253918495,0.928,0.006218945105,48.5324013,5.583333333,0.2018369638,Premium
0.42,61.4,56,1087 €,4.85,4.82,2.97,69.42969,23.377,14.4045,14.3154,2588.095238,1.006224066,0.6142709411,0.9120521173,0.006049285255,15.65612636,4.213333333,0.208683877,Ideal
0.28,60.2,60,646 €,4.26,4.24,2.56,46.239744,18.0624,10.9056,10.8544,2307.142857,1.004716981,0.6023529412,0.9966777409,0.006055396846,13.97066558,3.686666667,0.216107273,Premium
0.53,60.9,60,1193 €,5.26,5.19,3.18,86.812092,27.2994,16.7268,16.5042,2250.943396,1.013487476,0.6086124402,0.9852216749,0.006105140284,13.74232521,4.543333333,0.2122771221,Premium
0.53,61.6,57,1803 €,5.21,5.15,3.19,85.592485,26.8315,16.6199,16.4285,3401.886792,1.011650485,0.6158301158,0.9253246753,0.006192132405,21.06493345,4.516666667,0.2077671009,Ideal
1.38,62.9,56,15968 €,7.04,7.1,4.45,222.4288,49.984,31.328,31.595,11571.01449,0.9915492958,0.6294200849,0.8903020668,0.006204232545,71.7892647,6.196666667,0.1993527789,Ideal
0.51,59.5,61,1406 €,5.19,5.16,3.08,82.483632,26.7804,15.9852,15.8928,2756.862745,1.005813953,0.5951690821,1.025210084,0.006183044898,17.04580613,4.476666667,0.2206258549,Premium
0.3,61.5,56,844 €,4.33,4.29,2.65,49.225605,18.5757,11.4745,11.3685,2813.333333,1.009324009,0.6148491879,0.9105691057,0.006094389292,17.14554854,3.756666667,0.2083500993,Ideal
1.04,60.9,56,5795 €,6.61,6.56,4.01,173.880016,43.3616,26.5061,26.3056,5572.115385,1.007621951,0.608959757,0.9195402299,0.005981135866,33.32757917,5.726666667,0.2119973673,Ideal
1.01,62.3,59,5430 €,6.38,6.33,3.96,159.926184,40.3854,25.2648,25.0668,5376.237624,1.007898894,0.6231313926,0.9470304976,0.006315413616,33.95316429,5.556666667,0.203215058,Premium
0.32,60.6,57,449 €,4.4,4.44,2.68,52.35648,19.536,11.792,11.8992,1403.125,0.990990991,0.6063348416,0.9405940594,0.00611194641,8.575824807,3.84,0.2136475009,Ideal
0.73,60.5,57,2351 €,5.84,5.8,3.52,119.22944,33.872,20.5568,20.416,3220.547945,1.006896552,0.6048109966,0.9421487603,0.006122648903,19.71828434,5.053333333,0.2145818006,Premium
0.42,61.6,56,886 €,4.83,4.81,2.97,68.999931,23.2323,14.3451,14.2857,2109.52381,1.004158004,0.6161825726,0.9090909091,0.006086962609,12.84059255,4.203333333,0.2074868956,Ideal
1.03,62.5,54,4764 €,6.5,6.42,4.04,168.5892,41.73,26.26,25.9368,4625.242718,1.012461059,0.6253869969,0.864,0.006109525403,28.25803788,5.653333333,0.2018749445,Premium
0.51,62,57,2787 €,5.11,5.15,3.18,83.68647,26.3165,16.2498,16.377,5464.705882,0.9922330097,0.6198830409,0.9193548387,0.00609417508,33.30287441,4.48,0.2052196097,Ideal
0.41,61.7,55,1153 €,4.78,4.75,2.94,66.7527,22.705,14.0532,13.965,2812.195122,1.006315789,0.6169989507,0.8914100486,0.006142073654,17.27270957,4.156666667,0.2069928846,Ideal
1.17,62.2,56,8806 €,6.77,6.74,4.2,191.64516,45.6298,28.434,28.308,7526.495726,1.004451039,0.621761658,0.9003215434,0.006105032864,45.94950376,5.903333333,0.2040374058,Ideal
0.96,61.2,56,5767 €,6.34,6.38,3.89,157.347388,40.4492,24.6626,24.8182,6007.291667,0.9937304075,0.6116352201,0.9150326797,0.006101149896,36.65138693,5.536666667,0.2103221563,Ideal
0.51,61.9,55,1787 €,5.11,5.13,3.17,83.099331,26.2143,16.1987,16.2621,3503.921569,0.9961013645,0.619140625,0.8885298869,0.006137233524,21.50438491,4.47,0.2056543796,Ideal
0.35,62.3,57,747 €,4.51,4.55,2.82,57.86781,20.5205,12.7182,12.831,2134.285714,0.9912087912,0.6225165563,0.9149277689,0.006048267595,12.90873112,3.96,0.2036028077,Ideal
0.36,61,55,1131 €,4.6,4.62,2.81,59.71812,21.252,12.926,12.9822,3141.666667,0.9956709957,0.6095444685,0.9016393443,0.006028321052,18.93897531,4.01,0.211612823,Ideal
0.41,62.1,53.6,659 €,4.75,4.79,2.96,67.3474,22.7525,14.06,14.1784,1607.317073,0.9916492693,0.6205450734,0.8631239936,0.006087837095,9.785084502,4.166666667,0.2048156244,Ideal
,62.4,53,2340 €,5.75,5.78,3.6,119.646,33.235,20.7,20.808,3250,0.9948096886,0.6244579358,0.8493589744,0.006017752369,19.5576952,5.043333333,0.2023789038,Ideal
1.39,62.7,58,7311 €,6.99,7.11,4.42,219.669138,49.6989,30.8958,31.4262,5259.71223,0.9831223629,0.6269503546,0.9250398724,0.006327698158,33.28187139,6.173333333,0.2009872702,Premium
0.34,62.1,55,805 €,4.46,4.49,2.78,55.670612,20.0254,12.3988,12.4822,2367.647059,0.9933184855,0.6212290503,0.885668277,0.006107351577,14.460053,3.91,0.2043796729,Ideal
0.39,61.7,62,951 €,4.69,4.65,2.88,62.80848,21.8085,13.5072,13.392,2438.461538,1.008602151,0.6167023555,1.004862237,0.006209352622,15.14126755,4.073333333,0.2071944575,Premium
1.04,61.3,56,5495 €,6.51,6.55,4,170.562,42.6405,26.04,26.2,5283.653846,0.9938931298,0.6125574273,0.9135399674,0.006097489476,32.21702372,5.686666667,0.2097476954,Ideal
0.73,61.6,57,3005 €,5.81,5.78,3.57,119.887026,33.5818,20.7417,20.6346,4116.438356,1.005190311,0.6160483175,0.9253246753,0.006089065884,25.06526436,5.053333333,0.2075751771,Ideal
1.02,62.5,57,4746 €,6.41,6.46,4.02,166.462572,41.4086,25.7682,25.9692,4652.941176,0.9922600619,0.6247086247,0.912,0.006127503545,28.51091355,5.63,0.2022424337,Ideal
0.41,61.6,59,539 €,4.76,4.79,2.94,67.033176,22.8004,13.9944,14.0826,1314.634146,0.993736952,0.6157068063,0.9577922078,0.006116374376,8.040794606,4.163333333,0.2077935934,Premium
0.52,61.5,59,1196 €,5.19,5.15,3.18,84.99663,26.7285,16.5042,16.377,2300,1.00776699,0.6150870406,0.9593495935,0.006117889615,14.07114611,4.506666667,0.2081887095,Premium
0.76,59.3,62,40816.5 €,5.93,5.85,3.49,121.069845,34.6905,20.6957,20.4165,3622.368421,1.013675214,0.5925297114,1.045531197,0.006277368241,22.73894049,5.09,0.222365846,Premium
0.31,62,56,1046 €,4.36,4.32,2.69,50.666688,18.8352,11.7284,11.6208,3374.193548,1.009259259,0.6198156682,0.9032258065,0.006118418476,20.64472815,3.79,0.2052741056,Ideal
,?,57,3997 €,6.5,6.46,4.03,169.2197,41.99,26.195,26.0338,3880.582524,1.00619195,0.6219135802,0.9163987138,0.006086761766,23.62018134,5.663333333,0.2039534755,Ideal
0.62,58.9,60,933 €,5.65,5.54,3.29,102.98029,31.301,18.5885,18.2266,1504.83871,1.019855596,0.5880250223,1.018675722,0.006020569567,9.059986139,4.826666667,0.2253138825,Premium
1.6,60.6,60,36339.00406 €,7.57,7.51,4.57,259.807699,56.8507,34.5949,34.3207,10134.375,1.007989348,0.6061007958,0.9900990099,0.006158401026,62.41154539,6.55,0.2137840741,Premium
1.06,61.5,59,5113 €,6.57,6.53,4.03,172.895463,42.9021,26.4771,26.3159,4823.584906,1.006125574,0.6152671756,0.9593495935,0.006130872272,29.57278295,5.71,0.2080650834,Premium
0.3,61.3,56,526 €,4.28,4.3,2.63,48.40252,18.404,11.2564,11.309,1753.333333,0.9953488372,0.6130536131,0.9135399674,0.0061980244,10.86720278,3.736666667,0.2094310705,Ideal
1.11,59.9,57,5134 €,6.74,6.72,4.03,182.529984,45.2928,27.1622,27.0816,4625.225225,1.00297619,0.5988112927,0.9515859766,0.006081192666,28.12688572,5.83,0.2183221947,Premium
0.71,61.3,56,3710 €,5.69,5.75,3.51,857.4175688,32.7175,19.9719,20.1825,5225.352113,0.9895652174,0.6136363636,0.9135399674,0.006182599596,32.30625986,4.983333333,0.2091154341,Ideal
0.4,59.5,59,1080 €,4.79,4.76,2.84,64.753136,22.8004,13.6036,13.5184,2700,1.006302521,0.5947643979,0.9915966387,0.006177306996,16.67872889,4.13,0.2208837689,Premium
1.52,61.8,54,11379 €,7.42,7.43,4.59,253.049454,55.1306,34.0578,34.1037,7486.184211,0.998654105,0.6181818182,0.8737864078,0.006006731,44.96749477,6.48,0.2062404401,Ideal
0.56,61.1,58,2066 €,5.34,5.3,3.25,91.9815,28.302,17.355,17.225,3689.285714,1.00754717,0.6109022556,0.9492635025,0.006088180775,22.46103836,4.63,0.2107870383,Premium
0.34,61.5,56,36189.87652 €,4.47,4.5,2.76,55.5174,20.115,12.3372,12.42,1752.941176,0.9933333333,0.6153846154,0.9105691057,0.006124206105,10.73537305,3.91,0.2079961699,Ideal
2.19,58.8,58,10179 €,8.57,8.53,5.03,367.703563,73.1021,43.1071,42.9059,4647.945205,1.004689332,0.5883040936,0.9863945578,0.005955884632,27.68262542,7.376666667,0.2249558424,Premium
1.5,62.9,59,11855 €,7.31,7.26,4.58,243.063348,53.0706,33.4798,33.2508,7903.333333,1.006887052,0.6286890872,0.9379968203,0.00617123072,48.77329345,6.383333333,0.1997878743,Premium
1.2,62.5,58,5376 €,6.81,6.76,4.24,195.190944,46.0356,28.8744,28.6624,4480,1.00739645,0.624907885,0.928,0.006147826202,27.54226139,5.936666667,0.2021164757,Premium
0.81,62.6,55,2795 €,5.92,5.96,3.72,131.253504,35.2832,22.0224,22.1712,3450.617284,0.9932885906,0.6262626263,0.8785942492,0.006171263816,21.29466959,5.2,0.2012779683,Ideal
2.4,62,57,12468 €,8.53,8.47,5.27,380.752757,72.2491,44.9531,44.6369,5195,1.007083825,0.62,0.9193548387,0.006303303012,32.74565915,7.423333333,0.205141484,Ideal
0.53,62.2,56,1956 €,5.19,5.16,3.22,1039.007704,26.7804,16.7118,16.6152,3690.566038,1.005813953,0.6222222222,0.9003215434,0.006146146932,22.68276113,4.523333333,0.2037606224,Ideal
2.15,61.7,55,14388 €,8.24,8.43,5.14,357.040848,69.4632,42.3536,43.3302,6692.093023,0.9774614472,0.6166766647,0.8914100486,0.006021719957,40.29791011,7.27,0.2074461491,Ideal
1,61.5,60,4340 €,6.35,6.33,3.9,156.76245,40.1955,24.765,24.687,4340,1.003159558,0.6151419558,0.9756097561,0.006379078663,27.6852014,5.526666667,0.2081283492,Premium
0.54,60.6,57,1340 €,5.28,5.25,3.19,88.4268,27.72,16.8432,16.7475,2481.481481,1.005714286,0.6058879392,0.9405940594,0.006106745919,15.15377691,4.573333333,0.2139011046,Ideal
0.72,61.3,59,2155 €,5.79,5.76,3.54,118.060416,33.3504,20.4966,20.3904,2993.055556,1.005208333,0.612987013,0.9624796085,0.006098572446,18.25336614,5.03,0.2094752061,Premium
0.33,60.4,60,608 €,4.41,4.46,2.68,52.711848,19.6686,11.8188,11.9528,1842.424242,0.9887892377,0.6042841037,0.9933774834,0.006260452109,11.53440873,3.85,0.2149523933,Premium
0.5,61.9,58,1741 €,5.06,5.09,3.14,80.871956,25.7554,15.8884,15.9826,3482,0.9941060904,0.6187192118,0.9369951535,0.00618261292,21.52785819,4.43,0.2059255002,Ideal
0.56,62.6,60,953 €,5.3,5.15,3.27,89.25465,27.295,17.331,16.8405,1701.785714,1.029126214,0.6258373206,0.9584664537,0.006274182914,10.67731485,4.573333333,0.2019594997,Premium
0.74,62.2,56,3454 €,5.79,5.81,3.61,121.440039,33.6399,20.9019,20.9741,4667.567568,0.9965576592,0.6224137931,0.9003215434,0.00609354218,28.44201985,5.07,0.2036308063,Ideal
1.51,59.7,62,5327 €,7.46,7.42,4.44,245.768208,55.3532,33.1224,32.9448,3527.81457,1.005390836,0.5967741935,1.038525963,0.006144000529,21.67489458,6.44,0.2196130187,Premium
1.13,60.6,60,5581 €,6.76,6.67,4.07,183.513044,45.0892,27.5132,27.1469,4938.938053,1.013493253,0.6061057334,0.9900990099,0.006157600437,30.41200712,5.833333333,0.2138410625,Premium
1.11,60.4,58,7275 €,6.73,6.66,4.04,181.080072,44.8218,27.1892,26.9064,6554.054054,1.010510511,0.6034353996,0.9602649007,0.006129884905,40.17559701,5.81,0.2154742194,Ideal
2.03,64.4,54,16900 €,7.97,7.92,5.12,323.186688,63.1224,40.8064,40.5504,8325.123153,1.006313131,0.6444304594,0.8385093168,0.006281199305,52.29175776,7.003333333,0.1901771825,Ideal
0.51,62.4,58,1546 €,5.12,5.11,3.19,83.460608,26.1632,16.3328,16.3009,3031.372549,1.001956947,0.623655914,0.9294871795,0.006110667202,18.52370881,4.473333333,0.2028605557,Premium
0.33,61.9,54,723 €,4.42,4.47,2.75,54.33285,19.7574,12.155,12.2925,2190.909091,0.9888143177,0.6186726659,0.8723747981,0.006073673662,13.30686684,3.88,0.206002926,Ideal
1.03,59.5,60,5791 €,6.6,6.54,3.91,168.77124,43.164,25.806,25.5714,5622.330097,1.009174312,0.595129376,1.008403361,0.006102935548,34.31271821,5.683333333,0.2206759969,Premium
0.3,61.3,55,605 €,4.3,4.32,2.64,49.04064,18.576,11.352,11.4048,2016.666667,0.9953703704,0.6125290023,0.8972267537,0.006117375303,12.33670686,3.753333333,0.2097569868,Ideal
0.81,62.1,54,2435 €,6,6.02,3.73,134.7276,36.12,22.38,22.4546,3006.17284,0.9966777409,0.6206322795,0.8695652174,0.006012131145,18.07350535,5.25,0.2047301563,Ideal
0.94,61.1,55,3915 €,6.29,6.34,3.86,153.931396,39.8786,24.2794,24.4724,4164.893617,0.9921135647,0.6112430721,0.9001636661,0.006106616483,25.43340801,5.496666667,0.2105781871,Ideal
0.74,62.3,57,2327 €,5.76,5.79,3.6,120.06144,33.3504,20.736,20.844,3144.594595,0.9948186528,0.6233766234,0.9149277689,0.006163510949,19.38174321,5.05,0.2030451444,Ideal
1.01,62.9,54,4672 €,6.47,6.41,4.05,167.964435,41.4727,26.2035,25.9605,4625.742574,1.009360374,0.6288819876,0.8585055644,0.00601317773,27.81541223,5.643333333,0.1996910303,Ideal
0.43,60.8,58,,4.88,4.86,2.96,70.201728,23.7168,14.4448,14.3856,2137.209302,1.004115226,0.6078028747,0.9539473684,0.006125205351,13.09084585,4.233333333,0.2126975564,Premium
0.42,?,58,1400 €,4.76,4.79,2.94,67.033176,22.8004,13.9944,14.0826,3333.333333,0.993736952,0.6157068063,0.9415584416,0.006265554238,20.88518079,4.163333333,0.2077935934,Premium
1.23,62.1,57,9230 €,6.87,6.79,4.24,197.784552,46.6473,29.1288,28.7896,7504.065041,1.011782032,0.6207906296,0.9178743961,0.006218888116,46.6669409,5.966666667,0.2046996291,Ideal
1,62.3,53,10058 €,6.37,6.43,3.99,163.426809,40.9591,25.4163,25.6557,10058,0.9906687403,0.6234375,0.8507223114,0.006118947106,61.54436999,5.596666667,0.203040309,Ideal
0.61,61.7,55,1659 €,5.46,5.49,3.38,101.316852,29.9754,18.4548,18.5562,2719.672131,0.9945355191,0.6173515982,0.8914100486,0.00602071608,16.37437373,4.776666667,0.2067693811,Ideal
2.01,60.5,60,16626 €,8.15,8.17,4.94,328.93237,66.5855,40.261,40.3598,8271.641791,0.9975520196,0.6053921569,0.9917355372,0.006110678618,50.54534463,7.086666667,0.2141972507,Premium
0.56,61.9,55,1819 €,5.29,5.34,3.29,92.937894,28.2486,17.4041,17.5686,3248.214286,0.9906367041,0.6190028222,0.8885298869,0.006025529264,19.57221023,4.64,0.2057785286,Ideal
1.2,60,61,4717 €,6.89,6.84,4.12,194.165712,47.1276,28.3868,28.1808,3930.833333,1.007309942,0.6001456664,1.016666667,0.006180287898,24.29368168,5.95,0.2175069577,Premium
0.34,59.8,59,854 €,4.55,4.51,2.71,55.610555,20.5205,12.3305,12.2221,2511.764706,1.00886918,0.5982339956,0.9866220736,0.006113947253,15.35679692,3.923333333,0.2187200396,Premium
0.41,61.9,56,1076 €,4.8,4.77,2.96,67.77216,22.896,14.208,14.1192,2624.390244,1.006289308,0.618599791,0.9046849758,0.006049681757,15.87672578,4.176666667,0.2060016976,Ideal
0.41,60.7,56,40816.5 €,4.81,4.85,2.93,68.352505,23.3285,14.0933,14.2105,3158.536585,0.9917525773,0.6066252588,0.9225700165,0.005998317106,18.94590403,4.196666667,0.2134592792,Ideal
1.03,62.1,57,6558 €,6.44,6.47,4.01,167.083868,41.6668,25.8244,25.9447,6366.990291,0.9953632148,0.6212238575,0.9178743961,0.006164568802,39.24974971,5.64,0.2043704118,Ideal
1.08,61,59,5487 €,6.67,6.57,4.04,177.040476,43.8219,26.9468,26.5428,5080.555556,1.0152207,0.6102719033,0.9672131148,0.006100299911,30.9929126,5.76,0.2112688631,Premium
0.71,62.6,56,2376 €,5.65,5.75,3.57,115.980375,32.4875,20.1705,20.5275,3346.478873,0.9826086957,0.6263157895,0.8945686901,0.006121725335,20.4862245,4.99,0.2013870189,Ideal
0.42,62.5,59,984 €,4.79,4.72,2.97,67.148136,22.6088,14.2263,14.0184,2342.857143,1.014830508,0.6246056782,0.944,0.006254827386,14.65416702,4.16,0.2023899517,Premium
0.51,60.1,60,1687 €,5.17,5.15,3.1,82.53905,26.6255,16.027,15.965,3307.843137,1.003883495,0.6007751938,0.9983361065,0.006178893506,20.43881048,4.473333333,0.2170926165,Premium
0.3,62,56,742 €,4.3,4.34,2.68,50.01416,18.662,11.524,11.6312,2473.333333,0.9907834101,0.6203703704,0.9032258065,0.005998301281,14.8357985,3.773333333,0.204931765,Ideal
0.71,58.1,62,3090 €,5.89,5.84,3.41,117.295816,34.3976,20.0849,19.9144,4352.112676,1.008561644,0.5814151748,1.067125645,0.006053071833,26.34365066,5.046666667,0.2293549739,Premium
0.33,61,59,579 €,4.45,4.5,2.73,,20.025,12.1485,12.285,1754.545455,0.9888888889,0.6100558659,0.9672131148,0.006036410531,10.59115666,3.893333333,0.211349515,Premium
1.38,59.2,59,6779 €,7.35,7.29,4.33,232.007895,53.5815,31.8255,31.5657,4912.318841,1.008230453,0.5915300546,0.9966216216,0.005948073448,29.21883326,6.323333333,0.222938167,Premium
1.02,62.5,58,6410 €,6.36,6.44,4,163.8336,40.9584,25.44,25.76,6284.313725,0.9875776398,0.625,0.928,0.006225829134,39.12506348,5.6,0.2021146708,Ideal
0.3,60.9,56,776 €,4.35,4.32,2.64,,18.792,11.484,11.4048,2586.666667,1.006944444,0.6089965398,0.9195402299,0.006047060645,15.6417302,3.77,0.211969369,Ideal
1.01,62.5,60,4355 €,6.39,6.42,4,164.0952,41.0238,25.56,25.68,4311.881188,0.9953271028,0.6245120999,0.96,0.006154963704,26.53947221,5.603333333,0.2023427764,Premium
0.82,61.5,56,2804 €,6.01,6.08,3.72,135.931776,36.5408,22.3572,22.6176,3419.512195,0.9884868421,0.6153846154,0.9105691057,0.006032437919,20.62799503,5.27,0.2080432655,Ideal
0.31,61.1,56,713 €,4.33,4.37,2.66,50.332786,18.9221,11.5178,11.6242,2300,0.9908466819,0.6114942529,0.9165302782,0.006159007371,14.16571695,3.786666667,0.2104333587,Ideal
0.8,60.6,56,3153 €,6.03,6.08,3.67,134.551008,36.6624,22.1301,22.3136,3941.25,0.9917763158,0.6061106524,0.9240924092,0.005945700533,23.43349223,5.26,0.2137804311,Ideal
0.7,59,59,2874 €,5.79,5.77,3.41,113.922303,33.4083,19.7439,19.6757,4105.714286,1.003466205,0.5899653979,1,0.006144538704,25.22772033,4.99,0.2238995089,Premium
0.3,62.3,56,863 €,4.31,4.32,2.69,50.085648,18.6192,11.5939,11.6208,2876.666667,0.9976851852,0.6234067207,0.8988764045,0.005989739815,17.23048487,3.773333333,0.2030149889,Ideal
0.32,60.7,58,828 €,4.45,4.41,2.69,52.789905,19.6245,11.9705,11.8629,2587.5,1.009070295,0.6072234763,0.9555189456,0.006061765029,15.68481701,3.85,0.2130925723,Premium
1.33,61.9,58,7171 €,6.98,7.04,4.34,213.264128,49.1392,30.2932,30.5536,5391.729323,0.9914772727,0.6191155492,0.9369951535,0.006236398088,33.62497044,6.12,0.2057007187,Premium
0.41,62.4,55,827 €,4.73,4.76,2.96,66.643808,22.5148,14.0008,14.0896,2017.073171,0.993697479,0.6238145416,0.8814102564,0.006152109435,12.40925489,4.15,0.2027822159,Ideal
1.31,62.3,56,6225 €,7,6.97,4.35,212.2365,48.79,30.45,30.3195,4751.908397,1.004304161,0.6227630637,0.8988764045,0.006172359608,29.33048745,6.106666667,0.2034188794,Ideal
0.7,61.6,56,1138 €,5.8,5.63,3.52,114.94208,32.654,20.416,19.8176,1625.714286,1.030195382,0.6159230096,0.9090909091,0.006090023775,9.900638652,4.983333333,0.208105245,Premium
1.01,62.5,58,,6.42,6.37,4,163.5816,40.8954,25.68,25.48,7526.732673,1.007849294,0.625488663,0.928,0.006174288551,46.47221937,5.596666667,0.2017626574,Premium
2.01,62.8,54,18186 €,8.03,8.08,5.05,327.65612,64.8824,40.5515,40.804,9047.761194,0.9938118812,0.626939789,0.8598726115,0.006134480259,55.50331244,7.053333333,0.2008578893,Ideal
1.03,62.9,56,5710 €,6.49,6.39,4.05,167.957955,41.4711,26.2845,25.8795,5543.68932,1.015649452,0.6288819876,0.8903020668,0.006132487145,33.9966035,5.643333333,0.1997748754,Premium
1.02,60.9,59,8616 €,6.44,6.56,3.96,167.295744,42.2464,25.5024,25.9776,8447.058824,0.9817073171,0.6092307692,0.9688013136,0.006096987142,51.50160903,5.653333333,0.211975695,Premium
0.7,61.7,55,2745 €,5.71,5.74,3.53,115.697162,32.7754,20.1563,20.2622,3921.428571,0.9947735192,0.6165938865,0.8914100486,0.006050278053,23.72573322,4.993333333,0.2072373971,Ideal
0.52,61.9,55,1586 €,5.15,5.19,3.2,85.5312,26.7285,16.48,16.608,3050,0.9922928709,0.6189555126,0.8885298869,0.006079652805,18.54294106,4.513333333,0.2057925709,Ideal
0.36,61.3,60,789 €,4.54,4.59,2.8,58.34808,20.8386,12.712,12.852,2191.666667,0.9891067538,0.6133625411,0.9787928222,0.006169868829,13.52229585,3.976666667,0.2092906958,Premium
0.77,62.1,55,2598 €,5.85,5.9,3.65,125.97975,34.515,21.3525,21.535,3374.025974,0.9915254237,0.6212765957,0.885668277,0.006112093412,20.62236193,5.133333333,0.2043649998,Ideal
1.14,62.3,59,5291 €,6.69,6.64,4.15,184.34964,44.4216,27.7635,27.556,4641.22807,1.00753012,0.6226556639,0.9470304976,0.006183901417,28.70089684,5.826666667,0.2035053912,Premium
1.11,61.9,57,4709 €,6.62,6.67,4.11,181.478694,44.1554,27.2082,27.4137,4242.342342,0.9925037481,0.618510158,0.9208400646,0.006116420476,25.94794957,5.8,0.206066342,Ideal
0.3,60.9,59,368 €,4.32,4.35,2.64,49.61088,18.792,11.4048,11.484,1226.666667,0.9931034483,0.6089965398,0.9688013136,0.006047060645,7.417727724,3.77,0.211969369,Premium
1.74,62.2,58,7858 €,7.65,7.61,4.75,276.528375,58.2165,36.3375,36.1475,4516.091954,1.005256242,0.622542595,0.9324758842,0.00629230183,28.41661367,6.67,0.203559704,Premium
0.77,61.6,60,2457 €,5.91,5.87,3.59,124.543203,34.6917,21.2169,21.0733,3190.909091,1.00681431,0.6095076401,0.974025974,0.006182593521,19.72809387,5.123333333,0.2116499738,Premium
0.54,61.6,56,1639 €,5.24,5.27,3.24,89.471952,27.6148,16.9776,17.0748,3035.185185,0.9943074004,0.6165556613,0.9090909091,0.006035410963,18.31858994,4.583333333,0.2072637957,Ideal
0.63,62.1,54,1423 €,5.51,5.54,3.43,104.702122,30.5254,18.8993,19.0022,2258.730159,0.9945848375,0.6208144796,0.8695652174,0.006017070027,13.59093754,4.826666667,0.2046274331,Ideal
0.34,60.5,58,939 €,4.52,4.47,2.72,54.955968,20.2044,12.2944,12.1584,2761.764706,1.011185682,0.6051167964,0.958677686,0.006186771198,17.08640634,3.903333333,0.2144300517,Premium
0.31,62.3,55,625 €,4.36,4.37,2.72,51.824704,19.0532,11.8592,11.8864,2016.129032,0.9977116705,0.6231386025,0.8828250401,0.005981703243,12.05988557,3.816666667,0.2031802226,Ideal
0.31,61.9,56,1133 €,4.37,4.35,2.7,51.32565,19.0095,11.799,11.745,3654.83871,1.004597701,0.619266055,0.9046849758,0.006039865058,22.07473261,3.806666667,0.2055798862,Ideal
2.2,61.1,59,16996 €,8.41,8.35,5.12,359.54432,70.2235,43.0592,42.752,7725.454545,1.007185629,0.6109785203,0.9656301146,0.006118856223,47.27094562,7.293333333,0.2107368289,Premium
1.62,62.6,58,13177 €,7.48,7.53,4.7,264.72468,56.3244,35.156,35.391,8133.950617,0.9933598938,0.6262491672,0.9265175719,0.006119565429,49.776243,6.57,0.201285727,Premium
1.01,62.7,54,4276 €,6.42,6.37,4.01,163.990554,40.8954,25.7442,25.5437,4233.663366,1.007849294,0.6270523847,0.8612440191,0.006158891322,26.07467257,5.6,0.2008009049,Premium
0.92,61.8,55,4696 €,6.25,6.28,3.87,151.8975,39.25,24.1875,24.3036,5104.347826,0.9952229299,0.6177174781,0.8899676375,0.006056715877,30.91558452,5.466666667,0.206539071,Ideal
0.41,62.1,58,999 €,4.78,4.75,2.96,67.2068,22.705,14.1488,14.06,2436.585366,1.006315789,0.6211962225,0.9339774557,0.006100573156,14.86456728,4.163333333,0.2043971094,Premium
0.33,61.3,56,1130 €,4.43,4.48,2.73,54.180672,19.8464,12.0939,12.2304,3424.242424,0.9888392857,0.6127946128,0.9135399674,0.006090732872,20.8561459,3.88,0.2096466382,Ideal
0.7,62,59,1966 €,5.62,5.58,3.47,108.817812,31.3596,19.5014,19.3626,2808.571429,1.007168459,0.6196428571,0.9516129032,0.0064327704,18.06689515,4.89,0.2053628651,Premium
0.34,60,58,574 €,4.58,4.55,2.74,57.09886,20.839,12.5492,12.467,1688.235294,1.006593407,0.6002190581,0.9666666667,0.005954584733,10.05274011,3.956666667,0.2174558779,Premium
1.52,60.2,60,8737 €,7.4,7.46,4.47,246.76188,55.204,33.078,33.3462,5748.026316,0.9919571046,0.601615074,0.9966777409,0.006159784485,35.40660332,6.443333333,0.2165916757,Premium
1.22,62.6,57,6887 €,6.8,6.76,4.24,194.90432,45.968,28.832,28.6624,5645.081967,1.00591716,0.6253687316,0.910543131,0.006259481575,35.33528657,5.933333333,0.2018222752,Ideal
0.92,61,62,4155 €,6.32,6.26,3.84,151.922688,39.5632,24.2688,24.0384,4516.304348,1.009584665,0.6104928458,1.016393443,0.006055711705,27.3494371,5.473333333,0.2110598295,Premium
0.53,62.8,57,1776 €,5.19,5.16,3.25,87.0363,26.7804,16.8675,16.77,3350.943396,1.005813953,0.6280193237,0.9076433121,0.006089413268,20.40527918,4.533333333,0.2001918414,Ideal
0.41,62.7,55,827 €,4.75,4.79,2.99,68.029975,22.7525,14.2025,14.3221,2017.073171,0.9916492693,0.6268343816,0.8771929825,0.006026755118,12.15640605,4.176666667,0.200939888,Ideal
0.9,62.8,61,3385 €,6.14,6.09,3.84,143.587584,37.3926,23.5776,23.3856,3761.111111,1.008210181,0.6279640229,0.9713375796,0.006267951413,23.5744617,5.356666667,0.2002438446,Premium
2.33,62,57,17504 €,8.52,8.45,5.26,378.68844,71.994,44.8152,44.447,7512.446352,1.008284024,0.6199175015,0.9193548387,0.006152815227,46.22269431,7.41,0.2052021791,Ideal
0.31,61.5,56,942 €,4.36,4.35,2.68,50.82888,18.966,11.6848,11.658,3038.709677,1.002298851,0.6153846154,0.9105691057,0.006098894959,18.53277113,3.796666667,0.2079753624,Ideal
0.42,61.7,58,945 €,4.8,4.76,2.95,67.4016,22.848,14.16,14.042,2250,1.008403361,0.6171548117,0.9400324149,0.006231306082,14.02043868,4.17,0.2069124264,Premium
1.51,60.7,58,10685 €,7.45,7.4,4.51,248.6363,55.13,33.5995,33.374,7076.15894,1.006756757,0.6074074074,0.9555189456,0.006073127697,42.97441685,6.453333333,0.2129590567,Premium
0.32,61.9,56,1140 €,4.39,4.36,2.71,51.870484,19.1404,11.8969,11.8156,3562.5,1.006880734,0.6194285714,0.9046849758,0.006169211762,21.9778169,3.82,0.2054932137,Ideal
0.31,61.2,55,734 €,4.36,4.46,2.7,52.50312,19.4456,11.772,12.042,2367.741935,0.9775784753,0.612244898,0.8986928105,0.005904411014,13.98012156,3.84,0.2101913673,Ideal
0.42,62,55,1040 €,4.84,-5.391,3,70.1316,23.3772,14.52,14.49,2476.190476,1.002070393,0.620475698,0.8870967742,0.005988741167,14.82926384,4.223333333,0.2048232666,Ideal
0.73,61.9,55,2588 €,5.78,5.82,3.59,120.766164,33.6396,20.7502,20.8938,3545.205479,0.9931271478,0.6189655172,0.8885298869,0.006044739485,21.42984354,5.063333333,0.2057798485,Ideal
1.22,62.8,54,4974 €,6.78,6.75,4.25,194.50125,45.765,28.815,28.6875,4077.04918,1.004444444,0.6282335551,0.8598726115,0.006272453262,25.57310043,5.926666667,0.2000526932,Ideal
0.4,59.6,58,864 €,4.85,4.81,2.88,67.18608,23.3285,13.968,13.8528,2160,1.008316008,0.5962732919,0.9731543624,0.005953614201,12.85980667,4.18,0.2199482899,Premium
0.82,62.6,59,2939 €,5.99,5.93,3.73,132.492211,35.5207,22.3427,22.1189,3584.146341,1.010118044,0.6258389262,0.9424920128,0.006189043068,22.18243607,5.216666667,0.2015688349,Premium
0.71,61.7,56,1774 €,5.73,5.71,3.53,115.495599,32.7183,20.2269,20.1563,2498.591549,1.003502627,0.6171328671,0.9076175041,0.006147420388,15.35989263,4.99,0.2068954285,Premium
1.52,60.8,61,11220 €,7.39,7.26,4.45,238.74873,53.6514,32.8855,32.307,7381.578947,1.017906336,0.6075085324,1.003289474,0.006366526013,46.99501438,6.366666667,0.2130356134,Premium
0.93,62,56,4692 €,6.27,6.22,3.87,150.927678,38.9994,24.2649,24.0714,5045.16129,1.008038585,0.6196957566,0.9032258065,0.006161891658,31.08773727,5.453333333,0.2053371275,Premium
0.42,61.4,57,1103 €,4.83,4.78,2.95,68.10783,23.0874,14.2485,14.101,2626.190476,1.010460251,0.6139438085,0.9283387622,0.006166691847,16.1949074,4.186666667,0.2089236299,Ideal
0.39,62.5,60,951 €,4.67,4.64,2.91,63.056208,21.6688,13.5897,13.5024,2438.461538,1.006465517,0.6251342642,0.96,0.00618495803,15.08178227,4.073333333,0.201970227,Premium
1.12,61.3,56,8991 €,6.7,6.72,4.11,185.04864,45.024,27.537,27.6192,8027.678571,0.9970238095,0.6125186289,0.9135399674,0.006052462747,48.5872255,5.843333333,0.2097568084,Ideal
0.71,62.1,58,2096 €,5.72,5.75,3.56,117.0884,32.89,20.3632,20.47,2952.112676,0.9947826087,0.620749782,0.9339774557,0.006063794535,17.90100471,5.01,0.2046662633,Premium
0.34,62.8,58,803 €,4.48,4.44,2.8,55.69536,19.8912,12.544,12.432,2361.764706,1.009009009,0.6278026906,0.923566879,0.006104637801,14.4177181,3.906666667,0.2003503088,Premium
0.3,error,58,422 €,4.27,4.3,2.66,48.84026,18.361,11.3582,11.438,1406.666667,0.9930232558,0.6207701284,0.9339774557,0.006142473443,8.640412643,3.743333333,0.2046652486,Ideal
0.7,59.6,62,1953 €,5.77,5.7,3.42,112.48038,32.889,19.7334,19.494,2790,1.012280702,0.5963382738,1.040268456,0.006223307567,17.36302811,4.963333333,0.219948067,Premium
0.56,62,54,2321 €,5.3,5.32,3.29,92.76484,28.196,17.437,17.5028,4144.642857,0.9962406015,0.6195856874,0.8709677419,0.006036769966,25.02025552,4.636666667,0.205378606,Ideal
0.34,62,56,1033 €,4.52,4.48,2.79,56.496384,20.2496,12.6108,12.4992,3038.235294,1.008928571,0.62,0.9032258065,0.006018084272,18.28435604,3.93,0.2051570277,Ideal
0.4,61.9,58,666 €,4.71,4.73,2.92,65.052636,22.2783,13.7532,13.8116,1665,0.9957716702,0.6186440678,0.9369951535,0.006148866896,10.23786338,4.12,0.2059629661,Premium
0.51,62.4,58,1925 €,5.09,5.13,3.19,83.296323,26.1117,16.2371,16.3647,3774.509804,0.992202729,0.6242661448,0.9294871795,0.006122719247,23.11026382,4.47,0.2025154322,Premium
0.52,62.6,57,1815 €,5.17,5.09,3.21,84.472113,26.3153,16.5957,16.3389,3490.384615,1.015717092,0.6257309942,0.910543131,0.006155877739,21.48638096,4.49,0.201711747,Ideal
0.3,62.7,57,684 €,4.26,4.29,2.68,48.978072,18.2754,11.4168,11.4972,2280,0.993006993,0.6269005848,0.9090909091,0.006125190065,13.96543335,3.743333333,0.2008877879,Ideal
1.22,62.7,58,5930 €,6.77,6.73,4.23,192.727683,45.5621,28.6371,28.4679,4860.655738,1.005943536,0.6266666667,0.9250398724,0.006330175204,30.76880242,5.91,0.2010239638,Premium
1.02,62.1,56,3713 €,6.44,6.39,3.98,163.783368,41.1516,25.6312,25.4322,3640.196078,1.007824726,0.6204208885,0.9017713366,0.006227738582,22.67018956,5.603333333,0.2048872378,Ideal
1.05,62.3,59,7244 €,6.5,6.46,4.04,169.6396,41.99,26.26,26.0984,6899.047619,1.00619195,0.6234567901,0.9470304976,0.006189592524,42.70229357,5.666666667,0.203001696,Premium
0.36,62.4,56,1035 €,4.57,4.53,2.84,58.793964,20.7021,12.9788,12.8652,2875,1.008830022,0.6241758242,0.8974358974,0.006123077532,17.60384791,3.98,0.2025796781,Premium
,60.6,58,12047 €,7.46,7.39,4.5,248.0823,55.1294,33.57,33.255,7925.657895,1.00947226,0.6060606061,0.9570957096,0.006126998984,48.56049787,6.45,0.2138223768,Premium
1.14,62.5,59,5228 €,6.67,6.65,4.16,184.51888,44.3555,27.7472,27.664,4585.964912,1.003007519,0.6246246246,0.944,0.006178229567,28.33314401,5.826666667,0.2022665193,Premium
0.77,60.6,56,2973 €,5.9,5.95,3.59,126.02695,35.105,21.181,21.3605,3861.038961,0.9915966387,0.605907173,0.9240924092,0.006109804292,23.59019242,5.146666667,0.2139090949,Ideal
0.26,62.2,54,397 €,4.1,4.13,2.56,43.34848,16.933,10.496,10.5728,1526.923077,0.9927360775,0.6221142163,0.8681672026,0.005997903502,9.15833727,3.596666667,0.2038377212,Ideal
1.07,61.3,59,5033 €,6.64,6.58,4.05,176.94936,43.6912,26.892,26.649,4703.738318,1.009118541,0.6127080182,0.9624796085,0.006046927776,28.44316589,5.756666667,0.2096776155,Premium
2.3,60.6,59,14042 €,8.4,8.37,5.08,357.16464,70.308,42.672,42.5196,6105.217391,1.003584229,0.6058437686,0.9735973597,0.006439607235,39.31520209,7.283333333,0.2139185464,Premium
0.77,61.9,59,2391 €,5.88,5.84,3.63,124.651296,34.3392,21.3444,21.1992,3105.194805,1.006849315,0.6194539249,0.9531502423,0.006177232205,19.18150935,5.116666667,0.2054773112,Premium
1.5,61.3,55,10080 €,7.37,7.34,4.51,243.972058,54.0958,33.2387,33.1034,6720,1.004087193,0.6131883073,0.8972267537,0.006148245058,41.31620679,6.406666667,0.2093447112,Ideal
0.5,62.2,54,2052 €,5.09,5.11,3.17,82.451383,26.0099,16.1353,16.1987,4104,0.9960861057,0.6215686275,0.8681672026,0.006064179663,24.88739334,4.456666667,0.2041542323,Ideal
1.27,61.4,59,7133 €,6.98,6.94,4.27,206.843924,48.4412,29.8046,29.6338,5616.535433,1.005763689,0.6135057471,0.9609120521,0.006139895122,34.48493851,6.063333333,0.2091561247,Premium
0.36,60.6,57,852 €,4.57,4.61,2.78,58.568206,21.0677,12.7046,12.8158,2366.666667,0.9913232104,0.605664488,0.9405940594,0.006146679651,14.54714184,3.986666667,0.2140631526,Ideal
0.54,60.2,58,1361 €,5.27,5.3,3.18,88.82058,27.931,16.7586,16.854,2520.37037,0.9943396226,0.6017029328,0.9634551495,0.006079672076,15.32302536,4.583333333,0.2165197298,Premium
0.51,62.5,56,40816.5 €,5.12,5.09,3.19,83.133952,26.0608,16.3328,16.2371,2011.764706,1.00589391,0.624877571,0.896,0.006134677683,12.34152804,4.466666667,0.2021244927,Premium
0.31,61,57,903 €,4.39,4.37,2.67,51.222081,19.1843,11.7213,11.6679,2912.903226,1.004576659,0.6095890411,0.9344262295,0.006052077423,17.62911585,3.81,0.2115861104,Ideal
1.2,60.4,58,5779 €,6.95,6.89,4.18,200.16139,47.8855,29.051,28.8002,4815.833333,1.008708273,0.6040462428,0.9602649007,0.005995162204,28.87170198,6.006666667,0.2150744663,Premium
1.29,62,58,5996 €,7.03,6.97,4.34,212.656094,48.9991,30.5102,30.2498,4648.062016,1.008608321,0.62,0.935483871,0.006066132297,28.19575911,6.113333333,0.2051540756,Premium
0.46,60.9,57,1560 €,4.98,5.01,3.04,75.847392,24.9498,15.1392,15.2304,3391.304348,0.994011976,0.6086086086,0.9359605911,0.006064809717,20.56761556,4.343333333,0.212205038,Ideal
1.02,62.7,57,4370 €,6.44,6.42,4.03,166.619544,41.3448,25.9532,25.8726,4284.313725,1.003115265,0.6267496112,0.9090909091,0.006121730834,26.22741543,5.63,0.2009592029,Ideal
1.03,60.6,56,4283 €,6.53,6.63,3.99,172.742661,43.2939,26.0547,26.4537,4158.252427,0.9849170437,0.6063829787,0.9240924092,0.005962626684,24.79410688,5.716666667,0.21369447,Ideal
1.7,59.6,59,11924 €,7.73,7.83,4.64,280.840176,60.5259,35.8672,36.3312,7014.117647,0.9872286079,0.5964010283,0.9899328859,0.006053264972,42.45831266,6.733333333,0.2199167928,Ideal
0.34,60.4,60,1033 €,4.56,4.51,2.74,56.349744,20.5656,12.4944,12.3574,3038.235294,1.011086475,0.6041896362,0.9933774834,0.006033745246,18.33193776,3.936666667,0.2150086248,Premium
1.23,59.3,58,5979 €,7,6.94,4.13,200.6354,48.58,28.91,28.6622,4860.97561,1.008645533,0.5925394548,0.9780775717,0.006130523327,29.80032437,6.023333333,0.2223043005,Premium
0.52,61.3,56,1576 €,5.17,5.2,3.18,85.49112,26.884,16.4406,16.536,3030.769231,0.9942307692,0.6133076181,0.9135399674,0.006082503072,18.43466316,4.516666667,0.209279427,Ideal
0.36,61.8,55,781 €,4.54,4.58,2.82,58.636824,20.7932,12.8028,12.9156,2169.444444,0.9912663755,0.6184210526,0.8899676375,0.006139486682,13.31927527,3.98,0.2061322621,Ideal
0.73,61.6,56,3429 €,5.8,5.82,3.58,120.84648,33.756,20.764,20.8356,4697.260274,0.9965635739,0.6161790017,0.9090909091,0.00604072208,28.37484385,5.066666667,0.2074862743,Ideal
1.26,61.7,58,5207 €,6.99,6.91,4.29,207.210861,48.3009,29.9871,29.6439,4132.539683,1.011577424,0.6172661871,0.9400324149,0.00608076234,25.12899167,6.063333333,0.2068765169,Premium
0.38,61.6,58,1200 €,4.63,4.66,2.86,61.706788,21.5758,13.2418,13.3276,3157.894737,0.9935622318,0.6157158235,0.9415584416,0.006158155566,19.44680705,4.05,0.2077891842,Premium
0.95,60.6,57,3558 €,6.4,6.34,3.86,156.62336,40.576,24.704,24.4724,3745.263158,1.009463722,0.6059654631,0.9405940594,0.006065506448,22.71691783,5.533333333,0.2138817225,Ideal
0.51,61.1,56,1438 €,5.11,5.16,3.14,82.794264,26.3676,16.0454,16.2024,2819.607843,0.9903100775,0.611489776,0.9165302782,0.006159847015,17.36835296,4.47,0.2104415028,Ideal
0.31,61.3,56,625 €,4.36,4.38,2.68,51.179424,19.0968,11.6848,11.7384,2016.129032,0.99543379,0.6132723112,0.9135399674,0.006057121706,12.21193892,3.806666667,0.2092947845,Ideal
0.31,62.9,58,698 €,4.33,4.29,2.71,50.340147,18.5757,11.7343,11.6259,2251.612903,1.009324009,0.6287703016,0.9220985692,0.006158106769,13.86567266,3.776666667,0.1997592205,Premium
0.34,61.6,55,844 €,4.51,4.55,2.78,57.04699,20.5205,12.5378,12.649,2482.352941,0.9912087912,0.6136865342,0.8928571429,0.005959998941,14.7948209,3.946666667,0.2090674459,Ideal
0.57,59.8,60,2753 €,5.43,5.38,3.23,1039.007704,29.2134,17.5389,17.3774,4829.824561,1.00929368,0.5975948196,1.003344482,0.006040741175,29.1757201,4.68,0.2191256419,Premium
1.55,61.7,57,9565 €,7.47,7.43,4.59,254.754639,55.5021,34.2873,34.1037,6170.967742,1.00538358,0.6161073826,0.9238249595,0.006084285672,37.54593062,6.496666667,0.2075396339,Ideal
0.3,62,60,709 €,4.29,4.26,2.65,48.42981,18.2754,11.3685,11.289,2363.333333,1.007042254,0.6198830409,0.9677419355,0.006194531839,14.63974358,3.733333333,0.2052134591,Premium
1.22,62.7,55,5773 €,6.82,6.73,4.25,195.06905,45.8986,28.985,28.6025,4731.967213,1.013372957,0.6273062731,0.8771929825,0.00625419563,29.59464866,5.933333333,0.2007073088,Ideal
0.51,61.4,56,1377 €,5.15,5.17,3.17,84.402835,26.6255,16.3255,16.3889,2700,0.996131528,0.6143410853,0.9120521173,0.006042451062,16.31461787,4.496666667,0.2086279901,Ideal
0.7,61,59,3501 €,5.79,5.72,3.51,116.246988,33.1188,20.3229,20.0772,5001.428571,1.012237762,0.6099044309,0.9672131148,0.006021661396,30.11690935,5.006666667,0.2114558422,Premium
0.34,62,56,735 €,4.46,4.48,2.77,55.346816,19.9808,12.3542,12.4096,2161.764706,0.9955357143,0.6196868009,0.9032258065,0.006143081474,13.27989672,3.903333333,0.2053192004,Ideal
1.3,62.2,56,6442 €,6.96,7,4.34,211.4448,48.72,30.2064,30.38,4955.384615,0.9942857143,0.6217765043,0.9003215434,0.006148176735,30.4665804,6.1,0.204035257,Ideal
1.29,61.6,58,5607 €,6.96,6.99,4.3,209.19672,48.6504,29.928,30.057,4346.511628,0.9957081545,0.6164874552,0.9415584416,0.006166444675,26.80252348,6.083333333,0.2072986139,Ideal
0.41,62.9,57,969 €,4.76,4.72,2.98,66.952256,22.4672,14.1848,14.0656,2363.414634,1.008474576,0.6286919831,0.906200318,0.006123766763,14.47299998,4.153333333,0.1997991927,Ideal
1.71,62.1,56,14017 €,7.64,7.7,4.76,280.02128,58.828,36.3664,36.652,8197.076023,0.9922077922,0.6205997392,0.9017713366,0.00610667875,50.05690996,6.7,0.2047769897,Ideal
2,62,57,17871 €,8.1,8.03,5,325.215,65.043,40.5,40.15,8935.5,1.00871731,0.6199628022,0.9193548387,0.006149777839,54.95133988,7.043333333,0.2051780559,Ideal
1.08,61.9,58,8481 €,6.54,6.57,4.06,174.449268,42.9678,26.5524,26.6742,7852.777778,0.99543379,0.6193745233,0.9369951535,0.006190911618,48.61585318,5.723333333,0.2055127626,Ideal
1.23,62.1,56,6199 €,6.85,6.82,4.24,198.08008,46.717,29.044,28.9168,5039.837398,1.004398827,0.6203365033,0.9017713366,0.00620960977,31.29542355,5.97,0.2049172596,Ideal
0.51,62.1,54,1161 €,5.13,5.15,3.19,84.278205,26.4195,16.3647,16.4285,2276.470588,0.9961165049,0.6206225681,0.8695652174,0.006051386595,13.7758036,4.49,0.2047383244,Ideal
0.25,61.7,56,582 €,4.05,4.07,2.51,41.373585,16.4835,10.1655,10.2157,2328,0.9950859951,0.618226601,0.9076175041,0.006042502722,14.06694634,3.543333333,0.2062246356,Ideal
0.35,61.1,55,773 €,4.56,4.58,2.79,58.268592,20.8848,12.7224,12.7782,2208.571429,0.9956331878,0.6105032823,0.9001636661,0.006006666507,13.26615203,3.976666667,0.2110158687,Ideal
0.33,61.1,56,822 €,4.5,4.54,2.76,56.3868,20.43,12.42,12.5304,2490.909091,0.9911894273,0.610619469,0.9165302782,0.005852433548,14.57787993,3.933333333,0.2109744018,Ideal
0.36,61.5,58,648 €,4.61,4.56,2.82,59.280912,21.0216,13.0002,12.8592,1800,1.010964912,0.6150490731,0.9430894309,0.006072781067,10.93100592,3.996666667,0.2082433695,Premium
1,62.7,56,4737 €,6.36,6.39,4,162.5616,40.6404,25.44,25.56,4737,0.9953051643,0.6274509804,0.8931419458,0.006151514257,29.13972303,5.583333333,0.2005348162,Ideal
0.53,61.7,56,1631 €,5.15,5.23,3.2,86.1904,26.9345,16.48,16.736,3077.358491,0.9847036329,0.6165703276,0.9076175041,0.006149176706,18.92322115,4.526666667,0.2073630381,Ideal
0.42,59.5,59,1087 €,4.89,4.83,2.89,68.258043,23.6187,14.1321,13.9587,2588.095238,1.01242236,0.5946502058,0.9915966387,0.006153121032,15.92486324,4.203333333,0.221012663,Premium
0.42,61.9,58,945 €,4.8,4.76,2.96,67.63008,22.848,14.208,14.0896,2250,1.008403361,0.6192468619,0.9369951535,0.006210254372,13.97307234,4.173333333,0.2056178008,Premium
0.42,61.6,56,847 €,4.82,4.83,2.97,69.143382,23.2806,14.3154,14.3451,2016.666667,0.9979296066,0.6155440415,0.9090909091,0.006074334056,12.24990701,4.206666667,0.2078759705,Ideal
0.39,62.3,57,1170 €,4.7,4.64,2.91,63.46128,21.808,13.677,13.5024,3000,1.012931034,0.6231263383,0.9149277689,0.006145479574,18.43643872,4.083333333,0.203273502,Ideal
1.02,62.5,58,3686 €,6.4,6.47,4.02,166.46016,41.408,25.728,26.0094,3613.72549,0.9891808346,0.6247086247,0.928,0.006127592332,22.1434366,5.63,0.2022736303,Premium
1.51,61.9,56,6712 €,7.44,7.29,4.56,247.323456,54.2376,33.9264,33.2424,4445.033113,1.020576132,0.6191446029,0.9046849758,0.006105365113,27.13855009,6.43,0.2058642171,Premium
0.71,61.8,56,3299 €,5.73,5.76,3.55,117.16704,33.0048,20.3415,20.448,4646.478873,0.9947916667,0.6179286336,0.9061488673,0.006059724646,28.15638255,5.013333333,0.2064106522,Ideal
0.57,61,55,1779 €,5.38,5.41,3.29,95.758082,29.1058,17.7002,17.7989,3121.052632,0.9944547135,0.609823911,0.9016393443,0.005952500176,18.57806634,4.693333333,0.2114450486,Ideal
0.7,60.9,62,2176 €,5.72,5.67,3.47,112.540428,32.4324,19.8484,19.6749,3108.571429,1.008818342,0.6093064091,1.018062397,0.006219987008,19.3352739,4.953333333,0.2117914533,Premium
0.3,?,56,508 €,4.31,4.33,2.67,49.828341,18.6623,11.5077,11.5611,1693.333333,0.9953810624,0.6180555556,0.9061488673,0.006020670044,10.19500127,3.77,0.2063289955,Ideal
0.38,61.3,55,568 €,4.67,4.69,2.87,62.859601,21.9023,13.4029,13.4603,1494.736842,0.9957356077,0.6132478632,0.8972267537,0.006045218136,9.036010267,4.076666667,0.2093085646,Ideal
0.57,61.9,57,1851 €,5.29,5.31,3.28,92.134872,28.0899,17.3512,17.4168,3247.368421,0.9962335217,0.6188679245,0.9208400646,0.006186582644,20.09011311,4.626666667,0.2058225079,Ideal
1.01,61.6,58,8823 €,6.44,6.42,3.96,163.725408,41.3448,25.5024,25.4232,8735.643564,1.003115265,0.6158631415,0.9415584416,0.006168865372,53.88900909,5.606666667,0.2076809383,Premium
0.3,61.9,54,814 €,4.35,4.37,2.7,51.32565,19.0095,11.745,11.799,2713.333333,0.995423341,0.619266055,0.8723747981,0.005845030701,15.85951664,3.806666667,0.2055798862,Ideal
1.01,61.2,58,6335 €,6.47,6.33,3.92,,40.9551,25.3624,24.8136,6272.277228,1.022116904,0.6125,0.9477124183,0.006291110539,39.45958937,5.573333333,0.2100142615,Premium
0.4,61.4,58,1050 €,4.75,4.73,2.91,65.380425,22.4675,13.8225,13.7643,2625,1.00422833,0.6139240506,0.9446254072,0.006118039153,16.05985278,4.13,0.2088883564,Premium
0.41,62.3,56,36406.95469 €,4.79,4.77,2.98,68.087934,22.8483,14.2742,14.2146,3014.634146,1.004192872,0.6234309623,0.8988764045,0.006021624918,18.15299609,4.18,0.2030065599,Ideal
0.35,62.1,56,984 €,4.53,4.52,2.81,57.536436,20.4756,12.7293,12.7012,2811.428571,1.002212389,0.6209944751,0.9017713366,0.006083101845,17.10220633,3.953333333,0.2045031351,Ideal
0.71,61.3,57,3856 €,5.7,5.81,3.53,116.90301,33.117,20.121,20.5093,5430.985915,0.9810671256,0.6133796699,0.9298531811,0.00607341077,32.98460835,5.013333333,0.2094087698,Ideal
0.37,61.9,58,746 €,4.54,4.6,2.83,59.10172,20.884,12.8482,13.018,2016.216216,0.9869565217,0.6192560175,0.9369951535,0.006260393099,12.62230609,3.99,0.2056665488,Premium
2.36,61.6,57,17829 €,8.6,8.55,5.28,388.2384,73.53,45.408,45.144,7554.661017,1.005847953,0.6157434402,0.9253246753,0.006078739249,45.92281444,7.476666667,0.2077679913,Ideal
1,62.7,59,6600 €,6.31,6.38,3.98,160.226044,40.2578,25.1138,25.3924,6600,0.9890282132,0.6272655634,0.9409888357,0.006241182613,41.19180525,5.556666667,0.20070268,Premium
1.2,62.5,57,5107 €,6.77,6.71,4.21,191.246407,45.4267,28.5017,28.2491,4255.833333,1.008941878,0.6246290801,0.912,0.006274627685,26.70376966,5.896666667,0.2023015745,Ideal
1.2,62.7,55,7761 €,6.71,6.79,4.23,192.722607,45.5609,28.3833,28.7217,6467.5,0.9882179676,0.6266666667,0.8771929825,0.006226565833,40.27031453,5.91,0.2010809246,Ideal
1,59.8,57,4200 €,6.5,6.44,3.87,161.9982,41.86,25.155,24.9228,4200,1.00931677,0.5981452859,0.9531772575,0.006172908094,25.92621399,5.603333333,0.2187798627,Ideal
0.71,62,57,3153 €,5.69,5.73,3.54,115.417098,32.6037,20.1426,20.2842,4440.84507,0.9930191972,0.6199649737,0.9193548387,0.006151601559,27.31830946,4.986666667,0.2051627294,Ideal
0.32,61.7,57,758 €,4.39,4.42,2.72,52.778336,19.4038,11.9408,12.0224,2368.75,0.9932126697,0.6174801362,0.9238249595,0.006063093766,14.36195336,3.843333333,0.2066984474,Ideal
0.7,61.7,55,3154 €,5.72,-11.851,3.54,116.633088,32.9472,20.2488,20.3904,4505.714286,0.9930555556,0.6167247387,0.8914100486,0.0060017274,27.04206889,5.006666667,0.2071674772,Ideal
0.39,59.9,59,1095 €,4.73,4.75,2.84,63.8077,22.4675,13.4332,13.49,2807.692308,0.9957894737,0.5991561181,0.9849749583,0.006112114996,17.16093826,4.106666667,0.2181101798,Premium
1,59.4,62,4172 €,6.5,6.47,3.85,161.91175,42.055,25.025,24.9095,4172,1.004636785,0.5936777178,1.043771044,0.006176204012,25.76712314,5.606666667,0.2215596831,Premium
1.2,62,59,4704 €,6.77,6.72,4.18,190.166592,45.4944,28.2986,28.0896,3920,1.007440476,0.6197183099,0.9516129032,0.006310256641,24.73620603,5.89,0.2053183159,Premium
0.41,62.9,55,876 €,4.82,4.75,3.01,68.91395,22.895,14.5082,14.2975,2136.585366,1.014736842,0.6290491118,0.8744038156,0.005949448551,12.71150471,4.193333333,0.1996576038,Ideal
1,58.3,61,4626 €,6.59,6.54,3.83,165.067638,43.0986,25.2397,25.0482,4626,1.00764526,0.5833968012,1.046312178,0.006058122671,28.02487548,5.653333333,0.2280871949,Premium
0.3,62.4,58,752 €,4.26,4.3,2.67,48.90906,18.318,11.3742,11.481,2506.666667,0.9906976744,0.6238317757,0.9294871795,0.006133832873,15.3754744,3.743333333,0.2027970446,Premium
1.32,62.2,58,5027 €,7.05,6.97,4.36,214.24386,49.1385,30.738,30.3892,3808.333333,1.011477762,0.6219686163,0.9324758842,0.006161203406,23.46391631,6.126666667,0.2039687986,Premium
1.12,58.8,61,5547 €,6.8,6.74,3.98,182.41136,45.832,27.064,26.8252,4952.678571,1.008902077,0.58788774,1.037414966,0.006139968476,30.4092903,5.84,0.2252477213,Premium
1.21,60.6,55,5556 €,6.92,6.87,4.18,198.718872,47.5404,28.9256,28.7166,4591.735537,1.00727802,0.6062364032,0.9075907591,0.006089003967,27.9590959,5.99,0.21369383,Ideal
1.06,60.8,58,5485 €,6.59,6.54,3.99,171.963414,43.0986,26.2941,26.0946,5174.528302,1.00764526,0.6077684692,0.9539473684,0.006164101859,31.89631953,5.706666667,0.2127403487,Premium
0.81,61.9,57,2977 €,5.98,6.01,3.71,133.336658,35.9398,22.1858,22.2971,3675.308642,0.9950083195,0.6188490409,0.9208400646,0.006074848524,22.32694328,5.233333333,0.2058399278,Ideal
0.31,61.7,58,734 €,4.3,4.36,2.67,50.05716,18.748,11.481,11.6412,2367.741935,0.9862385321,0.6166281755,0.9400324149,0.006192920254,14.66323699,3.776666667,0.2073031196,Premium
0.4,61.6,56,38555.00592 €,4.74,4.77,2.93,66.246714,22.6098,13.8882,13.9761,2862.5,0.9937106918,0.6161934805,0.9090909091,0.006038035336,17.28387615,4.146666667,0.2074920636,Ideal
0.34,61.9,55,1276 €,4.49,4.52,2.79,56.622492,20.2948,12.5271,12.6108,3752.941176,0.9933628319,0.6193118757,0.8885298869,0.006004680967,22.53521445,3.933333333,0.205563945,Ideal
0.74,61.7,56,3170 €,5.83,5.78,3.58,120.636692,33.6974,20.8714,20.6924,4283.783784,1.008650519,0.616709733,0.9076175041,0.006134120455,26.27724573,5.063333333,0.2071903223,Ideal
0.33,62.6,57,1002 €,4.42,4.4,2.76,53.67648,19.448,12.1992,12.144,3036.363636,1.004545455,0.6258503401,0.910543131,0.006147944127,18.66739399,3.86,0.2015182158,Ideal
2.1,59.2,60,13753 €,8.38,8.35,4.95,346.36635,69.973,41.481,41.3325,6549.047619,1.003592814,0.5917513449,1.013513514,0.006062944625,39.70651306,7.226666667,0.2227711752,Premium
1.57,62.1,54,9683 €,7.46,7.49,4.64,1039.007704,55.8754,34.6144,34.7536,6167.515924,0.9959946595,0.620735786,0.8695652174,0.006055653632,37.3483402,6.53,0.2046689027,Ideal
1.07,62.4,61,4949 €,6.51,6.48,4.05,170.84844,42.1848,26.3655,26.244,4625.233645,1.00462963,0.623556582,0.9775641026,0.006262860814,28.96719455,5.68,0.2029311836,Premium
1.71,62.6,57,8540 €,7.62,7.58,4.76,274.935696,57.7596,36.2712,36.0808,4994.152047,1.005277045,0.6263157895,0.910543131,0.006219636173,31.06180872,6.653333333,0.2012357356,Premium
0.63,62.1,54,1641 €,5.51,5.54,3.43,104.702122,30.5254,18.8993,19.0022,2604.761905,0.9945848375,0.6208144796,0.8695652174,0.006017070027,15.67303478,4.826666667,0.2046274331,Ideal
0.7,60.5,58,2264 €,5.77,5.84,3.51,118.275768,33.6968,20.2527,20.4984,3234.285714,0.9880136986,0.6046511628,0.958677686,0.005918372054,19.14170619,5.04,0.2147322899,Premium
0.51,60.2,58,1109 €,5.24,5.2,3.14,85.55872,27.248,16.4536,16.328,2174.509804,1.007692308,0.601532567,0.9634551495,0.005960818488,12.96185824,4.526666667,0.2166400683,Premium
1.51,58.3,59,12644 €,7.52,7.47,4.37,245.482128,56.1744,32.8624,32.6439,8373.509934,1.00669344,0.5830553702,1.012006861,0.006151160625,51.5068046,6.453333333,0.2282976047,Premium
1.09,61.4,57,6419 €,6.61,6.65,4.07,178.902955,43.9565,26.9027,27.0655,5888.990826,0.9939849624,0.6138763198,0.9283387622,0.006092688631,35.87978745,5.776666667,0.2089277646,Ideal
0.4,61.9,61,765 €,4.74,4.69,2.92,64.913352,22.2306,13.8408,13.6948,1912.5,1.010660981,0.619300106,0.98546042,0.006162060465,11.78494064,4.116666667,0.2056074379,Premium
0.34,60,58,589 €,4.55,4.51,2.72,55.81576,20.5205,12.376,12.2672,1732.352941,1.00886918,0.6004415011,0.9666666667,0.006091469506,10.55257511,3.926666667,0.2173340666,Premium
1.41,62.3,55,6889 €,7.18,7.21,4.48,231.919744,51.7678,32.1664,32.3008,4885.815603,0.9958391123,0.6226546213,0.8828250401,0.00607968936,29.70424114,6.29,0.2034851944,Ideal
1,59.7,62,3640 €,6.52,6.46,3.87,163.001304,42.1192,25.2324,25.0002,3640,1.009287926,0.5963020031,1.038525963,0.006134920246,22.33110969,5.616666667,0.2199387632,Premium
0.51,61.2,56,2203 €,5.19,5.17,3.17,85.058391,26.8323,16.4523,16.3889,4319.607843,1.003868472,0.611969112,0.9150326797,0.005995881112,25.89985508,4.51,0.210101611,Ideal
0.89,60.2,59,2815 €,6.26,6.23,3.76,146.639248,38.9998,23.5376,23.4248,3162.921348,1.004815409,0.6020816653,0.9800664452,0.006069316449,19.19677057,5.416666667,0.2162777088,Premium
0.71,61.3,59,2630 €,5.7,5.76,3.51,115.24032,32.832,20.007,20.2176,3704.225352,0.9895833333,0.612565445,0.9624796085,0.006161038081,22.82187346,4.99,0.2097804933,Premium
0.3,62.4,57,844 €,4.29,4.24,2.66,48.384336,18.1896,11.4114,11.2784,2813.333333,1.011792453,0.6236811254,0.9134615385,0.006200353767,17.44366193,3.73,0.2029167718,Ideal
1.12,58.6,58,4422 €,6.85,6.81,4,186.594,46.6485,27.4,27.24,3948.214286,1.005873715,0.5856515373,0.9897610922,0.006002336624,23.69851121,5.886666667,0.2266434996,Premium
0.91,62,58,5259 €,6.15,6.2,3.83,146.0379,38.13,23.5545,23.746,5779.120879,0.9919354839,0.620242915,0.935483871,0.006231259146,36.01119983,5.393333333,0.2049997614,Premium
0.8,62.4,57,2122 €,5.91,5.83,3.66,126.106398,34.4553,21.6306,21.3378,2652.5,1.013722127,0.6235093697,0.9134615385,0.006343849422,16.82706059,5.133333333,0.203048532,Ideal
0.54,58.2,60,1667 €,5.39,5.34,3.12,89.801712,28.7826,16.8168,16.6608,3087.037037,1.009363296,0.5815470643,1.030927835,0.006013248389,18.56312049,4.616666667,0.2292779755,Premium
1.5,62.7,58,14234 €,7.3,7.25,4.56,241.338,52.925,33.288,33.06,9489.333333,1.006896552,0.6268041237,0.9250398724,0.006215349427,58.9795225,6.37,0.2009460034,Premium
1.59,61.4,55,10284 €,7.56,7.51,4.63,262.871028,56.7756,35.0028,34.7713,6467.924528,1.00665779,0.6144658261,0.8957654723,0.006048593533,39.12184647,6.566666667,0.2085658258,Ideal
0.55,60.6,56,,5.3,5.36,3.23,91.75784,28.408,17.119,17.3128,4043.636364,0.9888059701,0.6060037523,0.9240924092,0.005994038221,24.23771091,4.63,0.2138774283,Ideal
0.74,60.6,60,2655 €,5.88,5.84,3.55,121.90416,34.3392,20.874,20.732,3587.837838,1.006849315,0.6058020478,0.9900990099,0.006070342472,21.77940441,5.09,0.2139620587,Premium
1.22,61.3,58,5602 €,6.94,6.9,4.24,203.03664,47.886,29.4256,29.256,4591.803279,1.005797101,0.612716763,0.9461663948,0.006008767679,27.59107913,6.026666667,0.2096465127,Premium
1.53,58.4,59,10830 €,7.58,7.52,4.41,251.377056,57.0016,33.4278,33.1632,7078.431373,1.007978723,0.5841059603,1.010273973,0.006086474336,43.08269089,6.503333333,0.2276390859,Premium
0.35,62.3,58,522 €,4.48,4.54,2.81,57.153152,20.3392,12.5888,12.7574,1491.428571,0.986784141,0.623059867,0.9309791332,0.006123896719,9.133354535,3.943333333,0.2033208661,Premium
1.17,62.2,56,4488 €,6.72,6.79,4.2,191.64096,45.6288,28.224,28.518,3835.897436,0.9896907216,0.621761658,0.9003215434,0.006105166662,23.41879314,5.903333333,0.2040842789,Ideal
0.31,61.8,55,493 €,4.38,4.42,2.72,52.658112,19.3596,11.9136,12.0224,1590.322581,0.9909502262,0.6181818182,0.8899676375,0.005887032182,9.362280212,3.84,0.2062833166,Ideal
0.39,61.9,54,1101 €,4.67,4.73,2.91,64.279281,22.0891,13.5897,13.7643,2823.076923,0.9873150106,0.6191489362,0.8723747981,0.006067273839,17.12838076,4.103333333,0.2057277529,Ideal
1.05,62.5,55,5927 €,6.59,6.54,4.1,176.70426,43.0986,27.019,26.814,5644.761905,1.00764526,0.6245239909,0.88,0.005942131786,33.54191914,5.743333333,0.2023548607,Premium
0.59,61.9,56,1844 €,5.39,5.44,3.35,98.22736,29.3216,18.0565,18.224,3125.423729,0.9908088235,0.6186518929,0.9046849758,0.006006473146,18.7727737,4.726666667,0.2059938633,Ideal
1.52,60.7,60,6544 €,7.55,7.32,4.5,248.697,55.266,33.975,32.94,4305.263158,1.031420765,0.6052454607,0.9884678748,0.006111854988,26.31314411,6.456666667,0.2147787514,Premium
0.55,61.2,55,1320 €,5.28,5.33,3.25,91.4628,28.1424,17.16,17.3225,2400,0.990619137,0.6126295947,0.8986928105,0.006013373743,14.43209698,4.62,0.2097297236,Ideal
0.32,62.7,57,756 €,4.37,4.34,2.73,51.776634,18.9658,11.9301,11.8482,2362.5,1.006912442,0.6268656716,0.9090909091,0.006180394036,14.60118091,3.813333333,0.2009082816,Ideal
0.31,62.2,58,802 €,4.38,4.34,2.71,51.514932,19.0092,11.8698,11.7614,2587.096774,1.00921659,0.621559633,0.9324758842,0.006017672701,15.56830163,3.81,0.2041965512,Premium
1.11,60.4,59,3605 €,6.7,6.64,4.03,179.28664,44.488,27.001,26.7592,3247.747748,1.009036145,0.604197901,0.9768211921,0.006191203092,20.1074659,5.79,0.2149825511,Premium
0.97,61,61,4915 €,6.32,6.28,3.84,152.408064,39.6896,24.2688,24.1152,5067.010309,1.006369427,0.6095238095,1,0.006364492629,32.24894977,5.48,0.2116368781,Premium
1.2,62.2,58,,6.79,6.74,4.21,192.668966,45.7646,28.5859,28.3754,4480,1.007418398,0.6223207687,0.9324758842,0.006228299372,27.90278119,5.913333333,0.2037110783,Premium
-2.074,62.2,57,17688 €,8.04,8.09,5.02,326.518872,65.0436,40.3608,40.6118,8800,0.9938195303,0.6224426534,0.9163987138,0.00615584633,54.17144771,7.05,0.2036272192,Ideal
1.13,61.9,56,6670 €,6.69,6.63,4.13,183.184911,44.3547,27.6297,27.3819,5902.654867,1.009049774,0.6201201201,0.9046849758,0.006168630341,36.41129591,5.816666667,0.2050839457,Ideal
1,62.3,58,6290 €,6.39,6.3,3.95,159.01515,40.257,25.2405,24.885,6290,1.014285714,0.622537431,0.9309791332,0.006288708969,39.55597941,5.546666667,0.203655926,Premium
1.5,61.6,58,38562.61061 €,7.33,7.38,4.53,245.052162,54.0954,33.2049,33.4314,5010,0.9932249322,0.6159075459,0.9415584416,0.00612114575,30.66694021,6.413333333,0.2076726926,Ideal
0.75,62,60,2273 €,5.8,5.75,3.57,119.0595,33.35,20.706,20.5275,3030.666667,1.008695652,0.6181818182,0.9677419355,0.006299371323,19.09129469,5.04,0.2062792413,Premium
2.07,59.4,61,15392 €,8.35,8.31,4.95,343.473075,69.3885,41.3325,41.1345,7435.748792,1.004813478,0.5942376951,1.026936027,0.00602667327,44.81282849,7.203333333,0.2212074446,Premium
0.59,62,58,1883 €,5.36,5.38,3.33,96.026544,28.8368,17.8488,17.9154,3191.525424,0.9962825279,0.6201117318,0.935483871,0.00614413448,19.6091614,4.69,0.2050532801,Premium
,62.6,57,4455 €,6.16,6.11,3.84,144.528384,37.6376,23.6544,23.4624,4950,1.008183306,0.6259168704,0.910543131,0.006227150509,30.82439502,5.37,0.2015020345,Premium
0.4,62.4,57,1088 €,4.69,4.73,2.94,65.220078,22.1837,13.7886,13.9062,2720,0.9915433404,0.6242038217,0.9134615385,0.006133080675,16.68197944,4.12,0.2025596565,Ideal
1.6,62.5,58,12084 €,7.47,7.37,4.64,255.450096,55.0539,34.6608,34.1968,7552.5,1.013568521,0.6253369272,0.928,0.006263454291,47.30473853,6.493333333,0.2019209909,Premium
0.32,62.7,54,648 €,4.41,4.39,2.76,53.433324,19.3599,12.1716,12.1164,2025,1.004555809,0.6272727273,0.8612440191,0.0059887721,12.1272635,3.853333333,0.2006435629,Premium
1.73,62.4,60,9494 €,7.6,7.55,4.73,271.4074,57.38,35.948,35.7115,5487.861272,1.006622517,0.6244224422,0.9615384615,0.006374181397,34.98062323,6.626666667,0.2024096367,Premium
,61.9,55,802 €,4.35,4.31,2.68,50.24598,18.7485,11.658,11.5508,2587.096774,1.009280742,0.6189376443,0.8885298869,0.006169647801,15.96147592,3.78,0.2058171588,Ideal
0.53,59.9,57,1132 €,5.25,5.3,3.16,87.927,27.825,16.59,16.748,2135.849057,0.9905660377,0.5990521327,0.9515859766,0.006027727547,12.87431619,4.57,0.2182121434,Ideal
1,59.7,59,7164 €,6.57,6.5,3.9,166.5495,42.705,25.623,25.35,7164,1.010769231,0.596786534,0.9882747069,0.006004220967,43.01423901,5.656666667,0.2196487212,Premium
1.1,61.4,57,6470 €,6.65,6.64,4.08,180.15648,44.156,27.132,27.0912,5881.818182,1.001506024,0.6139954853,0.9283387622,0.006105803133,35.91322388,5.79,0.2088358355,Ideal
1.07,60.1,60,6022 €,6.76,6.6,3.99,178.01784,44.616,26.9724,26.334,5628.037383,1.024242424,0.5973053892,0.9983361065,0.006010633541,33.82807027,5.783333333,0.2195549364,Premium
0.6,61.3,59,2350 €,5.45,5.41,3.33,98.183385,29.4845,18.1485,18.0153,3916.666667,1.007393715,0.6132596685,0.9624796085,0.00611101359,23.93480323,4.73,0.2093201208,Premium
0.3,62.3,58,608 €,4.33,4.31,2.69,50.201587,18.6623,11.6477,11.5939,2026.666667,1.004640371,0.6226851852,0.9309791332,0.005975906698,12.11117091,3.776666667,0.2034685124,Premium
0.3,61.8,60,673 €,4.3,4.27,2.65,48.65665,18.361,11.395,11.3155,2243.333333,1.007025761,0.6184364061,0.9708737864,0.006165652588,13.83161397,3.74,0.2061079395,Premium
1.2,62.4,57,5510 €,6.83,6.75,4.24,195.4746,46.1025,28.9592,28.62,4591.666667,1.011851852,0.6244477172,0.9134615385,0.006138905004,28.18780547,5.94,0.2024453066,Premium
0.9,63,60,4158 €,6.13,6.09,3.85,143.727045,37.3317,23.6005,23.4465,4620,1.006568144,0.6301145663,0.9523809524,0.006261869504,28.92983711,5.356666667,0.1989108951,Premium
0.5,61.7,57,2192 €,5.11,5.13,3.16,1039.007704,26.2143,16.1476,16.2108,4384,0.9961013645,0.6171875,0.9238249595,0.00603593642,26.46154527,4.466666667,0.2068631948,Ideal
0.3,61.9,57,450 €,4.3,4.32,2.67,49.59792,18.576,11.481,11.5344,1500,0.9953703704,0.6194895592,0.9208400646,0.006048640749,9.072961124,3.763333333,0.2054419475,Ideal
,62.7,58,432 €,4.34,4.37,2.73,51.776634,18.9658,11.8482,11.9301,1350,0.9931350114,0.6268656716,0.9250398724,0.006180394036,8.343531949,3.813333333,0.2009082816,Premium
0.4,61.2,56,820 €,4.77,4.81,2.93,67.225041,22.9437,13.9761,14.0933,2050,0.9916839917,0.611691023,0.9150326797,0.005950163719,12.19783562,4.17,0.2103032282,Ideal
2.63,62.3,61,10628 €,8.81,8.76,5.47,422.150532,77.1756,48.1907,47.9172,4041.064639,1.005707763,0.6226522482,0.9791332263,0.006230005177,25.17585362,7.68,0.2034947001,Premium
0.42,61.8,57,958 €,4.77,4.81,2.96,67.913352,22.9437,14.1192,14.2376,2280.952381,0.9916839917,0.617954071,0.9223300971,0.006184350906,14.10620992,4.18,0.2064174206,Ideal
-0.408,62.1,57,15430 €,8.64,8.57,5.34,395.399232,74.0448,46.1376,45.7638,6246.963563,1.008168028,0.6205694364,0.9178743961,0.006246850778,39.02384919,7.516666667,0.2047983642,Ideal
0.74,61.9,55,3130 €,5.8,5.83,3.6,121.7304,33.814,20.88,20.988,4229.72973,0.9948542024,0.6190885641,0.8885298869,0.00607900738,25.71255824,5.076666667,0.2056926144,Ideal
1.51,62.9,57,9513 €,7.29,7.23,4.57,240.869619,52.7067,33.3153,33.0411,6300,1.008298755,0.629476584,0.906200318,0.006268951669,39.49439551,6.363333333,0.1993160897,Ideal
0.25,60.7,60,740 €,4.11,4.09,2.49,41.856651,16.8099,10.2339,10.1841,2960,1.004889976,0.6073170732,0.9884678748,0.005972766431,17.67938864,3.563333333,0.2130042648,Premium
1.09,62.3,62,35218.70957 €,6.63,6.57,4.11,179.027901,43.5591,27.2493,27.0027,2484.40367,1.00913242,0.6227272727,0.9951845907,0.006088436461,15.12613389,5.77,0.203475357,Premium
1.53,61.1,58,9596 €,7.45,7.41,4.54,250.62843,55.2045,33.823,33.6414,6271.895425,1.005398111,0.6110363392,0.9492635025,0.006104654608,38.2877553,6.466666667,0.2106892161,Premium
1.52,62.8,57,12232 €,7.38,7.27,4.6,246.80196,53.6526,33.948,33.442,8047.368421,1.015130674,0.6279863481,0.9076433121,0.006158784152,49.5620051,6.416666667,0.200316161,Premium
1.02,60.2,60,3713 €,6.45,6.39,3.87,159.503985,41.2155,24.9615,24.7293,3640.196078,1.009389671,0.6028037383,0.9966777409,0.006394824556,23.27841527,5.57,0.2158583607,Premium
0.29,61.8,56,435 €,4.23,4.26,2.62,47.211876,18.0198,11.0826,11.1612,1500,0.9929577465,0.617196702,0.9061488673,0.006142522276,9.213783413,3.703333333,0.2068758543,Ideal
0.73,61,58,2519 €,5.84,5.76,3.54,119.079936,33.6384,20.6736,20.3904,3450.684932,1.013888889,0.6103448276,0.9508196721,0.006130335844,21.15385752,5.046666667,0.2112037066,Premium
0.29,61.7,56,511 €,4.29,4.33,2.66,49.411362,18.5757,11.4114,11.5178,1762.068966,0.9907621247,0.6171693735,0.9076175041,0.005869095452,10.34175095,3.76,0.2069119309,Ideal
0.31,62,57,628 €,4.38,4.33,2.7,51.20658,18.9654,11.826,11.691,2025.806452,1.011547344,0.6199770379,0.9193548387,0.006053909478,12.26404888,3.803333333,0.2051993349,Ideal
0.34,61.4,59,995 €,4.52,4.47,2.76,55.764144,20.2044,12.4752,12.3372,2926.470588,1.011185682,0.6140155729,0.9609120521,0.006097107848,17.84300679,3.916666667,0.208887198,Premium
0.51,60.2,56,1632 €,5.18,5.24,3.14,85.229648,27.1432,16.2652,16.4536,3200,0.9885496183,0.6026871401,0.9302325581,0.005983833231,19.14826634,4.52,0.2159545901,Ideal
1.2,62.3,57,5736 €,6.74,6.8,4.22,193.41104,45.832,28.4428,28.696,4780,0.9911764706,0.623338257,0.9149277689,0.00620440281,29.65704543,5.92,0.2030964644,Ideal
0.31,62.1,54,828 €,4.35,4.38,2.71,51.63363,19.053,11.7885,11.8698,2670.967742,0.9931506849,0.6208476518,0.8695652174,0.006003838971,16.03606022,3.813333333,0.2046164183,Ideal
2.01,60.9,56,16319 €,8.14,8.18,4.97,330.928444,66.5852,40.4558,40.6546,8118.905473,0.9951100244,0.6090686275,0.9195402299,0.006073820599,49.3127753,7.096666667,0.2119120363,Ideal
1.28,62.2,59,9032 €,6.94,6.89,4.3,205.61138,47.8166,29.842,29.627,7056.25,1.007256894,0.6218365871,0.9485530547,0.00622533636,43.92752969,6.043333333,0.2040085736,Premium
0.37,59.8,59,957 €,4.66,4.63,2.78,59.980724,21.5758,12.9548,12.8714,2586.486486,1.006479482,0.5984930032,0.9866220736,0.006168648448,15.95512585,4.023333333,0.2185388736,Premium
0.72,59.9,58,2742 €,5.85,5.81,3.49,118.619865,33.9885,20.4165,20.2769,3808.333333,1.006884682,0.5986277873,0.9682804674,0.006069809639,23.11585838,5.05,0.2184569198,Premium
1.01,61.1,59,6097 €,6.44,6.35,3.91,159.89554,40.894,25.1804,24.8285,6036.633663,1.014173228,0.6114151681,0.9656301146,0.006316623966,38.13114487,5.566666667,0.2105418514,Premium
0.53,60.5,57,2456 €,5.24,5.28,3.18,87.981696,27.6672,16.6632,16.7904,4633.962264,0.9924242424,0.6045627376,0.9421487603,0.006023980261,27.91489721,4.566666667,0.2147424911,Ideal
0.54,232.92,54,1133 €,5.23,5.25,3.24,,27.4575,16.9452,17.01,2098.148148,0.9961904762,0.6183206107,0.8737864078,0.00606998695,12.73573188,4.573333333,0.2061613111,Ideal
0.33,62.5,55,579 €,4.42,-10.711,2.77,54.48313,19.669,12.2434,12.3265,1754.545455,0.993258427,0.6245772266,0.88,0.006056920739,10.62714275,3.88,0.2023154836,Ideal
0.31,59.5,60,1046 €,4.41,4.39,2.62,50.722938,19.3599,11.5542,11.5018,3374.193548,1.004555809,0.5954545455,1.008403361,0.00611163336,20.62183385,3.806666667,0.2204395196,Premium
0.79,62.2,55,3861 €,5.97,5.9,3.69,129.97287,35.223,22.0293,21.771,4887.341772,1.011864407,0.6217354676,0.884244373,0.006078191549,29.70619946,5.186666667,0.2041174004,Ideal
1.06,61.4,56,9645 €,6.56,6.62,4.04,175.445888,43.4272,26.5024,26.7448,9099.056604,0.9909365559,0.6130500759,0.9120521173,0.006041748895,54.97421518,5.74,0.2094653431,Ideal
1.23,59.3,59,6199 €,7.13,6.97,4.18,207.729698,49.6961,29.8034,29.1346,5039.837398,1.022955524,0.5929078014,0.9949409781,0.005921156252,29.84166472,6.093333333,0.2222932517,Premium
0.9,62.8,54,7286 €,6.11,6.21,3.87,146.839797,37.9431,23.6457,24.0327,8095.555556,0.9838969404,0.6282467532,0.8598726115,0.006129128604,49.61870112,5.396666667,0.2001769044,Ideal
1,61,57,4032 €,6.51,6.4,3.94,164.15616,41.664,25.6494,25.216,4032,1.0171875,0.6103795507,0.9344262295,0.006091760431,24.56197806,5.616666667,0.2112342839,Premium
0.44,62.3,55,1294 €,4.88,4.84,3.03,71.566176,23.6192,14.7864,14.6652,2940.909091,1.008264463,0.6234567901,0.8828250401,0.006148155799,18.08116728,4.25,0.2030176043,Ideal
0.7,60.8,56,3205 €,5.75,5.79,3.51,116.856675,33.2925,20.1825,20.3229,4578.571429,0.9930915371,0.6083188908,0.9210526316,0.005990244032,27.42676017,5.016666667,0.2123918993,Ideal
0.9,58.1,60,3312 €,6.26,6.24,3.63,141.796512,39.0624,22.7238,22.6512,3680,1.003205128,0.5808,1.032702238,0.006347123687,23.35741517,5.376666667,0.229716088,Premium
0.93,62.2,58,5879 €,6.25,6.22,3.88,150.835,38.875,24.25,24.1336,6321.505376,1.004823151,0.6222935044,0.9324758842,0.006165677727,38.9763649,5.45,0.2037110463,Ideal
0.7,63,61,2415 €,5.64,5.51,3.51,109.078164,31.0764,19.7964,19.3401,3450,1.023593466,0.6295964126,0.9682539683,0.006417416413,22.14008663,4.886666667,0.199501229,Premium
2.33,61.1,58,11638 €,8.6,8.56,5.24,385.74784,73.616,45.064,44.8544,4994.849785,1.004672897,0.6107226107,0.9492635025,0.006040215287,30.16996803,7.466666667,0.2108806849,Premium
0.9,62.4,58,40816.5 €,6.15,6.22,3.86,147.65658,38.253,23.739,24.0092,5334.444444,0.9887459807,0.6240905416,0.9294871795,0.006095224473,32.51463633,5.41,0.2026595211,Premium
0.54,61.1,59,1847 €,5.26,5.22,3.2,87.86304,27.4572,16.832,16.704,3420.37037,1.007662835,0.6106870229,0.9656301146,0.006145928937,21.02135323,4.56,0.2109218993,Premium
2.22,60.5,59,14662 €,8.41,8.37,5.08,357.589836,70.3917,42.7228,42.5196,6604.504505,1.004778973,0.6054827175,0.9752066116,0.006208230147,41.00228397,7.286666667,0.2141492789,Premium
1.01,61.8,57,6504 €,6.43,6.41,3.97,163.628711,41.2163,25.5271,25.4477,6439.60396,1.003120125,0.6183800623,0.9223300971,0.006172510887,39.74852555,5.603333333,0.20612194,Ideal
1.09,61.3,57,5267 €,6.64,6.67,4.08,180.698304,44.2888,27.0912,27.2136,4832.110092,0.9955022489,0.6130728775,0.9298531811,0.006032154015,29.14803229,5.796666667,0.2094183598,Ideal
0.81,63,60,2832 €,5.87,5.81,3.68,125.505296,34.1047,21.6016,21.3808,3496.296296,1.010327022,0.6301369863,0.9523809524,0.006453910917,22.56478484,5.12,0.1989313184,Premium
0.3,60.9,55,550 €,4.34,4.38,2.66,50.564472,19.0092,11.5444,11.6508,1833.333333,0.9908675799,0.6100917431,0.9031198686,0.005933019532,10.87720248,3.793333333,0.2113059876,Ideal
0.54,62.2,54,1239 €,5.23,5.25,3.26,89.51145,27.4575,17.0498,17.115,2294.444444,0.9961904762,0.6221374046,0.8681672026,0.006032747766,13.8418046,4.58,0.2038027648,Ideal
0.75,61.9,57,2829 €,5.88,5.82,3.62,123.882192,34.2216,21.2856,21.0684,3772,1.010309278,0.6188034188,0.9208400646,0.006054138919,22.836212,5.106666667,0.2059107223,Premium
0.3,60.2,56,574 €,4.4,4.37,2.64,50.76192,19.228,11.616,11.5368,1913.333333,1.006864989,0.6020524515,0.9302325581,0.005909941941,11.30768891,3.803333333,0.216308166,Ideal
1.1,62,57,11132 €,6.57,6.62,4.09,177.888006,43.4934,26.8713,27.0758,10120,0.9924471299,0.620166793,0.9193548387,0.006183665918,62.57869909,5.76,0.2050424888,Ideal
0.5,62.2,54,1883 €,5.1,5.13,3.18,83.19834,26.163,16.218,16.3134,3766,0.9941520468,0.6217008798,0.8681672026,0.00600973529,22.6326631,4.47,0.2040827664,Ideal
0.3,62.5,54,495 €,4.27,4.31,2.68,49.321916,18.4037,11.4436,11.5508,1650,0.9907192575,0.6247086247,0.864,0.006082488766,10.03610646,3.753333333,0.2022567327,Ideal
0.53,62.5,54,1818 €,5.19,5.21,3.25,87.879675,27.0399,16.8675,16.9325,3430.188679,0.9961612284,0.625,0.864,0.006030973601,20.68737737,4.55,0.2020384784,Ideal
1.01,60.6,61,4320 €,6.39,6.35,3.86,156.62529,40.5765,24.6654,24.511,4277.227723,1.006299213,0.6059654631,1.00660066,0.006448511604,27.5817526,5.533333333,0.2138562701,Premium
0.33,59.4,61,743 €,4.53,4.49,2.68,54.510396,20.3397,12.1404,12.0332,2251.515152,1.008908686,0.5942350333,1.026936027,0.006053891078,13.63042749,3.9,0.2212371328,Premium
1.04,61.8,55,4368 €,6.54,6.5,4.03,171.3153,42.51,26.3562,26.195,4200,1.006153846,0.6180981595,0.8899676375,0.006070677867,25.49684704,5.69,0.2063112202,Ideal
0.45,61.9,54,717 €,4.92,4.94,3.05,74.12964,24.3048,15.006,15.067,1593.333333,0.995951417,0.6186612576,0.8723747981,0.006070446315,9.672244463,4.303333333,0.2059515361,Ideal
1.76,62.6,55,9659 €,7.69,7.64,4.8,282.00768,58.7516,36.912,36.672,5488.068182,1.006544503,0.626223092,0.8785942492,0.006240964785,34.25084026,6.71,0.2013007748,Ideal
0.56,61.2,56,2066 €,5.35,5.3,3.26,92.4373,28.355,17.441,17.278,3689.285714,1.009433962,0.6122065728,0.9150326797,0.006058160504,22.350285,4.636666667,0.2099923064,Ideal
0.39,62,57,1095 €,4.67,4.71,2.91,64.007487,21.9957,13.5897,13.7061,2807.692308,0.991507431,0.6204690832,0.9193548387,0.00609303721,17.1073737,4.096666667,0.2048638566,Ideal
0.31,61.7,56,1046 €,4.36,4.33,2.68,50.595184,18.8788,11.6848,11.6044,3374.193548,1.006928406,0.6168009206,0.9076175041,0.006127065374,20.67390446,3.79,0.207119809,Ideal
0.71,61.2,55,2365 €,5.77,5.79,3.54,118.265382,33.4083,20.4258,20.4966,3330.985915,0.9965457686,0.6124567474,0.8986928105,0.006003447399,19.99739873,5.033333333,0.2097968927,Ideal
0.37,61.4,55,1087 €,4.62,4.66,2.85,61.35822,21.5292,13.167,13.281,2937.837838,0.991416309,0.6142241379,0.8957654723,0.006030161892,17.71563777,4.043333333,0.2087317618,Ideal
0.36,62.1,56,810 €,4.59,4.56,2.84,59.442336,20.9304,13.0356,12.9504,2250,1.006578947,0.6207650273,0.9017713366,0.006056289578,13.62665155,3.996666667,0.2046651889,Ideal
0.71,58.7,61,2968 €,5.88,5.85,3.44,118.32912,34.398,20.2272,20.124,4180.28169,1.005128205,0.5865302643,1.039182283,0.006000213641,25.08258322,5.056666667,0.2260820505,Premium
1.05,61,57,4494 €,6.55,6.62,4.02,174.31122,43.361,26.331,26.6124,4280,0.9894259819,0.6104783599,0.9344262295,0.006023708629,25.78147293,5.73,0.211080323,Ideal
2.32,62.5,59,16237 €,8.51,8.44,5.3,380.66932,71.8244,45.103,44.732,6998.706897,1.008293839,0.6253687316,0.944,0.006094528448,42.65381828,7.416666667,0.2018402898,Premium
1.15,59.2,56,5564 €,6.88,6.83,0,0,46.9904,0,0,4838.26087,1.007320644,0,0.9459459459,,,4.57,0.7071208883,Ideal
0.71,62.3,56,2416 €,5.68,5.72,3.55,115.33808,32.4896,20.164,20.306,3402.816901,0.993006993,0.6228070175,0.8988764045,0.006155816015,20.94711478,4.983333333,0.2034082808,Ideal
1.01,62.5,59,4642 €,6.44,6.33,3.99,162.653148,40.7652,25.6956,25.2567,4596.039604,1.017377567,0.6249021143,0.944,0.006209532446,28.53925705,5.586666667,0.2022505819,Premium
0.41,61,56,1115 €,4.78,4.82,2.93,67.506028,23.0396,14.0054,14.1226,2719.512195,0.9917012448,0.6104166667,0.9180327869,0.006073531685,16.51704349,4.176666667,0.211096016,Ideal
1.61,unknown,56,13553 €,7.52,7.47,4.66,261.772704,56.1744,35.0432,34.8102,8418.012422,1.00669344,0.6217478319,0.9003215434,0.006150373875,51.77392369,6.55,0.2040591901,Ideal
1.07,61.1,57,4319 €,6.66,6.6,4.05,178.0218,43.956,26.973,26.73,4036.448598,1.009090909,0.6108597285,0.9328968903,0.006010499838,24.26107364,5.77,0.2108267424,Ideal
0.3,60.6,56,405 €,4.35,4.4,2.65,50.721,19.14,11.5275,11.66,1350,0.9886363636,0.6057142857,0.9240924092,0.005914709883,7.984858343,3.8,0.2140602516,Ideal
0.61,61,57,2207 €,5.49,5.53,3.36,102.008592,30.3597,18.4464,18.5808,3618.032787,0.9927667269,0.609800363,0.9344262295,0.005979888439,21.63543243,4.793333333,0.2114710569,Ideal
1.01,61.9,57,5028 €,6.42,6.48,3.99,165.990384,41.6016,25.6158,25.8552,4978.217822,0.9907407407,0.6186046512,0.9208400646,0.006084689822,30.29091131,5.63,0.2060237637,Ideal
0.35,60.7,59,788 €,4.57,4.52,2.76,57.011664,20.6564,12.6132,12.4752,2251.428571,1.011061947,0.6072607261,0.9719934102,0.006139094625,13.82173304,3.95,0.2130897771,Premium
1.23,61.1,58,7577 €,6.91,6.86,4.21,199.564946,47.4026,29.0911,28.8806,6160.162602,1.00728863,0.6114742193,0.9492635025,0.006163407075,37.96758976,5.993333333,0.2104291926,Premium
0.7,59,60,1814 €,5.84,5.82,3.44,116.921472,33.9888,20.0896,20.0208,2591.428571,1.003436426,0.590051458,1.016949153,0.005986924284,15.51468664,5.033333333,0.2238449782,Premium
2.65,62,61,16314 €,8.82,8.75,5.45,420.60375,77.175,48.069,47.6875,6156.226415,1.008,0.6203756403,0.9838709677,0.006300466888,38.78710069,7.673333333,0.2049166534,Premium
0.33,62.5,59,1040 €,4.47,4.4,2.77,54.48036,19.668,12.3819,12.188,3151.515152,1.015909091,0.6245772266,0.944,0.006057228697,19.08944801,3.88,0.2024248965,Premium
-1.165,62.5,62,1814 €,5.58,5.56,3.48,107.966304,31.0248,19.4184,19.3488,2591.428571,1.003597122,0.6247755835,0.992,0.006483504335,16.80153838,4.873333333,0.202175639,Premium
0.4,62.4,59,,4.69,4.67,2.92,63.954716,21.9023,13.6948,13.6364,2625,1.004282655,0.6239316239,0.9455128205,0.006254425397,16.41786667,4.093333333,0.2026984036,Premium
0.41,62.1,60,899 €,4.72,4.78,2.95,66.55672,22.5616,13.924,14.101,2192.682927,0.9874476987,0.6210526316,0.9661835749,0.006160159335,13.5072762,4.15,0.2045497873,Premium
1.51,62.3,59,10274 €,7.29,7.23,4.52,238.234284,52.7067,32.9508,32.6796,6803.97351,1.008298755,0.6225895317,0.9470304976,0.006338298479,43.12561495,6.346666667,0.2035526199,Premium
0.6,61.3,56,2467 €,5.43,5.46,3.34,99.023652,29.6478,18.1362,18.2364,4111.666667,0.9945054945,0.6134067952,0.9135399674,0.006059158473,24.91323992,4.743333333,0.209216183,Ideal
0.34,61.2,58,765 €,4.5,4.46,2.74,54.9918,20.07,12.33,12.2204,2250,1.00896861,0.6116071429,0.9477124183,0.006182739972,13.91116494,3.9,0.2103606162,Premium
0.42,59.5,59,847 €,4.83,4.89,2.89,68.258043,23.6187,13.9587,14.1321,2016.666667,0.9877300613,0.5946502058,0.9915966387,0.006153121032,12.40879408,4.203333333,0.221012663,Premium
1.2,62.5,56,5884 €,6.66,6.74,4.19,188.082396,44.8884,27.9054,28.2406,4903.333333,0.9881305638,0.6253731343,0.896,0.006380182439,31.28416122,5.863333333,0.2018776589,Ideal
2.01,58.4,59,13610 €,8.26,8.24,4.82,328.060768,68.0624,39.8132,39.7168,6771.144279,1.002427184,0.5842424242,1.010273973,0.006126913658,41.48621636,7.106666667,0.2275241259,Premium
0.3,61.6,53,,4.35,4.39,2.69,51.369585,19.0965,11.7015,11.8091,2313.333333,0.9908883827,0.6155606407,0.8603896104,0.005840031606,13.50993978,3.81,0.2079075947,Ideal
0.39,61.9,57,1095 €,4.69,4.71,2.91,64.281609,22.0899,13.6479,13.7061,2807.692308,0.9957537155,0.6191489362,0.9208400646,0.006067054109,17.03442115,4.103333333,0.2056507541,Ideal
0.36,61.6,56,851 €,4.58,4.54,2.81,58.428892,20.7932,12.8698,12.7574,2363.888889,1.008810573,0.6162280702,0.9090909091,0.006161335389,14.56471227,3.976666667,0.2074902397,Ideal
1.05,62.2,59,3886 €,6.51,6.44,4.03,168.955332,41.9244,26.2353,25.9532,3700.952381,1.010869565,0.6223938224,0.9485530547,0.006214660334,23.00016196,5.66,0.2036993419,Premium
1.51,61.1,57,14542 €,7.38,7.41,4.52,247.179816,54.6858,33.3576,33.4932,9630.463576,0.995951417,0.6112237999,0.9328968903,0.006108913035,58.83166448,6.436666667,0.2105660282,Ideal
0.34,61,57,686 €,4.48,4.5,2.74,55.2384,20.16,12.2752,12.33,2017.647059,0.9955555556,0.6102449889,0.9344262295,0.006155138454,12.418897,3.906666667,0.2111770435,Ideal
1.31,63,58,5612 €,6.97,6.93,4.38,211.563198,48.3021,30.5286,30.3534,4283.969466,1.005772006,0.6302158273,0.9206349206,0.006192003205,26.52635266,6.093333333,0.1988434905,Premium
0.3,62.8,57,742 €,4.27,4.3,2.69,49.39109,18.361,11.4863,11.567,2473.333333,0.9930232558,0.6277712952,0.9076433121,0.006073970022,15.02295252,3.753333333,0.2003525629,Ideal
0.35,62.5,58,472 €,4.49,4.53,2.82,57.357954,20.3397,12.6618,12.7746,1348.571429,0.9911699779,0.6252771619,0.928,0.006102030766,8.229024348,3.946666667,0.2019022766,Premium
1.61,61.7,56,11826 €,7.52,7.62,4.67,267.602208,57.3024,35.1184,35.5854,7345.341615,0.9868766404,0.6169088507,0.9076175041,0.006016392809,44.19246047,6.603333333,0.2071200226,Ideal
0.7,61.9,59,1889 €,5.67,5.74,3.53,114.886674,32.5458,20.0151,20.2622,2698.571429,0.987804878,0.6187554777,0.9531502423,0.00609296079,16.4422899,4.98,0.20596446,Premium
1.05,61.9,59,5821 €,6.56,6.52,4.05,173.22336,42.7712,26.568,26.406,5543.809524,1.006134969,0.619266055,0.9531502423,0.00606153812,33.60401276,5.71,0.2055885889,Premium
0.7,61.8,58,2037 €,5.73,5.7,3.53,115.29333,32.661,20.2269,20.121,2910,1.005263158,0.6176727909,0.9385113269,0.006071470049,17.66797784,4.986666667,0.2065691891,Premium
1.08,61.7,57,4989 €,6.55,6.6,4.06,175.5138,43.23,26.593,26.796,4619.444444,0.9924242424,0.6174904943,0.9238249595,0.0061533623,28.42511529,5.736666667,0.2066980963,Ideal
0.92,61.8,58,3787 €,6.23,6.19,3.84,148.084608,38.5637,23.9232,23.7696,4116.304348,1.006462036,0.6183574879,0.9385113269,0.006212664587,25.57321825,5.42,0.2061527769,Premium
0.53,61.9,58,1753 €,5.2,5.17,3.21,86.29764,26.884,16.692,16.5957,3307.54717,1.005802708,0.6190935391,0.9369951535,0.006141535273,20.31341761,4.526666667,0.2056931844,Premium
1.16,60.5,59,5781 €,6.86,6.8,4.13,192.65624,46.648,28.3318,28.084,4983.62069,1.008823529,0.6046852123,0.9752066116,0.006021087093,30.00681421,5.93,0.2146758662,Premium
1.15,62.7,57,7123 €,6.68,6.64,4.17,184.961184,44.3552,27.8556,27.6888,6193.913043,1.006024096,0.6261261261,0.9090909091,0.006217520753,38.51078289,5.83,0.2013569198,Ideal
0.45,61.4,61,1181 €,4.95,4.89,3.02,73.10061,24.2055,14.949,14.7678,2624.444444,1.012269939,0.6138211382,0.993485342,0.006155899383,16.15581594,4.286666667,0.2090210277,Premium
1.1,60.7,58,4829 €,6.77,6.65,4.07,183.233435,45.0205,27.5539,27.0655,4390,1.018045113,0.606557377,0.9555189456,0.006003271182,26.35436049,5.83,0.2136315263,Premium
1.21,58.2,59,5082 €,7.05,7.03,4.1,203.20215,49.5615,28.905,28.823,4200,1.00284495,0.5823863636,1.013745704,0.005954661405,25.0095779,6.06,0.228705172,Premium
1.11,not_measured,57,4227 €,6.67,6.64,4.13,182.912744,44.2888,27.5471,27.4232,3808.108108,1.004518072,0.6205860255,0.9193548387,0.006068467269,23.10937941,5.813333333,0.2047636622,Ideal
0.73,61.7,55,2453 €,5.79,5.82,3.58,120.638124,33.6978,20.7282,20.8356,3360.273973,0.9948453608,0.616709733,0.8914100486,0.006051155106,20.33353901,5.063333333,0.2071652195,Ideal
0.83,61.7,57,3500 €,6.04,6.08,3.74,137.344768,36.7232,22.5896,22.7392,4216.86747,0.9934210526,0.6171617162,0.9238249595,0.006043186152,25.4833151,5.286666667,0.2068941481,Ideal
0.61,62.3,56,2659 €,5.42,5.46,3.39,100.320948,29.5932,18.3738,18.5094,4359.016393,0.9926739927,0.6231617647,0.8988764045,0.006080484806,26.50493295,4.756666667,0.2031921296,Ideal
0.38,61.5,56,668 €,4.67,4.7,2.88,63.21312,21.949,13.4496,13.536,1757.894737,0.9936170213,0.6147278549,0.9105691057,0.00601141029,10.56742651,4.083333333,0.2084016242,Ideal
1.26,61.7,58,6476 €,6.95,6.9,4.27,204.76785,47.955,29.6765,29.463,5139.68254,1.007246377,0.6166064982,0.9400324149,0.006153309711,31.62605849,6.04,0.2072426238,Ideal
0.38,59.3,59,766 €,4.71,4.74,2.8,62.51112,22.3254,13.188,13.272,2015.789474,0.9936708861,0.5925925926,0.9949409781,0.006078918439,12.2538198,4.083333333,0.2222537994,Premium
0.3,60.3,60,911 €,4.31,4.28,2.59,47.777212,18.4468,11.1629,11.0852,3036.666667,1.007009346,0.6030267753,0.9950248756,0.006279144124,19.06766766,3.726666667,0.2156989309,Premium
0.81,62.4,54,4751 €,5.93,5.99,3.72,132.137004,35.5207,22.0596,22.2828,5865.432099,0.9899833055,0.6241610738,0.8653846154,0.006130001252,35.95510611,5.213333333,0.2026016996,Ideal
0.38,62.4,54.1,1092 €,4.62,4.67,2.9,62.56866,21.5754,13.398,13.543,2873.684211,0.9892933619,0.6243272336,0.8669871795,0.006073328085,17.45282702,4.063333333,0.2025071644,Ideal
0.3,62.8,57,776 €,4.25,4.22,2.66,47.7071,17.935,11.305,11.2252,2586.666667,1.007109005,0.6280991736,0.9076433121,0.006288372171,16.26592268,3.71,0.2001517867,Ideal
0.34,60.7,57,961 €,4.55,4.51,2.75,56.431375,20.5205,12.5125,12.4025,2826.470588,1.00886918,0.6070640177,0.9390444811,0.006025017111,17.02953366,3.936666667,0.2131902453,Ideal
0.36,61,59,852 €,4.57,4.61,2.8,58.98956,21.0677,12.796,12.908,2366.666667,0.9913232104,0.6100217865,0.9672131148,0.006102774796,14.44323368,3.993333333,0.2113452646,Premium
0.42,error,56,1040 €,4.84,4.82,2.99,69.753112,23.3288,14.4716,14.4118,2476.190476,1.004149378,0.619047619,0.9046849758,0.00602123673,14.90972905,4.216666667,0.2057129045,Ideal
1.72,61.9,56,15197 €,7.7,7.75,4.78,285.2465,59.675,36.806,37.045,8835.465116,0.9935483871,0.6187702265,0.9046849758,0.006029872409,53.27672732,6.743333333,0.2058976328,Ideal
1.01,61.6,56,4751 €,6.45,6.4,3.96,163.4688,41.28,25.542,25.344,4703.960396,1.0078125,0.6163424125,0.9090909091,0.006178549056,29.06365007,5.603333333,0.2074107228,Premium
1.33,61.7,58,6390 €,7.09,7.14,4.39,222.233214,50.6226,31.1251,31.3446,4804.511278,0.9929971989,0.6170063247,0.9400324149,0.005984703979,28.75357776,6.206666667,0.206993473,Premium
0.76,63,55,1629 €,5.83,5.74,3.65,122.14433,33.4642,21.2795,20.951,2143.421053,1.015679443,0.6309420916,0.873015873,0.006222147193,13.33668129,5.073333333,0.1985123069,Premium
0.35,62.4,55,829 €,4.48,4.52,2.81,56.901376,20.2496,12.5888,12.7012,2368.571429,0.9911504425,0.6244444444,0.8814102564,0.006150993607,14.56906771,3.936666667,0.2024151529,Ideal
0.71,60.4,59,2352 €,5.81,5.75,3.49,116.592175,33.4075,20.2769,20.0675,3312.676056,1.010434783,0.6038062284,0.9768211921,0.006089602497,20.17288038,5.016666667,0.2152413726,Premium
2.1,61.3,55,18312 €,8.19,8.25,5.04,340.5402,67.5675,41.2776,41.58,8720,0.9927272727,0.6131386861,0.8972267537,0.006166672833,53.77338711,7.16,0.2093947608,Ideal
1.11,61.3,54,12725 €,6.68,6.72,4.11,184.496256,44.8896,27.4548,27.6192,11463.96396,0.994047619,0.6134328358,0.88091354,0.006016382251,68.97158932,5.836666667,0.2092027829,Ideal
1.75,59.6,60,17191 €,7.9,7.76,4.67,286.28968,61.304,36.893,36.2392,9823.428571,1.018041237,0.5964240102,1.006711409,0.006112689776,60.0475714,6.776666667,0.219980474,Premium
0.73,62,56,2258 €,5.76,5.79,3.58,119.394432,33.3504,20.6208,20.7282,3093.150685,0.9948186528,0.6199134199,0.9032258065,0.006114187972,18.91210471,5.043333333,0.2051828294,Ideal
0.74,60.9,62,2999 €,5.83,5.8,3.54,119.70156,33.814,20.6382,20.532,4052.702703,1.005172414,0.6087704213,1.018062397,0.006182041404,25.0539759,5.056666667,0.2120992517,Premium
0.71,61.6,58,3479 €,5.78,5.72,3.54,117.038064,33.0616,20.4612,20.2488,4900,1.01048951,0.6156521739,0.9415584416,0.006066402465,29.72537208,5.013333333,0.2078640784,Premium
1.7,61.7,56,7140 €,7.66,7.57,4.7,272.53514,57.9862,36.002,35.579,4200,1.011889036,0.617202889,0.9076175041,0.006237727729,26.19845646,6.643333333,0.2069195141,Premium
1.04,61,60,4240 €,6.57,6.52,3.99,170.917236,42.8364,26.2143,26.0148,4076.923077,1.007668712,0.6096256684,0.9836065574,0.006084816396,24.80732838,5.693333333,0.2115828178,Premium
1,62.5,59,4200 €,6.4,6.28,3.96,,40.192,25.344,24.8688,4200,1.01910828,0.6246056782,0.944,0.006282973043,26.38848678,5.546666667,0.2024660739,Premium
0.92,58.9,59,3282 €,6.38,6.35,3.75,151.92375,40.513,23.925,23.8125,3567.391304,1.004724409,0.5891594658,1.001697793,0.006055669374,21.60294227,5.493333333,0.2244145014,Premium
1.59,61.2,58,11119 €,7.52,7.5,4.6,259.44,56.4,34.592,34.5,6993.081761,1.002666667,0.6125166445,0.9477124183,0.006128584644,42.85769349,6.54,0.2097571031,Ideal
0.64,62.1,58,2870 €,5.56,5.51,3.44,105.386464,30.6356,19.1264,18.9544,4484.375,1.00907441,0.6214995483,0.9339774557,0.006072886173,27.23309893,4.836666667,0.2042322672,Premium
0.31,62,55,840 €,4.34,4.37,2.7,51.20766,18.9658,11.718,11.799,2709.677419,0.9931350114,0.6199770379,0.8870967742,0.006053781797,16.40379584,3.803333333,0.2051544106,Ideal
1.08,62.1,59,7501 €,6.54,6.59,4.08,175.842288,43.0986,26.6832,26.8872,6945.37037,0.9924127466,0.6214775324,0.9500805153,0.006141867308,42.65754322,5.736666667,0.2042332477,Premium
1.22,62.8,56,7584 €,6.81,6.75,4.26,195.82155,45.9675,29.0106,28.755,6216.393443,1.008888889,0.6283185841,0.8917197452,0.006230162104,38.72913885,5.94,0.200032307,Ideal
0.56,60.9,56,1580 €,5.32,5.35,3.25,92.5015,28.462,17.29,17.3875,2821.428571,0.9943925234,0.6091846298,0.9195402299,0.006053955882,17.0808041,4.64,0.2118436917,Ideal
0.29,61.5,56,673 €,4.25,4.28,2.62,47.6578,18.19,11.135,11.2136,2320.689655,0.9929906542,0.6143024619,0.9105691057,0.006085047988,14.12150792,3.716666667,0.2086700845,Ideal
0.4,60.7,58,877 €,4.78,4.81,2.91,66.906138,22.9918,13.9098,13.9971,2192.5,0.9937629938,0.6068821689,0.9555189456,0.005978524721,13.10791545,4.166666667,0.2132836609,Premium
0.38,62.3,53.6,929 €,4.65,4.67,2.9,62.97495,21.7155,13.485,13.543,2444.736842,0.9957173448,0.6223175966,0.86035313,0.006034145323,14.75189738,4.073333333,0.2036936495,Ideal
1.04,61.4,57,6173 €,6.52,6.44,3.98,167.115424,41.9888,25.9496,25.6312,5935.576923,1.01242236,0.6141975309,0.9283387622,0.006223243643,36.93854135,5.646666667,0.2087893324,Ideal
1.41,62.7,56,11644 €,7.18,7.1,4.48,228.38144,50.978,32.1664,31.808,8258.156028,1.011267606,0.6274509804,0.8931419458,0.00617388173,50.98487863,6.253333333,0.2005908231,Premium
0.71,62.3,54,3212 €,5.69,5.73,3.56,116.069172,32.6037,20.2564,20.3988,4523.943662,0.9930191972,0.6234676007,0.8667736758,0.006117042,27.67315338,4.993333333,0.2030009211,Ideal
0.64,62,55,2238 €,5.52,5.55,3.43,105.08148,30.636,18.9336,19.0365,3496.875,0.9945945946,0.6196928636,0.8870967742,0.006090511858,21.29775865,4.833333333,0.2053204334,Ideal
1,62.7,59,5292 €,6.4,6.36,4,162.816,40.704,25.6,25.44,5292,1.006289308,0.6269592476,0.9409888357,0.006141902516,32.50294811,5.586666667,0.2008463475,Premium
0.31,62.4,54,840 €,4.33,4.35,2.71,51.044205,18.8355,11.7343,11.7885,2709.677419,0.9954022989,0.6244239631,0.8653846154,0.006073167365,16.45632447,3.796666667,0.2023966853,Ideal
0.33,61.1,59,631 €,4.45,4.42,2.71,53.30299,19.669,12.0595,11.9782,1912.121212,1.00678733,0.611048478,0.9656301146,0.006191022305,11.83798507,3.86,0.2106904208,Premium
0.39,222.99,57,1624 €,4.74,4.77,2.85,64.43793,22.6098,13.509,13.5945,4164.102564,0.9937106918,0.5993690852,0.9484193012,0.006052335946,25.20254763,4.12,0.2179876516,Ideal
0.41,62.4,60,1076 €,4.77,4.71,2.96,66.501432,22.4667,14.1192,13.9416,2624.390244,1.012738854,0.6244725738,0.9615384615,0.006165280772,16.18010271,4.146666667,0.2024415185,Premium
0.3,61.7,58,473 €,4.27,4.32,2.65,48.88296,18.4464,11.3155,11.448,1576.666667,0.9884259259,0.6169965076,0.9400324149,0.0061371079,9.676173456,3.746666667,0.2070451195,Premium
1.36,59.8,59,13598 €,7.12,7.2,4.38,224.53632,51.264,31.1856,31.536,9998.529412,0.9888888889,0.6117318436,0.9866220736,0.006056926559,60.56035834,6.233333333,0.2103066534,Premium
0.72,61.5,56,2398 €,5.8,5.77,3.56,119.13896,33.466,20.648,20.5412,3330.555556,1.005199307,0.6153846154,0.9105691057,0.006043363145,20.1277567,5.043333333,0.2079867604,Premium
0.43,61.1,59,1113 €,4.86,4.83,2.96,69.482448,23.4738,14.3856,14.2968,2588.372093,1.00621118,0.6109391125,0.9656301146,0.006188613274,16.01843389,4.216666667,0.2107546056,Premium
2.26,61.1,57,13885 €,8.45,8.4,5.15,365.547,70.98,43.5175,43.26,6143.80531,1.005952381,0.6112759644,0.9328968903,0.006182515518,37.98417167,7.333333333,0.2105433741,Premium
0.77,62,56,40816.5 €,5.89,5.86,3.64,125.636056,34.5154,21.4396,21.3304,3588.311688,1.005119454,0.6195744681,0.9032258065,0.006128813849,21.99209437,5.13,0.2053918688,Ideal
1.7,62.2,59,7414 €,7.68,7.6,4.75,277.248,58.368,36.48,36.1,4361.176471,1.010526316,0.6217277487,0.9485530547,0.006131694367,26.7414012,6.676666667,0.2041064134,Premium
2.14,61.5,59,13326 €,8.3,8.25,5.11,349.90725,68.475,42.413,42.1575,6227.102804,1.006060606,0.6175226586,0.9593495935,0.006115906429,38.08437807,7.22,0.2066668886,Premium
0.5,61.3,60,1279 €,5.15,5.1,3.14,82.4721,26.265,16.171,16.014,2558,1.009803922,0.6126829268,0.9787928222,0.006062656341,15.50827492,4.463333333,0.2096999077,Premium
0.9,62.3,56,4502 €,6.21,6.14,3.85,146.79819,38.1294,23.9085,23.639,5002.222222,1.011400651,0.6234817814,0.8988764045,0.006130865782,30.66795306,5.4,0.2030348165,Premium
1.57,61.2,57,15301 €,7.53,7.6,4.63,264.96564,57.228,34.8639,35.188,9745.859873,0.9907894737,0.6120290813,0.931372549,0.005925296578,57.74711015,6.586666667,0.2101013209,Ideal
0.31,61.2,56,1046 €,4.38,4.34,2.67,50.754564,19.0092,11.6946,11.5878,3374.193548,1.00921659,0.6123853211,0.9150326797,0.006107825101,20.60898405,3.796666667,0.2098791006,Ideal
0.36,62.1,54,439 €,4.56,4.58,2.84,59.312832,20.8848,12.9504,13.0072,1219.444444,0.9956331878,0.6214442013,0.8695652174,0.006069512918,7.401433808,3.993333333,0.2042330617,Ideal
0.7,error,56,2822 €,5.71,5.66,3.56,115.054216,32.3186,20.3276,20.1496,4031.428571,1.008833922,0.6262093228,0.8945686901,0.006084088218,24.52756707,4.976666667,0.2013280424,Premium
0.32,61.3,55.8,1048 €,4.43,4.44,2.71,53.303532,19.6692,12.0053,12.0324,3275,0.9977477477,0.611048478,0.9102773246,0.006003354524,19.66098607,3.86,0.210669183,Ideal
0.72,60.1,56,3122 €,5.85,5.88,3.52,121.08096,34.398,20.592,20.6976,4336.111111,0.9948979592,0.600170503,0.9317803661,0.005946434518,25.78440078,5.083333333,0.2174776614,Ideal
0.72,60.9,58,2136 €,5.74,5.78,3.51,116.451972,33.1772,20.1474,20.2878,2966.666667,0.9930795848,0.609375,0.9523809524,0.006182806419,18.34232571,5.01,0.211733707,Ideal
0.41,61.9,56,1439 €,4.77,4.79,2.96,67.630968,22.8483,14.1192,14.1784,3509.756098,0.9958246347,0.6192468619,0.9046849758,0.006062311573,21.27723501,4.173333333,0.2055898752,Ideal
0.3,61.5,56,581 €,4.34,4.38,2.68,50.944656,19.0092,11.6312,11.7384,1936.666667,0.9908675799,0.6146788991,0.9105691057,0.005888743267,11.40453279,3.8,0.2084547199,Ideal
0.31,61.3,55,562 €,4.36,4.38,2.68,51.179424,19.0968,11.6848,11.7384,1812.903226,0.99543379,0.6132723112,0.8972267537,0.006057121706,10.98097548,3.806666667,0.2092947845,Ideal
0.27,62.5,56,760 €,4.1,4.14,2.57,43.62318,16.974,10.537,10.6398,2814.814815,0.9903381643,0.6237864078,0.896,0.006189369963,17.42193027,3.603333333,0.2028287133,Ideal
0.7,62.8,59,2475 €,5.69,5.64,3.56,114.246096,32.0916,20.2564,20.0784,3535.714286,1.008865248,0.6284201236,0.9394904459,0.006127124029,21.66375996,4.963333333,0.1999697332,Premium
1.93,60.5,60,17096 €,8.06,7.98,4.85,311.94618,64.3188,39.091,38.703,8858.031088,1.010025063,0.6047381546,0.9917355372,0.006186964687,54.80432554,6.963333333,0.2146542634,Premium
0.34,61.8,58,765 €,4.5,4.47,2.77,55.71855,20.115,12.465,12.3819,2250,1.006711409,0.6176142698,0.9385113269,0.006102097057,13.72971838,3.913333333,0.2066145273,Premium
1.58,61.9,55,14495 €,7.52,7.47,4.64,260.649216,56.1744,34.8928,34.6608,9174.050633,1.00669344,0.6190793863,0.8885298869,0.006061786888,55.61113984,6.543333333,0.2057077983,Ideal
0.3,60.3,58,473 €,4.32,4.34,2.61,48.934368,18.7488,11.2752,11.3274,1576.666667,0.9953917051,0.6027713626,0.9618573798,0.006130660562,9.666008152,3.756666667,0.2158447788,Premium
0.8,error,58,3285 €,6.02,5.97,3.58,128.663052,35.9394,21.5516,21.3726,4106.25,1.008375209,0.5971643036,0.9715242881,0.006217791258,25.53180535,5.19,0.2193882277,Premium
2.21,59,59,13872 €,8.51,8.46,5.01,360.692946,71.9946,42.6351,42.3846,6276.923077,1.005910165,0.5904537419,1,0.00612709515,38.45930494,7.326666667,0.2236020767,Premium
0.47,62.1,54,,4.98,5,3.1,77.19,24.9,15.438,15.5,1880.851064,0.996,0.621242485,0.8695652174,0.006088871615,11.45226066,4.36,0.2043559533,Ideal
0.31,62.5,53,677 €,4.37,4.4,2.74,52.68472,19.228,11.9738,12.056,2183.870968,0.9931818182,0.6248574686,0.848,0.005884058983,12.85002559,3.836666667,0.2021434789,Ideal
0.94,62.2,59,4230 €,6.27,6.23,3.89,151.951569,39.0621,24.3903,24.2347,4500,1.006420546,0.6224,0.9485530547,0.006186181598,27.83781719,5.463333333,0.2036548831,Premium
1.7,62.3,56,17892 €,7.61,7.65,4.75,276.528375,58.2165,36.1475,36.3375,10524.70588,0.9947712418,0.622542595,0.8988764045,0.006147651213,64.70222088,6.67,0.203559704,Ideal
1.1,62.2,57,34137.58744 €,6.58,6.54,4.08,175.575456,43.0332,26.8464,26.6832,10594.54545,1.006116208,0.6219512195,0.9163987138,0.006265112591,66.37602012,5.733333333,0.2039297539,Ideal
0.7,62.8,56,2417 €,5.63,5.68,3.55,113.52332,31.9784,19.9865,20.164,3452.857143,0.9911971831,0.6277630416,0.8917197452,0.006166133971,21.29077973,4.953333333,0.2003734406,Ideal
1.51,60.1,58,14375 €,7.45,7.48,4.49,250.20974,55.726,33.4505,33.5852,9519.86755,0.9959893048,0.6014735432,0.9650582363,0.006034936929,57.45180024,6.473333333,0.2166552925,Premium
2.05,59.8,59,16446 €,8.22,8.31,4.94,337.442508,68.3082,40.6068,41.0514,8022.439024,0.9891696751,0.5977011494,0.9866220736,0.006075108949,48.73719111,7.156666667,0.2190755403,Ideal
1.28,59.7,57,4179 €,7.12,7.06,4.23,212.630256,50.2672,30.1176,29.8638,3264.84375,1.008498584,0.5966149506,0.9547738693,0.006019839434,19.65383515,6.136666667,0.2197348333,Ideal
0.82,60,56,2329 €,6.11,6.08,3.66,135.964608,37.1488,22.3626,22.2528,2840.243902,1.004934211,0.6004922067,0.9333333333,0.006030981239,17.12945769,5.283333333,0.2172748286,Premium
0.55,60.7,56,2259 €,5.31,5.34,3.23,91.587942,28.3554,17.1513,17.2482,4107.272727,0.9943820225,0.60657277,0.9225700165,0.006005157316,24.66481887,4.626666667,0.2134729994,Ideal
1.05,63,57,6096 €,6.51,6.48,4.09,172.535832,42.1848,26.6259,26.5032,5805.714286,1.00462963,0.6297151655,0.9047619048,0.006085692391,35.33179125,5.693333333,0.1991441494,Premium
0.42,61.9,57,1031 €,4.79,4.81,2.97,68.428503,23.0399,14.2263,14.2857,2454.761905,0.9958419958,0.61875,0.9208400646,0.006137793194,15.06682091,4.19,0.205897115,Ideal
0.52,62.7,57,1073 €,5.11,5.07,3.19,82.645563,25.9077,16.3009,16.1733,2063.461538,1.007889546,0.626719057,0.9090909091,0.006291928824,12.98315313,4.456666667,0.2010061575,Premium
0.56,62,56,1580 €,5.26,5.29,3.27,90.989058,27.8254,17.2002,17.2983,2821.428571,0.9943289225,0.6199052133,0.9032258065,0.006154586192,17.36472533,4.606666667,0.2051907551,Ideal
0.54,61.3,59,1993 €,5.26,5.21,3.21,87.968766,27.4046,16.8846,16.7241,3690.740741,1.009596929,0.6131805158,0.9624796085,0.0061385424,22.65576853,4.56,0.2093886782,Premium
0.33,61.9,60,608 €,4.41,4.44,2.74,53.650296,19.5804,12.0834,12.1656,1842.424242,0.9932432432,0.6192090395,0.9693053312,0.006150944629,11.3326495,3.863333333,0.205628395,Premium
0.73,62.4,55,2346 €,5.78,5.71,3.59,118.483642,33.0038,20.7502,20.4989,3213.69863,1.012259194,0.6248912097,0.8814102564,0.006161188057,19.80020162,5.026666667,0.2021774432,Premium
0.31,61.3,56,1105 €,4.38,4.4,2.69,51.84168,19.272,11.7822,11.836,3564.516129,0.9954545455,0.6127562642,0.9135399674,0.005979744484,21.31489566,3.823333333,0.2096153301,Ideal
1.7,62.8,58,18251 €,7.61,7.54,4.76,273.125944,57.3794,36.2236,35.8904,10735.88235,1.00928382,0.6283828383,0.923566879,0.00622423478,66.82265234,6.636666667,0.1999966953,Premium
0.36,60.1,57,851 €,4.66,4.62,2.79,60.066468,21.5292,13.0014,12.8898,2363.888889,1.008658009,0.6012931034,0.9484193012,0.005993360555,14.16763842,4.023333333,0.2167981536,Premium
0.51,61,55,1656 €,5.11,5.21,3.15,83.862765,26.6231,16.0965,16.4115,3247.058824,0.980806142,0.6104651163,0.9016393443,0.006081364,19.74654663,4.49,0.2112254265,Ideal
0.41,not_measured,55,1187 €,4.79,4.83,2.96,68.481672,23.1357,14.1784,14.2968,2895.121951,0.9917184265,0.6153846154,0.8943089431,0.005987003355,17.33310483,4.193333333,0.2080090393,Ideal
0.73,62.1,56,2654 €,5.74,5.79,3.58,855.9113997,33.2346,20.5492,20.7282,3635.616438,0.9913644214,0.6209887251,0.9017713366,0.006135491762,22.30629471,5.036666667,0.2045442329,Ideal
0.3,62.3,54,710 €,4.29,4.34,2.69,50.084034,18.6186,11.5401,11.6746,2366.666667,0.9884792627,0.6234067207,0.8667736758,0.00598993284,14.17617439,3.773333333,0.2030841684,Ideal
1.29,62.7,55,8597 €,6.96,6.91,4.35,209.20716,48.0936,30.276,30.0585,6664.341085,1.00723589,0.6272530642,0.8771929825,0.006166136952,41.09323983,6.073333333,0.2006726078,Premium
0.42,62.2,56,1221 €,4.82,4.79,2.99,69.032522,23.0878,14.4118,14.3221,2907.142857,1.006263048,0.6222684703,0.9003215434,0.006084088888,17.68731555,4.2,0.2037349663,Ideal
1.51,60.8,57,8794 €,7.44,7.39,4.51,247.967016,54.9816,33.5544,33.3289,5823.84106,1.0067659,0.6082265678,0.9375,0.006089519584,35.46439418,6.446666667,0.2124481266,Ideal
0.31,61.6,57,734 €,4.32,4.35,2.67,50.17464,18.792,11.5344,11.6145,2367.741935,0.9931034483,0.615916955,0.9253246753,0.006178420015,14.62890416,3.78,0.207667745,Ideal
0.41,62.2,58,1413 €,4.77,4.71,2.95,66.276765,22.4667,14.0715,13.8945,3446.341463,1.012738854,0.6223628692,0.9324758842,0.006186180029,21.31968873,4.143333333,0.2037416442,Premium
1.22,60.9,58,6354 €,6.89,6.86,4.19,198.042026,47.2654,28.8691,28.7434,5208.196721,1.004373178,0.6094545455,0.9523809524,0.006160308621,32.08409916,5.98,0.2116689618,Premium
1.54,62.7,58,10314 €,7.37,7.3,4.6,247.4846,53.801,33.902,33.58,6697.402597,1.009589041,0.6271301977,0.9250398724,0.006222609407,41.6753204,6.423333333,0.2007692844,Premium
0.4,61.5,56,1333 €,4.75,4.78,2.93,66.52565,22.705,13.9175,14.0054,3332.5,0.9937238494,0.6149003148,0.9105691057,0.006012718403,20.03738408,4.153333333,0.208293899,Ideal
,61.9,61,4558 €,6.42,6.34,3.95,160.77606,40.7028,25.359,25.043,4468.627451,1.012618297,0.6191222571,0.98546042,0.006344228115,28.34999191,5.57,0.2057411985,Premium
1.05,62.7,54,4018 €,6.51,6.48,4.07,903.7254662,42.1848,26.4957,26.3736,3826.666667,1.00462963,0.6266358737,0.8612440191,0.006115597513,23.40235315,5.686666667,0.2010354459,Premium
2.04,58.8,60,14775 €,8.42,8.32,4.92,344.667648,70.0544,41.4264,40.9344,7242.647059,1.012019231,0.5878136201,1.020408163,0.005918745237,42.86738278,7.22,0.2253265806,Premium
0.34,62.6,56,628 €,4.48,4.46,2.8,,19.9808,12.544,12.488,1847.058824,1.004484305,0.6263982103,0.8945686901,0.006077262744,11.22506177,3.913333333,0.2011808919,Ideal
1.11,61.7,55,7473 €,6.65,6.67,4.11,182.301105,44.3555,27.3315,27.4137,6732.432432,0.9970014993,0.6171171171,0.8914100486,0.006088827602,40.99262042,5.81,0.2069034866,Ideal
0.51,61.4,56,1687 €,5.16,5.13,3.16,83.647728,26.4708,16.3056,16.2108,3307.843137,1.005847953,0.6141885326,0.9120521173,0.006096997638,20.16791179,4.483333333,0.2087326664,Ideal
0.3,63,59,506 €,4.27,4.24,2.68,48.520864,18.1048,11.4436,11.3632,1686.666667,1.007075472,0.6298472385,0.9365079365,0.006182907213,10.4285035,3.73,0.1990785868,Premium
1.51,63.2,57,10655 €,7.4,7.28,4.62,248.88864,53.872,34.188,33.6336,7056.291391,1.016483516,0.6294277929,0.9018987342,0.006066970353,42.81031067,6.433333333,0.1994542744,Ideal
0.71,61.5,55,2525 €,5.73,5.78,3.54,117.242676,33.1194,20.2842,20.4612,3556.338028,0.991349481,0.6151172893,0.8943089431,0.006055815376,21.53652651,5.016666667,0.2081781761,Ideal
0.31,61.5,58,988 €,4.37,4.35,2.68,50.94546,19.0095,11.7116,11.658,3187.096774,1.004597701,0.6146788991,0.9430894309,0.006084938678,19.39328843,3.8,0.2084214957,Premium
0.3,62,54,348 €,4.31,4.34,2.68,50.130472,18.7054,11.5508,11.6312,1160,0.9930875576,0.6196531792,0.8709677419,0.005984384109,6.941885566,3.776666667,0.2053549375,Ideal
0.4,60.7,58,1125 €,4.81,4.78,2.91,66.906138,22.9918,13.9971,13.9098,2812.5,1.006276151,0.6068821689,0.9555189456,0.005978524721,16.81460078,4.166666667,0.2132836609,Premium
0.51,58.8,58,1443 €,5.28,5.23,3.09,85.328496,27.6144,16.3152,16.1607,2829.411765,1.009560229,0.5880114177,0.9863945578,0.005976901316,16.9111149,4.533333333,0.225175345,Premium
0.86,62.6,56,1828 €,6.11,6.03,3.8,140.00454,36.8433,23.218,22.914,2125.581395,1.013266998,0.626029654,0.8945686901,0.006142657945,13.05671945,5.313333333,0.2014905673,Premium
0.41,61.4,56,1115 €,4.76,4.81,2.94,67.313064,22.8956,13.9944,14.1414,2719.512195,0.9896049896,0.6144200627,0.9120521173,0.006090942465,16.56439231,4.17,0.2086284994,Ideal
0.41,60.3,57,1015 €,4.86,4.82,2.92,68.401584,23.4252,14.1912,14.0744,2475.609756,1.008298755,0.6033057851,0.9452736318,0.005994013238,14.83883765,4.2,0.2155342814,Ideal
0.3,62.5,59,911 €,4.28,4.23,2.66,48.157704,18.1044,11.3848,11.2518,3036.666667,1.011820331,0.625146886,0.944,0.00622953287,18.91701481,3.723333333,0.2020144778,Premium
0.6,62.2,58,1342 €,5.37,5.41,3.35,97.323195,29.0517,17.9895,18.1235,2236.666667,0.9926062847,0.6215213358,0.9324758842,0.006165025717,13.78910752,4.71,0.2042046414,Ideal
1.16,61.8,59,3711 €,6.78,6.74,4.18,191.014296,45.6972,28.3404,28.1732,3199.137931,1.005934718,0.6183431953,0.9546925566,0.006072843888,19.42786523,5.9,0.2061581843,Premium
0.34,62.9,56,765 €,4.48,4.45,2.81,56.02016,19.936,12.5888,12.5045,2250,1.006741573,0.6293393057,0.8903020668,0.006069243644,13.6557982,3.913333333,0.1993877193,Ideal
0.31,60.8,54,680 €,4.39,4.4,2.67,51.57372,19.316,11.7213,11.748,2193.548387,0.9977272727,0.6075085324,0.8881578947,0.006010813259,13.18500973,3.82,0.212875143,Ideal
1.21,61.1,61,5720 €,6.78,6.74,4.13,188.729436,45.6972,28.0014,27.8362,4727.272727,1.005934718,0.6109467456,0.9983633388,0.006411294526,30.30793776,5.883333333,0.2107481184,Premium
1.5,61.4,61,6750 €,7.36,7.3,4.5,241.776,53.728,33.12,32.85,4500,1.008219178,0.6139154161,0.993485342,0.006204089736,27.91840381,6.386666667,0.2089195694,Premium
0.89,61.1,58,3190 €,6.24,6.17,3.79,145.918032,38.5008,23.6496,23.3843,3584.269663,1.011345219,0.6107977438,0.9492635025,0.006099314717,21.8615887,5.4,0.2108889886,Premium
1.06,62,56,5159 €,6.52,6.55,4.05,172.9593,42.706,26.406,26.5275,4866.981132,0.9954198473,0.6197398623,0.9032258065,0.006128609447,29.82782655,5.706666667,0.2052869608,Ideal
1.35,62.3,59,5919 €,7.09,7.03,4.4,219.30788,49.8427,31.196,30.932,4384.444444,1.008534851,0.6232294618,0.9470304976,0.006155729562,26.98945428,6.173333333,0.2031601375,Premium
0.53,60.9,56,1807 €,5.25,5.21,3.18,86.98095,27.3525,16.695,16.5678,3409.433962,1.007677543,0.6080305927,0.9195402299,0.006093288243,20.77466388,4.546666667,0.2125771033,Ideal
2.4,62,55,18541 €,8.6,8.57,5.32,392.09464,73.702,45.752,45.5924,7725.416667,1.003500583,0.619685498,0.8870967742,0.006120971202,47.28705294,7.496666667,0.2053158499,Ideal
0.53,62,59,1428 €,5.23,5.16,3.22,86.897496,26.9868,16.8406,16.6152,2694.339623,1.013565891,0.6198267565,0.9516129032,0.006099140072,16.43315476,4.536666667,0.2053186798,Premium
0.31,58.3,60,698 €,4.51,4.48,2.62,52.936576,20.2048,11.8162,11.7376,2251.612903,1.006696429,0.5828698554,1.02915952,0.005856064435,13.18559024,3.87,0.2284155879,Premium
2.03,61.5,59,18310 €,8.16,8.24,5.04,338.881536,67.2384,41.1264,41.5296,9019.704433,0.9902912621,0.6146341463,0.9593495935,0.005990293906,54.0306805,7.146666667,0.2084882842,Premium
1.01,61.9,56,6439 €,6.41,6.45,3.98,164.55111,41.3445,25.5118,25.671,6375.247525,0.9937984496,0.6189735614,0.9046849758,0.006137910586,39.13069927,5.613333333,0.2057701632,Ideal
0.91,59.6,60,3921 €,6.25,6.29,3.74,147.02875,39.3125,23.375,23.5246,4308.791209,0.9936406995,0.5964912281,1.006711409,0.006189265705,26.66825366,5.426666667,0.2197970322,Premium
1.6,62.2,59,11489 €,7.45,7.48,4.64,258.56864,55.726,34.568,34.7072,7180.625,0.9959893048,0.6215673141,0.9485530547,0.006187912038,44.43307587,6.523333333,0.2041554555,Premium
0.41,62.1,55,1079 €,4.77,4.8,2.97,68.00112,22.896,14.1669,14.256,2631.707317,0.99375,0.6206896552,0.885668277,0.006029312458,15.86738571,4.18,0.2047097748,Ideal
0.31,60.9,56,687 €,4.4,4.43,2.69,52.43348,19.492,11.836,11.9167,2216.129032,0.993227991,0.6092865232,0.9195402299,0.005912253011,13.10231554,3.84,0.2117877668,Ideal
0.36,62.4,55,1094 €,4.61,4.59,2.87,60.728913,21.1599,13.2307,13.1733,3038.888889,1.004357298,0.6239130435,0.8814102564,0.005927983595,18.01448348,4.023333333,0.2027101971,Ideal
0.33,62.3,58,854 €,4.45,4.41,2.76,54.16362,19.6245,12.282,12.1716,2587.878788,1.009070295,0.6230248307,0.9309791332,0.00609265038,15.76704068,3.873333333,0.2032912819,Premium
1.29,63.2,57,6760 €,6.89,6.96,4.38,210.040272,47.9544,30.1782,30.4848,5240.310078,0.9899425287,0.6324909747,0.9018987342,0.006141679344,32.18430416,6.076666667,0.1974873527,Ideal
1.7,61,59,9901 €,7.66,7.62,4.66,,58.3692,35.6956,35.5092,5824.117647,1.005249344,0.609947644,0.9672131148,0.006249989154,36.40067213,6.646666667,0.2113661558,Premium
0.41,61.6,59,863 €,4.74,4.77,2.93,66.246714,22.6098,13.8882,13.9761,2104.878049,0.9937106918,0.6161934805,0.9577922078,0.006188986219,13.02706124,4.146666667,0.2074920636,Premium
1.15,62.6,57,4347 €,6.73,6.69,4.2,189.09954,45.0237,28.266,28.098,3780,1.005979073,0.6259314456,0.910543131,0.006081453186,22.98789304,5.873333333,0.2014763953,Premium
1.21,60.2,57,5541 €,6.97,6.91,4.18,201.320086,48.1627,29.1346,28.8838,4579.338843,1.008683068,0.6023054755,0.9468438538,0.006010329243,27.52333416,6.02,0.2161639593,Premium
1.22,61.4,56,8362 €,6.9,6.88,4.23,200.80656,47.472,29.187,29.1024,6854.098361,1.002906977,0.6139332366,0.9120521173,0.006075498729,41.64206588,6.003333333,0.2088777248,Ideal
0.91,141.78,56,5717 €,6.27,6.3,3.81,150.49881,39.501,23.8887,24.003,6282.417582,0.9952380952,0.6062052506,0.9240924092,0.006046559438,37.98701133,5.46,0.2136978882,Ideal
0.42,61.9,55,1103 €,4.82,4.78,2.97,68.427612,23.0396,14.3154,14.1966,2626.190476,1.008368201,0.61875,0.8885298869,0.006137873115,16.11922392,4.19,0.2059247776,Premium
1.7,60.6,58,18430 €,7.68,7.71,4.66,275.931648,59.2128,35.7888,35.9286,10841.17647,0.9961089494,0.6055880442,0.9570957096,0.006160946062,66.79190348,6.683333333,0.2140795722,Premium
0.35,62.1,54,747 €,4.55,4.58,2.83,58.97437,20.839,12.8765,12.9614,2134.285714,0.9934497817,0.6199342826,0.8695652174,0.005934781499,12.66651937,3.986666667,0.2051785631,Ideal
1.06,62.2,56,4778 €,6.55,6.48,4.05,171.8982,42.444,26.5275,26.244,4507.54717,1.010802469,0.6216423638,0.9003215434,0.00616644037,27.79552084,5.693333333,0.204162206,Ideal
0.79,61.4,59,3058 €,5.96,5.89,3.64,127.780016,35.1044,21.6944,21.4396,3870.886076,1.01188455,0.6143459916,0.9609120521,0.0061825004,23.93175471,5.163333333,0.2086904481,Premium
0.7,61.4,54,2872 €,5.71,5.75,3.52,115.5704,32.8325,20.0992,20.24,4102.857143,0.9930434783,0.6143106457,0.8794788274,0.006056914227,24.8506538,4.993333333,0.2086646127,Ideal
1.22,62.2,60,4132 €,6.89,6.77,4.25,198.242525,46.6453,29.2825,28.7725,3386.885246,1.017725258,0.6222547584,0.9646302251,0.006154078193,20.84315663,5.97,0.2038877595,Premium
1.13,62.7,55,4746 €,6.69,6.61,4.17,184.401153,44.2209,27.8973,27.5637,4200,1.012102874,0.6270676692,0.8771929825,0.00612794433,25.73736619,5.823333333,0.2008367465,Premium
0.5,62.2,59,1436 €,5.06,5.1,3.16,81.54696,25.806,15.9896,16.116,2872,0.9921568627,0.6220472441,0.9485530547,0.006131436414,17.60948538,4.44,0.2038837797,Premium
0.43,62.6,58,1016 €,4.81,4.77,3,68.8311,22.9437,14.43,14.31,2362.790698,1.008385744,0.6263048017,0.9265175719,0.006247176058,14.76076948,4.193333333,0.2012652043,Premium
0.4,60.8,59,1088 €,4.72,4.76,2.88,64.705536,22.4672,13.5936,13.7088,2720,0.9915966387,0.6075949367,0.9703947368,0.006181851272,16.81463546,4.12,0.2128554518,Premium
0.3,62.5,54,886 €,4.31,4.33,2.7,,18.6623,11.637,11.691,2953.333333,0.9953810624,0.625,0.864,0.00595377371,17.58347836,3.78,0.2020420558,Ideal
0.72,62,52,1922 €,5.71,5.67,3.53,114.286221,32.3757,20.1563,20.0151,2669.444444,1.007054674,0.6203866432,0.8387096774,0.006299972067,16.81742544,4.97,0.2049023546,Premium
2.11,59.9,60,13046 €,8.36,8.41,5.02,352.944152,70.3076,41.9672,42.2182,6182.938389,0.9940546968,0.5986881336,1.001669449,0.005978282932,36.96335504,7.263333333,0.218413154,Premium
0.35,61.7,56,571 €,4.55,4.59,2.82,58.89429,20.8845,12.831,12.9438,1631.428571,0.9912854031,0.6170678337,0.9076175041,0.005942851166,9.695337188,3.986666667,0.2069697793,Ideal
0.57,60.8,59,1918 €,5.34,5.38,3.26,93.657192,28.7292,17.4084,17.5388,3364.912281,0.9925650558,0.6082089552,0.9703947368,0.006086024872,20.47893983,4.66,0.2124644145,Premium
0.63,62.3,56,2961 €,5.48,5.5,3.42,103.0788,30.14,18.7416,18.81,4700,0.9963636364,0.6229508197,0.8988764045,0.006111829008,28.72559634,4.8,0.2033003161,Ideal
0.9,61.6,60,3992 €,6.19,6.14,3.8,144.42508,38.0066,23.522,23.332,4435.555556,1.008143322,0.6163828062,0.974025974,0.006231604649,27.64062862,5.376666667,0.2073884458,Premium
0.31,62.6,58,593 €,4.34,4.29,2.7,50.27022,18.6186,11.718,11.583,1912.903226,1.011655012,0.6257242178,0.9265175719,0.006166672833,11.79624836,3.776666667,0.2016571668,Premium
0.41,61.8,57,999 €,4.78,4.76,2.95,67.12076,22.7528,14.101,14.042,2436.585366,1.004201681,0.6184486373,0.9223300971,0.00610839329,14.8836217,4.163333333,0.2060836859,Ideal
0.3,61.5,60,789 €,4.28,4.31,2.64,48.699552,18.4468,11.2992,11.3784,2630,0.9930394432,0.6146682189,0.9756097561,0.00616022094,16.20138107,3.743333333,0.2084427271,Premium
0.3,62.2,59,776 €,4.31,4.28,2.67,49.252956,18.4468,11.5077,11.4276,2586.666667,1.007009346,0.621653085,0.9485530547,0.006091004974,15.75539953,3.753333333,0.2041199593,Premium
0.53,62.1,57,1721 €,5.16,5.18,3.21,85.799448,26.7288,16.5636,16.6278,3247.169811,0.9961389961,0.6208897485,0.9178743961,0.006177195919,20.05840411,4.516666667,0.2045731964,Ideal
0.41,62.7,57,755 €,4.7,4.74,2.96,65.94288,22.278,13.912,14.0304,1841.463415,0.9915611814,0.6271186441,0.9090909091,0.006217502178,11.44930279,4.133333333,0.200765963,Ideal
0.4,62.4,56,982 €,4.7,4.73,2.94,65.35914,22.231,13.818,13.9062,2455,0.9936575053,0.6235418876,0.8974358974,0.006120031567,15.0246775,4.123333333,0.2029505221,Ideal
1.23,62.4,56,6289 €,6.81,6.87,4.27,199.770669,46.7847,29.0787,29.3349,5113.00813,0.9912663755,0.6242690058,0.8974358974,0.006157060024,31.48109796,5.983333333,0.2025220977,Ideal
0.53,61.8,54,947 €,5.22,5.24,3.23,88.349544,27.3528,16.8606,16.9252,1786.792453,0.9961832061,0.6175908222,0.8737864078,0.0059988991,10.71878764,4.563333333,0.206613089,Ideal
0.43,60.2,57,919 €,4.93,4.91,2.96,71.650648,24.2063,14.5928,14.5336,2137.209302,1.00407332,0.6016260163,0.9468438538,0.006001341397,12.82612266,4.266666667,0.2165599071,Premium
0.54,61.5,56,1637 €,5.24,5.23,3.22,88.244744,27.4052,16.8728,16.8406,3031.481481,1.001912046,0.6150907354,0.9105691057,0.006119344626,18.55067991,4.563333333,0.208156804,Ideal
1.2,61.2,58,10053 €,6.88,6.84,4.2,197.64864,47.0592,28.896,28.728,8377.5,1.005847953,0.612244898,0.9477124183,0.00607138,50.86298595,5.973333333,0.209940126,Premium
1.05,61.8,53,5932 €,6.56,6.57,4.06,174.982752,43.0992,26.6336,26.6742,5649.52381,0.99847793,0.6184310739,0.857605178,0.006000591418,33.90048409,5.73,0.206086454,Ideal
0.31,61,55,1074 €,4.38,4.41,2.68,51.766344,19.3158,11.7384,11.8188,3464.516129,0.9931972789,0.6097838453,0.9016393443,0.005988446857,20.74707072,3.823333333,0.2114781649,Ideal
0.36,62.6,57,648 €,4.54,4.5,2.83,57.8169,20.43,12.8482,12.735,1800,1.008888889,0.6261061947,0.910543131,0.006226553136,11.20779564,3.956666667,0.2013919929,Premium
0.3,62.6,59,526 €,4.26,4.3,2.68,49.09224,18.318,11.4168,11.524,1753.333333,0.9906976744,0.6261682243,0.9424920128,0.006110945437,10.71452433,3.746666667,0.201358716,Premium
0.38,62.3,54.1,1101 €,4.63,4.66,2.9,62.56982,21.5758,13.427,13.514,2897.368421,0.9935622318,0.6243272336,0.8683788122,0.00607321549,17.59634277,4.063333333,0.2024672825,Ideal
0.36,62.4,58,605 €,4.56,4.54,2.84,58.794816,20.7024,12.9504,12.8936,1680.555556,1.004405286,0.6241758242,0.9294871795,0.006122988802,10.29002285,3.98,0.2025485128,Premium
0.35,61.5,56,829 €,4.53,4.55,2.79,57.506085,20.6115,12.6387,12.6945,2368.571429,0.9956043956,0.6145374449,0.9105691057,0.006086312431,14.41586573,3.956666667,0.2085084203,Ideal
0.38,59.7,62,918 €,4.68,4.66,2.79,60.846552,21.8088,13.0572,13.0014,2415.789474,1.004291845,0.5974304069,1.038525963,0.006245218299,15.08713263,4.043333333,0.219194916,Premium
1.36,59.3,58,6017 €,7.21,7.18,4.27,221.048506,51.7678,30.7867,30.6586,4424.264706,1.004178273,0.5934676859,0.9780775717,0.006152495778,27.22026993,6.22,0.221690131,Premium
0.7,61.2,60,1940 €,5.73,5.7,3.5,114.3135,32.661,20.055,19.95,2771.428571,1.005263158,0.6124234471,0.9803921569,0.006123511221,16.97087396,4.976666667,0.2098257547,Premium
0.55,61.7,55,1134 €,5.29,5.31,3.27,91.853973,28.0899,17.2983,17.3637,2061.818182,0.9962335217,0.6169811321,0.8914100486,0.005987764949,12.34568264,4.623333333,0.2069904851,Ideal
1.51,62.5,59,8770 €,7.29,7.34,4.57,,53.5086,33.3153,33.5438,5807.94702,0.9931880109,0.6247436774,0.944,0.006175002802,35.86408912,6.4,0.2022134997,Premium
0.53,62.4,56,2331 €,5.19,5.17,3.23,1039.007704,26.8323,16.7637,16.6991,4398.113208,1.003868472,0.6235521236,0.8974358974,0.00611526732,26.89563797,4.53,0.2029304805,Premium
0.66,60.9,55,1780 €,5.63,5.7,3.45,110.71395,32.091,19.4235,19.665,2696.969697,0.9877192982,0.6090026478,0.9031198686,0.005961308399,16.07746811,4.926666667,0.2120200279,Ideal
2.29,60.1,58,13711 €,8.63,8.58,5.17,382.814718,74.0454,44.6171,44.3586,5987.336245,1.005827506,0.6008134805,0.9650582363,0.005982006157,35.81628228,7.46,0.2170781746,Premium
0.3,61.5,56,1041 €,4.32,4.36,2.67,50.289984,18.8352,11.5344,11.6412,3470,0.9908256881,0.6152073733,0.9105691057,0.005965402574,20.69994693,3.783333333,0.2081272859,Ideal
1.02,62.1,56,3915 €,6.4,6.45,3.99,164.7072,41.28,25.536,25.7355,3838.235294,0.992248062,0.6210116732,0.9017713366,0.0061928076,23.7694527,5.613333333,0.2045222368,Ideal
1.05,60.9,60,5580 €,6.58,6.53,3.99,171.439926,42.9674,26.2542,26.0547,5314.285714,1.007656968,0.6086956522,0.9852216749,0.006124594337,32.54784419,5.7,0.2121622597,Premium
0.32,61.4,58,828 €,4.4,4.36,2.69,,19.184,11.836,11.7284,2587.5,1.009174312,0.6141552511,0.9446254072,0.006200954327,16.04496932,3.816666667,0.2087792974,Premium
1,59.7,59,5139 €,6.57,6.52,3.91,167.490324,42.8364,25.6887,25.4932,5139,1.007668712,0.5974025974,0.9882747069,0.005970494152,30.68236945,5.666666667,0.2192326978,Premium
0.5,62.5,58,1746 €,5.11,5.07,3.18,82.386486,25.9077,16.2498,16.1226,3492,1.007889546,0.6247544204,0.928,0.006068956503,21.19279611,4.453333333,0.2022149793,Premium
0.82,59.7,57,2867 €,6.14,6.12,3.66,137.531088,37.5768,22.4724,22.3992,3496.341463,1.003267974,0.5970636215,0.9547738693,0.005962288323,20.84619588,5.306666667,0.2194216948,Premium
0.56,61.5,55,1334 €,5.3,5.34,3.27,92.54754,28.302,17.331,17.4618,2382.142857,0.9925093633,0.6146616541,0.8943089431,0.006050944196,14.4142135,4.636666667,0.2084508763,Ideal
0.34,62.4,58,626 €,4.42,4.46,2.77,54.605564,19.7132,12.2434,12.3542,1841.176471,0.9910313901,0.6238738739,0.9294871795,0.00622647172,11.46403323,3.883333333,0.202767785,Premium
0.28,60.8,55,787 €,4.26,4.29,2.6,47.51604,18.2754,11.076,11.154,2810.714286,0.993006993,0.6081871345,0.9046052632,0.005892746955,16.56282805,3.716666667,0.2124746774,Ideal
1.01,62.6,59,4872 €,6.38,6.3,3.97,159.57018,40.194,25.3286,25.011,4823.762376,1.012698413,0.6261829653,0.9424920128,0.00632950342,30.53202046,5.55,0.2013884656,Premium
0.42,61.3,57,992 €,4.81,4.79,2.94,67.737306,23.0399,14.1414,14.0826,2361.904762,1.004175365,0.6125,0.9298531811,0.006200423737,14.64481035,4.18,0.2097728288,Ideal
1.08,62,60,6689 €,6.55,6.51,4.05,172.694025,42.6405,26.5275,26.3655,6193.518519,1.006144393,0.6202143951,0.9677419355,0.00625383536,38.73324511,5.703333333,0.2050024411,Premium
0.51,61.1,56,1343 €,5.17,5.2,3.17,85.22228,26.884,16.3889,16.484,2633.333333,0.9942307692,0.6113789778,0.9165302782,0.005984350571,15.75878984,4.513333333,0.2104783745,Ideal
0.7,61.9,56,2367 €,5.7,5.67,3.52,113.76288,32.319,20.064,19.9584,3381.428571,1.005291005,0.619173263,0.9046849758,0.006153149428,20.80643528,4.963333333,0.2056408875,Premium
0.31,61.3,56,557 €,4.36,4.38,2.68,51.179424,19.0968,11.6848,11.7384,1796.774194,0.99543379,0.6132723112,0.9135399674,0.006057121706,10.88327997,3.806666667,0.2092947845,Ideal
0.5,61,56,,5.15,5.17,3.15,83.870325,26.6255,16.2225,16.2855,2572,0.996131528,0.6104651163,0.9180327869,0.005961584148,15.33319443,4.49,0.2110374756,Ideal
0.41,61.3,57,1076 €,4.79,4.77,2.93,66.945519,22.8483,14.0347,13.9761,2624.390244,1.004192872,0.6129707113,0.9298531811,0.006124383023,16.07277105,4.163333333,0.2094803646,Ideal
0.33,60.6,58,752 €,4.47,4.5,2.72,54.7128,20.115,12.1584,12.24,2278.787879,0.9933333333,0.6064659978,0.9570957096,0.006031495372,13.74449855,3.896666667,0.213546394,Premium
1.54,61.9,57,8275 €,7.39,7.5,4.6,254.955,55.425,33.994,34.5,5373.376623,0.9853333333,0.6178643385,0.9208400646,0.006040281618,32.45670805,6.496666667,0.2065516925,Ideal
0.35,62.1,56,745 €,4.52,4.56,2.82,58.123584,20.6112,12.7464,12.8592,2128.571429,0.9912280702,0.6211453744,0.9017713366,0.006021652072,12.81751655,3.966666667,0.2044487906,Ideal
1.53,61.7,57,,7.36,7.41,4.56,248.691456,54.5376,33.5616,33.7896,6005.882353,0.9932523617,0.6174678402,0.9238249595,0.006152201707,36.94939966,6.443333333,0.2067057737,Ideal
0.71,62.7,60,2797 €,5.67,5.71,3.57,115.581249,32.3757,20.2419,20.3847,3939.43662,0.9929947461,0.6274165202,0.956937799,0.006142864921,24.19942702,4.983333333,0.2005707675,Premium
0.31,62.2,55,802 €,4.36,4.35,2.71,51.39786,18.966,11.8156,11.7885,2587.096774,1.002298851,0.6222732491,0.884244373,0.006031379517,15.60376249,3.806666667,0.203713971,Ideal
1.27,61.8,56,6045 €,6.96,6.93,4.29,206.918712,48.2328,29.8584,29.7297,4759.84252,1.004329004,0.6177105832,0.9061488673,0.006137675939,29.21437091,6.06,0.2065410768,Ideal
0.41,61.2,58,1057 €,4.74,4.8,2.92,66.43584,22.752,13.8408,14.016,2578.04878,0.9875,0.6121593291,0.9477124183,0.006171367744,15.91008709,4.153333333,0.2100583371,Premium
1.31,62,53,10556 €,7.06,7.07,4.37,218.125054,49.9142,30.8522,30.8959,8058.015267,0.9985855728,0.618542109,0.8548387097,0.006005729172,48.39425736,6.166666667,0.2060175799,Ideal
0.3,61.9,59,527 €,4.31,4.24,2.65,48.42716,18.2744,11.4215,11.236,1756.666667,1.016509434,0.6198830409,0.9531502423,0.006194870812,10.88232306,3.733333333,0.2053299671,Premium
0.31,61.7,59,558 €,4.39,4.36,2.7,51.67908,19.1404,11.853,11.772,1800,1.006880734,0.6171428571,0.9562398703,0.005998558798,10.79740584,3.816666667,0.2069076553,Premium
0.42,60.2,59,1179 €,4.82,4.84,2.91,67.886808,23.3288,14.0262,14.0844,2807.142857,0.9958677686,0.602484472,0.9800664452,0.006186769011,17.36714444,4.19,0.2160223169,Premium
1.53,61.9,54,8971 €,7.43,7.5,1.53,85.25925,55.725,11.3679,11.475,5863.398693,0.9906666667,0.2049564635,0.8723747981,0.01794526694,105.2202547,5.486666667,0.5099511135,Ideal
0.7,62.5,61,2592 €,5.72,5.57,3.55,113.10442,31.8604,20.306,19.7735,3702.857143,1.026929982,0.6288751107,0.976,0.006188971218,22.91687628,4.946666667,0.2000315107,Premium
0.3,62.2,60,844 €,4.28,4.24,2.65,48.09008,18.1472,11.342,11.236,2813.333333,1.009433962,0.6220657277,0.9646302251,0.006238292804,17.55039709,3.723333333,0.2038863752,Premium
1.26,62.6,55,6350 €,6.96,6.91,4.34,208.726224,48.0936,30.2064,29.9894,5039.68254,1.00723589,0.6258111031,0.8785942492,0.006036615696,30.42262672,6.07,0.2015593121,Ideal
1.6,62.1,58,8852 €,7.51,7.47,4.65,260.863605,56.0997,34.9215,34.7355,5532.5,1.005354752,0.6208277704,0.9339774557,0.006133473468,33.93344196,6.543333333,0.2046187103,Premium
0.39,59.6,60,1097 €,4.75,4.72,2.82,63.2244,22.42,13.395,13.3104,2812.820513,1.006355932,0.5955649419,1.006711409,0.006168504565,17.35089617,4.096666667,0.2203798374,Premium
0.57,61.2,57,1414 €,5.35,5.31,3.26,92.61171,28.4085,17.441,17.3106,2480.701754,1.007532957,0.6116322702,0.931372549,0.006154729245,15.26804764,4.64,0.2103327559,Premium
0.71,62.7,59,2127 €,5.66,5.69,3.56,114.651224,32.2054,20.1496,20.2564,2995.774648,0.9947275923,0.6273127753,0.9409888357,0.006192694463,18.55191707,4.97,0.2006228939,Premium
0.3,62.6,59,709 €,4.27,4.23,2.66,48.045186,18.0621,11.3582,11.2518,2363.333333,1.009456265,0.6258823529,0.9424920128,0.00624412194,14.75694152,3.72,0.20153523,Premium
0.75,61.6,57,1998 €,5.88,5.84,3.61,123.964512,34.3392,21.2268,21.0824,2664,1.006849315,0.6160409556,0.9253246753,0.006050118602,16.11751595,5.11,0.2075901903,Premium
3.01,60.7,59,18710 €,9.35,9.22,5.64,486.20748,86.207,52.734,52.0008,6215.946844,1.014099783,0.6074313409,0.9719934102,0.006190772713,38.48151411,8.07,0.2130221693,Premium
0.3,61.8,59,868 €,4.26,4.29,2.64,48.247056,18.2754,11.2464,11.3256,2893.333333,0.993006993,0.6175438596,0.9546925566,0.006217995975,17.99073502,3.73,0.2066605077,Premium
1.12,60.8,57,4704 €,6.76,6.7,4.09,185.24428,45.292,27.6484,27.403,4200,1.008955224,0.6077265973,0.9375,0.006046070626,25.39349663,5.85,0.2127776018,Premium
0.32,58.1,59,1080 €,4.53,4.49,2.62,53.290014,20.3397,11.8686,11.7638,3375,1.008908686,0.5809312639,1.015490534,0.006004877387,20.26646118,3.88,0.2296660268,Premium
1.22,61.7,54.9,6132 €,6.84,6.9,4.24,200.11104,47.196,29.0016,29.256,5026.229508,0.9913043478,0.6171761281,0.8897893031,0.006096615159,30.64298701,5.993333333,0.206902532,Ideal
0.45,62.3,58,1035 €,4.86,4.84,3.02,71.037648,23.5224,14.6772,14.6168,2300,1.004132231,0.6226804124,0.9309791332,0.006334669188,14.56973913,4.24,0.203469083,Premium
0.33,62.1,58,891 €,4.43,4.39,2.74,53.286698,19.4477,12.1382,12.0286,2700,1.009111617,0.6213151927,0.9339774557,0.006192915162,16.72087094,3.853333333,0.2043464269,Premium
0.58,61.1,57,1884 €,5.39,5.41,3.3,96.22767,29.1599,17.787,17.853,3248.275862,0.9963031423,0.6111111111,0.9328968903,0.006027372376,19.5785682,4.7,0.2106347159,Ideal
0.8,62.9,56,2760 €,5.94,5.87,3.72,129.708216,34.8678,22.0968,21.8364,3450,1.011925043,0.6299745978,0.8903020668,0.006167689485,21.27852872,5.176666667,0.1990499487,Ideal
0.36,61.4,56,684 €,4.56,4.59,2.81,58.814424,20.9304,12.8136,12.8979,1900,0.9934640523,0.6142076503,0.9120521173,0.006120947474,11.6298002,3.986666667,0.2087255306,Ideal
1.23,61.9,55,,6.94,6.88,4.28,204.358016,47.7472,29.7032,29.4464,4474.796748,1.00872093,0.6193921852,0.8885298869,0.006018848803,26.93312505,6.033333333,0.2055308025,Premium
0.82,62.5,57,2832 €,5.91,5.97,3.71,130.898817,35.2827,21.9261,22.1487,3453.658537,0.9899497487,0.6245791246,0.912,0.006264380525,21.63503128,5.196666667,0.2023445969,Ideal
0.51,60.1,59,,5.19,5.16,3.11,83.287044,26.7804,16.1409,16.0476,3876.470588,1.005813953,0.6009661836,0.9816971714,0.006123401378,23.73718534,4.486666667,0.2169823279,Premium
0.34,60.2,58,477 €,4.48,4.52,2.71,54.876416,20.2496,12.1408,12.2492,1402.941176,0.9911504425,0.6022222222,0.9634551495,0.006195739897,8.69225862,3.903333333,0.2162182981,Premium
0.46,62,55,1950 €,4.96,4.98,3.08,76.078464,24.7008,15.2768,15.3384,4239.130435,0.9959839357,0.6197183099,0.8870967742,0.006046389159,25.63143231,4.34,0.2052976858,Ideal
,62.5,55,2378 €,5.82,5.77,3.62,121.564668,33.5814,21.0684,20.8874,3170.666667,1.008665511,0.6246764452,0.88,0.006169555779,19.56160486,5.07,0.2022698233,Ideal
0.32,62.5,60,561 €,4.32,4.38,2.72,51.466752,18.9216,11.7504,11.9136,1753.125,0.9863013699,0.6252873563,0.96,0.006217606271,10.90024099,3.806666667,0.2019561375,Premium
0.82,61.6,56,2692 €,5.98,6.04,3.7,133.64104,36.1192,22.126,22.348,3282.926829,0.9900662252,0.615640599,0.9090909091,0.006135839709,20.1435128,5.24,0.207866394,Ideal
0.33,60.9,56,984 €,4.46,4.48,2.72,54.347776,19.9808,12.1312,12.1856,2981.818182,0.9955357143,0.6085011186,0.9195402299,0.006072005596,18.10561669,3.886666667,0.2122637178,Ideal
1.25,62.8,55,5880 €,6.87,6.82,4.3,201.46962,46.8534,29.541,29.326,4704,1.007331378,0.6281957633,0.8757961783,0.006204409379,29.18554172,5.996666667,0.2000941874,Ideal
0.36,62,57,1006 €,4.54,4.58,2.82,58.636824,20.7932,12.8028,12.9156,2794.444444,0.9912663755,0.6184210526,0.9193548387,0.006139486682,17.15645445,3.98,0.2061322621,Ideal
0.7,61.2,60,1843 €,5.7,5.73,3.5,114.3135,32.661,19.95,20.055,2632.857143,0.9947643979,0.6124234471,0.9803921569,0.006123511221,16.12233026,4.976666667,0.2098257547,Premium
1.63,61.8,57,12910 €,7.5,7.54,4.64,262.392,56.55,34.8,34.9856,7920.245399,0.9946949602,0.6170212766,0.9223300971,0.006212079637,49.20119516,6.56,0.2069730527,Ideal
0.74,62.2,57,2002 €,5.79,5.77,3.59,119.935797,33.4083,20.7861,20.7143,2705.405405,1.003466205,0.6211072664,0.9163987138,0.006169967754,16.69226411,5.05,0.204437265,Premium
0.34,60.4,56,589 €,4.56,4.54,2.75,56.9316,20.7024,12.54,12.485,1732.352941,1.004405286,0.6043956044,0.9271523179,0.005972078775,10.34574823,3.95,0.214827195,Premium
0.32,62.6,58,612 €,4.35,4.31,2.71,50.808435,18.7485,11.7885,11.6801,1912.5,1.009280742,0.6258660508,0.9265175719,0.00629816683,12.04524406,3.79,0.2015435087,Premium
0.38,61.9,54,1257 €,4.7,4.67,2.9,63.6521,21.949,13.63,13.543,3307.894737,1.006423983,0.6189967983,0.8723747981,0.005969952288,19.74797375,4.09,0.2057570161,Ideal
0.94,61.5,55,2571 €,6.34,6.37,3.91,,40.3858,24.7894,24.9067,2735.106383,0.9952904239,0.615263572,0.8943089431,0.005952815276,16.28158306,5.54,0.2080594084,Ideal
0.56,61.2,54,1890 €,5.36,5.32,3.27,93.244704,28.5152,17.5272,17.3964,3375,1.007518797,0.6123595506,0.8823529412,0.006005703016,20.26924768,4.65,0.2098804274,Ideal
0.9,62,59,,6.17,6.21,3.84,147.132288,38.3157,23.6928,23.8464,6043.333333,0.9935587762,0.620355412,0.9516129032,0.006116944229,36.96673296,5.406666667,0.2049175664,Ideal
1.01,61.6,56,3501 €,6.48,6.44,3.98,166.090176,41.7312,25.7904,25.6312,3466.336634,1.00621118,0.6160990712,0.9090909091,0.006081033956,21.07891077,5.633333333,0.2075498087,Ideal
0.41,60.7,56,1356 €,4.85,4.81,2.93,68.352505,23.3285,14.2105,14.0933,3307.317073,1.008316008,0.6066252588,0.9225700165,0.005998317106,19.83833658,4.196666667,0.2134592792,Ideal
1.02,61.9,56,4353 €,6.47,6.51,4.02,169.321194,42.1197,26.0094,26.1702,4267.647059,0.9938556068,0.6194144838,0.9046849758,0.006024053906,25.70853593,5.666666667,0.2054971186,Ideal
1.13,61.4,56,7066 €,6.69,6.74,4.12,185.773272,45.0906,27.5628,27.7688,6253.097345,0.9925816024,0.6135517498,0.9120521173,0.006082683412,38.0356115,5.85,0.2091393205,Ideal
1.11,229.04,54,4101 €,6.61,6.64,4.15,182.14516,43.8904,27.4315,27.556,3694.594595,0.9954819277,0.6264150943,0.8626198083,0.006094040599,22.51500946,5.8,0.2011707706,Ideal
1.27,62.3,56,5547 €,6.93,6.85,4.29,203.648445,47.4705,29.7297,29.3865,4367.716535,1.011678832,0.6226415094,0.8988764045,0.006236237159,27.23811616,6.023333333,0.2035561958,Premium
0.34,61.6,58,596 €,4.45,4.51,2.76,55.39182,20.0695,12.282,12.4476,1752.941176,0.9866962306,0.6160714286,0.9415584416,0.006138090426,10.75971145,3.906666667,0.207641388,Premium
0.4,60.5,59,1050 €,4.8,4.76,2.89,66.03072,22.848,13.872,13.7564,2625,1.008403361,0.6046025105,0.9752066116,0.006057786436,15.9016894,4.15,0.2147238997,Premium
0.3,61.8,58,844 €,4.28,4.26,2.64,48.134592,18.2328,11.2992,11.2464,2813.333333,1.004694836,0.6182669789,0.9385113269,0.006232524003,17.53416753,3.726666667,0.2061984119,Premium
1.35,61.5,58,8062 €,7.15,7.09,4.38,222.03753,50.6935,31.317,31.0542,5971.851852,1.008462623,0.6151685393,0.9430894309,0.006080053223,36.3091771,6.206666667,0.2081440323,Premium
0.85,61.8,54,2635 €,6.07,6.1,3.76,139.22152,37.027,22.8232,22.936,3100,0.9950819672,0.6179129006,0.8737864078,0.006105377962,18.92667168,5.31,0.2064188208,Ideal
0.33,62.3,54,666 €,4.45,4.48,2.78,55.42208,19.936,12.371,12.4544,2018.181818,0.9933035714,0.6226203807,0.8667736758,0.005954305576,12.01687125,3.903333333,0.2035211869,Ideal
1.51,61.7,57,6384 €,7.39,7.36,4.55,247.47632,54.3904,33.6245,33.488,4227.81457,1.004076087,0.6169491525,0.9238249595,0.006101593882,25.79640751,6.433333333,0.2070115163,Ideal
1.01,62.2,58,3597 €,6.4,6.37,3.97,161.84896,40.768,25.408,25.2889,3561.386139,1.004709576,0.6217697729,0.9324758842,0.006240386098,22.22442455,5.58,0.2040336551,Premium
0.5,60.6,59,1655 €,5.1,5.2,3.12,82.7424,26.52,15.912,16.224,3310,0.9807692308,0.6058252427,0.9735973597,0.006042851065,20.00183703,4.473333333,0.214118093,Ideal
0.39,62.2,55,948 €,4.67,4.7,2.91,63.87159,21.949,13.5897,13.677,2430.769231,0.9936170213,0.62113127,0.884244373,0.006106001119,14.84227964,4.093333333,0.2044379445,Ideal
0.34,60.7,57,1148 €,4.53,4.5,2.74,55.8549,20.385,12.4122,12.33,3376.470588,1.006666667,0.6068660022,0.9390444811,0.006087200944,20.55325495,3.923333333,0.2132963431,Ideal
0.3,61.2,55,609 €,4.35,4.37,2.67,50.755365,19.0095,11.6145,11.6679,2030,0.995423341,0.6123853211,0.8986928105,0.005910705203,11.99873156,3.796666667,0.2098460438,Ideal
1.01,58.3,58,5305 €,6.65,6.59,3.86,,43.8235,25.669,25.4374,5252.475248,1.009104704,0.583081571,0.9948542024,0.00597072418,31.36108096,5.7,0.2282994799,Premium
0.41,62.3,55,1431 €,4.78,4.75,2.97,67.43385,22.705,14.1966,14.1075,3490.243902,1.006315789,0.6232948583,0.8828250401,0.006080032506,21.22079638,4.166666667,0.2031023387,Ideal
0.57,60.5,58,1746 €,5.39,5.32,3.24,92.906352,28.6748,17.4636,17.2368,3063.157895,1.013157895,0.6050420168,0.958677686,0.006135210217,18.79311761,4.65,0.2145010819,Premium
0.38,62,57,879 €,4.64,4.66,2.89,62.488736,21.6224,13.4096,13.4674,2313.157895,0.9957081545,0.6215053763,0.9193548387,0.006081095959,14.06653513,4.063333333,0.2041949464,Ideal
0.3,61.8,58,789 €,4.26,4.29,2.64,48.247056,18.2754,11.2464,11.3256,2630,0.993006993,0.6175438596,0.9385113269,0.006217995975,16.35332941,3.73,0.2066605077,Premium
-0.154,62.4,55,1678 €,5.12,5.14,3.2,84.21376,26.3168,16.384,16.448,3290.196078,0.9961089494,0.6237816764,0.8814102564,0.006056017449,19.92548486,4.486666667,0.2027891594,Ideal
1.21,60.4,57,7954 €,6.9,6.93,4.18,199.87506,47.817,28.842,28.9674,6573.553719,0.9956709957,0.604483008,0.9437086093,0.006053781797,39.79485985,6.003333333,0.2147722712,Ideal
1.27,58.8,56,4936 €,7.16,7.06,4.18,211.297328,50.5496,29.9288,29.5108,3886.614173,1.014164306,0.5879043601,0.9523809524,0.006010487743,23.36044685,6.133333333,0.225296486,Ideal
0.9,62.2,58,3580 €,6.18,6.13,3.83,145.093422,37.8834,23.6694,23.4779,3977.777778,1.008156607,0.6222583266,0.9324758842,0.006202900087,24.67375813,5.38,0.2037556834,Premium
1.46,62.4,55,8855 €,7.26,7.22,4.52,236.925744,52.4172,32.8152,32.6344,6065.068493,1.005540166,0.6243093923,0.8814102564,0.006162268293,37.37457927,6.333333333,0.2024722545,Ideal
0.73,61.6,56,4134 €,5.76,5.8,3.56,118.93248,33.408,20.5056,20.648,5663.013699,0.9931034483,0.615916955,0.9090909091,0.006137936416,34.759218,5.04,0.207667745,Ideal
0.74,60.1,58,2206 €,5.89,5.86,3.53,,34.5154,20.7917,20.6858,2981.081081,1.005119454,0.6008510638,0.9650582363,0.006073570871,18.10580722,5.093333333,0.2170506764,Premium
